{"type":"FeatureCollection","provenance":{"title":"Historical fire perimeters near Altadena, 2000 onwards","source":"National Interagency Fire Center, InteragencyFirePerimeterHistory","url":"https://services3.arcgis.com/T4QMspbfLg3qTGWY/arcgis/rest/services/InterAgencyFirePerimeterHistory_All_Years_View/FeatureServer/0","as_of":"all years to present","retrieved_at":"2026-08-13T06:28:27+00:00","family":"historical_fire_perimeters","caveat":"Perimeters only, with no burn severity. The layer lags by roughly a year, so the most recent fires - the Eaton Fire included - are absent."},"features":[{"type":"Feature","geometry":{"type":"Polygon","coordinates":[[[-118.315485127927,34.2511835410278],[-118.313588593021,34.2510095710486],[-118.313360561975,34.2512992082103],[-118.312578547977,34.2513262087059],[-118.311526830087,34.2516286681654],[-118.311315891285,34.2515292953995],[-118.311074496002,34.2513300839516],[-118.310532758885,34.2512565381578],[-118.309990464813,34.2510331173918],[-118.309600710065,34.2513838198324],[-118.309511670851,34.2517087760536],[-118.309061377739,34.2519597165677],[-118.308369508781,34.2519614800549],[-118.307977622332,34.2517376676235],[-118.307946342095,34.2514130189196],[-118.307462928098,34.2508397299235],[-118.307011990894,34.2509158125645],[-118.306770425829,34.250666633194],[-118.306468334077,34.2503176935135],[-118.306137537559,34.2503435099804],[-118.305837462524,34.2505441004209],[-118.305596999692,34.2505946654454],[-118.3051147032,34.2503211136315],[-118.304662855103,34.2501473980445],[-118.304483372608,34.2504226181556],[-118.304545084173,34.2508471077091],[-118.304576531496,34.2512217121437],[-118.303463716488,34.2512744657307],[-118.302741409914,34.2511763585564],[-118.302259388306,34.2509777306437],[-118.301867252125,34.2506789607147],[-118.301385057142,34.2504303717002],[-118.300994368147,34.2505312605322],[-118.300814873075,34.2508064756753],[-118.300274226513,34.2510326295502],[-118.29976204307,34.2508090878996],[-118.299640464181,34.2504596817558],[-118.29945926231,34.2502602999626],[-118.299127211744,34.2499363925528],[-118.298704654116,34.2495377708099],[-118.298312358034,34.249189032876],[-118.297709058473,34.2487159165415],[-118.297166370938,34.2483675442504],[-118.296600982976,34.2479395506888],[-118.29646956484,34.2473316175797],[-118.295980808562,34.2459910735416],[-118.295907207794,34.2450954002881],[-118.29589628967,34.2449625501286],[-118.296078877642,34.243719781359],[-118.296761505629,34.2418289400341],[-118.297996162732,34.2401084792997],[-118.297509563309,34.2389647258134],[-118.295235672204,34.2391992839597],[-118.293928007221,34.2397749417733],[-118.290895041497,34.2397822700303],[-118.288758972617,34.2400163751245],[-118.287518012934,34.2399620809564],[-118.285380557954,34.2397953982133],[-118.284618606032,34.238709488266],[-118.284478991667,34.2381945891571],[-118.283579209434,34.2371089972102],[-118.28275128883,34.2368819444422],[-118.281713494827,34.2357394141049],[-118.281339813635,34.2348107016879],[-118.281087631382,34.2342850047223],[-118.282550760604,34.2340190754894],[-118.284144558768,34.2339795649472],[-118.285480495529,34.2341195398718],[-118.286297646231,34.2337240315528],[-118.287330428533,34.2333995673627],[-118.287803922435,34.2332911033977],[-118.287587051159,34.2328622615219],[-118.287025310357,34.2323626781353],[-118.285859630393,34.2316140647075],[-118.284261369399,34.2303297580649],[-118.283137969543,34.2293305605066],[-118.281668538638,34.227902801106],[-118.280202161108,34.2273695088564],[-118.278848964117,34.2269372655204],[-118.278605264655,34.2264429241944],[-118.278214607999,34.2255493299002],[-118.279422352474,34.2251313500537],[-118.280363651247,34.224148962014],[-118.279973347629,34.2233627105703],[-118.278435426472,34.2236997625347],[-118.27799339786,34.2237966315974],[-118.276827681066,34.2229763710745],[-118.276265360851,34.2222620620937],[-118.277510430326,34.2210427038688],[-118.277839617962,34.2202574893504],[-118.278065961074,34.219717578582],[-118.278234909925,34.2187153581513],[-118.278404329492,34.2178562565236],[-118.278271541425,34.2167831701704],[-118.278269873254,34.2162822582998],[-118.277274277611,34.2147817950233],[-118.276667162006,34.2135308959089],[-118.276570043344,34.2133175299449],[-118.276232628937,34.2126471889033],[-118.275959878857,34.2119983568876],[-118.275267516725,34.2117501439583],[-118.274546322265,34.2118766778566],[-118.274004052447,34.2115531799319],[-118.273670945462,34.2108295430266],[-118.272768622793,34.2107316650747],[-118.27234712338,34.2105577608261],[-118.272225717866,34.2102083280397],[-118.272495417267,34.209932952698],[-118.272823127175,34.2090079904096],[-118.273481222172,34.2079823657784],[-118.274232857842,34.2079806645173],[-118.274683757317,34.2079546627059],[-118.27495319441,34.2076043439761],[-118.275613230667,34.2071781996033],[-118.276153330155,34.2068522401836],[-118.276603231602,34.2065264852925],[-118.276872822307,34.2062261208114],[-118.277141913549,34.205775882998],[-118.277802089943,34.2053996826258],[-118.278762404253,34.204872915778],[-118.279092944751,34.2048221947672],[-118.2798442184,34.2047205424025],[-118.280836172273,34.2046682863902],[-118.281676623476,34.2042666687638],[-118.282397402016,34.2040401775371],[-118.283749859693,34.2039121177522],[-118.285042100603,34.2037592062329],[-118.285793785679,34.2037824121477],[-118.287206703569,34.2037540873349],[-118.287959681322,34.2041519614872],[-118.288142908894,34.2049758324347],[-118.28844553694,34.2055496291066],[-118.288779184711,34.206398119486],[-118.288061676039,34.2075738437143],[-118.287613621528,34.2084241969806],[-118.287343976026,34.2086996069683],[-118.288095359269,34.2086228814545],[-118.289086145332,34.2082208554996],[-118.289836915924,34.2079692682958],[-118.29040729223,34.2077181097438],[-118.290828728761,34.2078669726521],[-118.291432913163,34.208689826657],[-118.291945165776,34.2090133184863],[-118.292544906212,34.2085622471657],[-118.292693571104,34.2080872867184],[-118.293744897328,34.2078099684221],[-118.294555694246,34.2075332294282],[-118.294915330278,34.2072076264952],[-118.29509378061,34.2066576517137],[-118.2949123326,34.2063583463653],[-118.295031179712,34.205958392032],[-118.295542546586,34.2060320799183],[-118.296144195044,34.2061305249795],[-118.296625232099,34.2061293467003],[-118.297016783477,34.2063282178572],[-118.297288522952,34.2066522789129],[-118.297648946807,34.2065514771715],[-118.2980686972,34.2062257151747],[-118.298939146744,34.2058239036355],[-118.299539005758,34.2054227558473],[-118.300439504847,34.2050208587575],[-118.300771111646,34.2052698247804],[-118.30095347953,34.2058189096747],[-118.30095519082,34.2062935077283],[-118.30059620966,34.2067939797337],[-118.300026410072,34.2071950585911],[-118.299757168811,34.2075704107162],[-118.299398086141,34.208045902284],[-118.299037567963,34.2081217301477],[-118.29864769913,34.2083974628016],[-118.298799190121,34.2087218152911],[-118.299520319004,34.2085951369899],[-118.300151429508,34.208518637224],[-118.30087201491,34.2082420781116],[-118.30132200529,34.2079661889384],[-118.301742290181,34.2077902879834],[-118.302403818539,34.2078136146258],[-118.302825006237,34.2078874985041],[-118.303157629928,34.2084112258606],[-118.302918917015,34.208911403732],[-118.302679657925,34.2092617081143],[-118.302440307208,34.209587034927],[-118.30205288269,34.210537205909],[-118.301906252483,34.2115617118772],[-118.302417657984,34.2116353710925],[-118.302809070123,34.2117842671971],[-118.303231183984,34.2121079373239],[-118.303443468462,34.2126069848967],[-118.303324561163,34.2129819682295],[-118.302905160214,34.2134076620542],[-118.302335778343,34.2139336475609],[-118.30233749682,34.2144082437472],[-118.302818580587,34.2144070403268],[-118.303359528983,34.2143307486353],[-118.303960428247,34.2142043454499],[-118.304378371229,34.213378987617],[-118.304467116694,34.2129790992861],[-118.304886964105,34.2126782942518],[-118.305276100812,34.2122027114459],[-118.305062803932,34.2114289001837],[-118.304940895362,34.2109795853367],[-118.304697993604,34.2103307412244],[-118.30451495378,34.2096068100367],[-118.304362347979,34.2089827184429],[-118.304749192185,34.2078826673628],[-118.3049255719,34.2067831457417],[-118.305495893409,34.2065319167922],[-118.306037885647,34.2067553583251],[-118.305978672297,34.2070052976471],[-118.306311585246,34.2076039524614],[-118.306374281365,34.2083032066632],[-118.306826919081,34.208751681442],[-118.307096866417,34.2085761446633],[-118.307155067366,34.2080514376928],[-118.307033887329,34.2078019531626],[-118.307302821365,34.2073516487327],[-118.307692104497,34.2069260164386],[-118.308022728539,34.2069001955739],[-118.30856408477,34.2069487735021],[-118.308986473515,34.207347360631],[-118.309287773851,34.207521443117],[-118.309828393464,34.2073701874147],[-118.310308507949,34.2071191652599],[-118.31096882448,34.2068177219435],[-118.311779647449,34.2065658452697],[-118.312620717592,34.2063638417672],[-118.313281301821,34.2061373220009],[-118.313792589643,34.2061859546023],[-118.313942631651,34.2061106287003],[-118.314632427297,34.2056592149561],[-118.314930813498,34.2050589408475],[-118.315109691427,34.2046588117016],[-118.315739718564,34.2043074629298],[-118.316491793509,34.2044303913702],[-118.316493308069,34.2048300513216],[-118.316495485585,34.2054045636859],[-118.316496054219,34.2055544380937],[-118.316527539271,34.2059290404824],[-118.316710296126,34.2065530387922],[-118.317132911246,34.2070015540863],[-118.317585691794,34.2074749679633],[-118.318037432092,34.2076736138148],[-118.318248460726,34.2078229329486],[-118.31857994176,34.2080218929731],[-118.318761097817,34.2082212470114],[-118.319244819936,34.2089193861984],[-118.319336353772,34.2092688510734],[-118.319307910416,34.2096935689203],[-118.319012372772,34.2100130177993],[-118.319609747046,34.2104354883768],[-118.318920867682,34.210693751954],[-118.31765931502,34.2110217973869],[-118.317239522406,34.2113226484497],[-118.317181190303,34.2117974027163],[-118.317482902966,34.2120713813081],[-118.318025153919,34.2123447260835],[-118.318717745122,34.2126176725379],[-118.31928968809,34.2127910183573],[-118.320161061102,34.212638842042],[-118.320522633004,34.2128377156679],[-118.320554810657,34.2133871694897],[-118.32052637269,34.21381188961],[-118.321068548185,34.2140602420662],[-118.321700546225,34.2142084385749],[-118.322151560685,34.214207238123],[-118.322871156143,34.2136807595804],[-118.323380853049,34.2133047133503],[-118.323755998495,34.213046123486],[-118.324010749031,34.2131684070047],[-118.326275128775,34.2140735978586],[-118.328524013478,34.2144216232558],[-118.32929469972,34.2146471379656],[-118.329838117585,34.2148061470902],[-118.330244800185,34.2154593499164],[-118.331147139023,34.2155318216343],[-118.331660382478,34.2160549748129],[-118.332052561778,34.2163786277929],[-118.332444445532,34.2166273411288],[-118.332565615688,34.216851820372],[-118.332747917995,34.2173259209987],[-118.33323101309,34.2178241733044],[-118.333773253264,34.2180724693653],[-118.333925595858,34.2185716301762],[-118.334197117941,34.2187956912348],[-118.334496910904,34.2185700524362],[-118.334766432438,34.2182945357999],[-118.335066321521,34.2180938737156],[-118.33530546922,34.2177435042815],[-118.335544214473,34.2172932202886],[-118.336052969046,34.216692310725],[-118.336551179194,34.2159865015003],[-118.336983986599,34.2157664836783],[-118.338521064238,34.2153057588447],[-118.340328515013,34.2149428905522],[-118.341450650042,34.2155122053976],[-118.341798864894,34.2164057167434],[-118.342663637085,34.2172262061523],[-118.343573557705,34.2185474775294],[-118.34426519849,34.2191537688928],[-118.345558520072,34.2194363193376],[-118.346810412252,34.2201125547247],[-118.347201329419,34.2208985884112],[-118.34694691126,34.2218653727647],[-118.346347606506,34.222761583583],[-118.346906094508,34.2234421389819],[-118.348247892777,34.223972643237],[-118.349368108106,34.2240409741323],[-118.350404278853,34.2246104540407],[-118.351372560321,34.2247578580353],[-118.353073947012,34.2257716677844],[-118.354633583143,34.2264944625815],[-118.355584279192,34.2272072695033],[-118.356147159956,34.2278854308044],[-118.357029688247,34.228097627952],[-118.357601175769,34.2281209185206],[-118.358203164689,34.2282440335562],[-118.358776048193,34.2285920449795],[-118.359080321055,34.2294154519365],[-118.358902889413,34.230115391876],[-118.358001330313,34.2302679362032],[-118.357460436714,34.2303694507986],[-118.356946517726,34.2297464918964],[-118.356704332824,34.2293725190078],[-118.35631199542,34.2290489478863],[-118.355808606485,34.2287132497779],[-118.355591289644,34.2288531190771],[-118.35503160329,34.2289263227397],[-118.354300826501,34.2292862624135],[-118.354044491336,34.2297879295461],[-118.354219683478,34.2304672324088],[-118.354437194354,34.230967513301],[-118.355558727512,34.2313220202909],[-118.354181919202,34.231719636533],[-118.352547837886,34.2324042236736],[-118.351903477231,34.232835456372],[-118.351081963412,34.2331345874582],[-118.351111182913,34.2342205960482],[-118.351907328308,34.2344115827554],[-118.352057421521,34.2345281270636],[-118.352381198604,34.2347795265308],[-118.352756772546,34.235123681742],[-118.352773350955,34.2361656910318],[-118.352792616224,34.2364702547098],[-118.353599288976,34.2365516120646],[-118.355107854986,34.2367260939129],[-118.356183028786,34.2362935770309],[-118.357382636322,34.2360048150705],[-118.356832440668,34.2370430400379],[-118.356836569325,34.2380090828323],[-118.35641095473,34.2392268490254],[-118.356543552354,34.2407227322955],[-118.356393974775,34.2417271726572],[-118.355390707519,34.2424500302628],[-118.35500817882,34.2426571825928],[-118.353929215027,34.243241468025],[-118.353111535218,34.2434585357763],[-118.35203534722,34.2436763485322],[-118.350829302357,34.2437514099004],[-118.350315148011,34.2444327149956],[-118.349844520633,34.2452212313685],[-118.348986566655,34.2461182035273],[-118.348083123787,34.2464428221635],[-118.346146808785,34.247056631663],[-118.34421061326,34.2477061886549],[-118.34313523105,34.2481385986332],[-118.342475217251,34.248511369885],[-118.341286183785,34.2490383212792],[-118.340606026164,34.2497641835284],[-118.340559842877,34.2505431173066],[-118.339892028108,34.2512452465472],[-118.340136695954,34.2524406355931],[-118.339796212902,34.2534792035832],[-118.338767162201,34.2547343808803],[-118.337046613548,34.255490558118],[-118.335756506137,34.2561381782056],[-118.334683409241,34.2571787631493],[-118.333696183202,34.2581475424735],[-118.33236220387,34.2586163484985],[-118.330682484544,34.2588356277314],[-118.32999287485,34.2588017284754],[-118.328781940457,34.2576958514902],[-118.32722546909,34.2563762189938],[-118.325711859939,34.2549848898918],[-118.323483754167,34.2551616241194],[-118.323086674556,34.2549254086591],[-118.322580514318,34.2551966987227],[-118.321946952311,34.2547237839706],[-118.321586061332,34.2547497215976],[-118.320712811739,34.2545272270922],[-118.320621220411,34.2541777636228],[-118.320168553052,34.2538042757103],[-118.319355862485,34.2536815277245],[-118.318842848101,34.25325823603],[-118.318060724509,34.2532602935237],[-118.317548574305,34.2530618056673],[-118.317155803015,34.2526132126253],[-118.316162073173,34.252341044001],[-118.316040139449,34.2519167179133],[-118.315767896019,34.25151776399],[-118.315485127927,34.2511835410278]]]},"properties":{"family":"historical_fire_perimeters","incident_name":"LA TUNA","fire_year":"2017","acres":7051,"agency":"USFS"}},{"type":"Feature","geometry":{"type":"MultiPolygon","coordinates":[[[[-117.928438274829,34.2103471716782],[-117.928024864746,34.2103087621351],[-117.927611091743,34.2106901638199],[-117.927082585912,34.2109379185413],[-117.926715230656,34.2107659543891],[-117.926922170158,34.2105180082404],[-117.927450772109,34.2101557597015],[-117.927818554963,34.2098315776528],[-117.927842003686,34.2092782011799],[-117.927129990009,34.2092586912076],[-117.926624778392,34.2091438926617],[-117.926303538151,34.2087811300716],[-117.92563739874,34.2088379694636],[-117.925591784087,34.2084753764247],[-117.925936514374,34.2082465972116],[-117.925959854402,34.2078267983101],[-117.925293826382,34.2077691410345],[-117.925271183447,34.2074065612273],[-117.924881015475,34.2070819176533],[-117.924283861288,34.2070624621484],[-117.924100498969,34.2066425340242],[-117.923848128968,34.2063370571587],[-117.923457779536,34.2062223155532],[-117.922745722739,34.2062791106096],[-117.922263396602,34.2062788015533],[-117.92164360487,34.2059158342134],[-117.92132214544,34.2058202135131],[-117.921184474132,34.2056770066237],[-117.920839985491,34.2056481571965],[-117.920633193313,34.2057338926848],[-117.920564072443,34.2059628377046],[-117.920340191613,34.205905443636],[-117.920271492952,34.2056907196077],[-117.919978819138,34.2055187841244],[-117.919686064475,34.2054327192988],[-117.919272852919,34.2052177667287],[-117.919133311317,34.2050771925183],[-117.918622556196,34.2049636624112],[-117.917934716183,34.2049420311021],[-117.917731051939,34.2047937246881],[-117.917272706328,34.2045605751732],[-117.917034266502,34.2043774026386],[-117.916941769672,34.2043063462892],[-117.916840180993,34.2039887725167],[-117.916483388129,34.2041155283206],[-117.916296637364,34.204014255491],[-117.916191486865,34.203963193695],[-117.916025052399,34.203882375444],[-117.915923447551,34.2035859673946],[-117.915745479615,34.2032260085538],[-117.915567190981,34.2031835481682],[-117.91536357794,34.2029929044806],[-117.915083516472,34.2028233736381],[-117.914650494369,34.202759568704],[-117.914345024952,34.2025265160909],[-117.913937416188,34.2025262263378],[-117.913911720778,34.2027378773928],[-117.913758779906,34.2028224367728],[-117.913351255584,34.202737478426],[-117.913198578816,34.2025680325098],[-117.913020600999,34.2022292354974],[-117.913173916469,34.2017848383168],[-117.913378202347,34.2013193140015],[-117.913964417749,34.2010445634314],[-117.914168544626,34.2007272039776],[-117.914168978512,34.2003038659789],[-117.913940185694,34.1998380333216],[-117.913533004529,34.1994355701997],[-117.913839116242,34.199033617075],[-117.914043261983,34.1986950919101],[-117.914094406666,34.1985046267923],[-117.914476803312,34.1982297281095],[-117.914502711623,34.1978064080332],[-117.914833983351,34.1977008070831],[-117.915343616476,34.1975529968854],[-117.915267645054,34.1971084375995],[-117.915598891629,34.1970240025142],[-117.915853503825,34.1971511819005],[-117.916082640697,34.1972783425198],[-117.916490288987,34.1972151225909],[-117.916821576884,34.1970883497247],[-117.916719956764,34.196813110585],[-117.916949684728,34.1963475967109],[-117.916316139789,34.1962571342928],[-117.916260387648,34.1956889406202],[-117.915858302625,34.195879488629],[-117.915571300773,34.1958156799257],[-117.915533346054,34.195497608296],[-117.915380584845,34.1951635552995],[-117.915457456379,34.1948455621996],[-117.915170603647,34.1946386325828],[-117.915132604911,34.1943682671457],[-117.915438898083,34.1942730687627],[-117.915840751341,34.1943051535171],[-117.91605147275,34.1940985703127],[-117.916759602112,34.1940513536437],[-117.917046520421,34.1941946694455],[-117.917410131498,34.1941949191036],[-117.917735608194,34.194052020886],[-117.918233117656,34.1941159668987],[-117.918347771432,34.1942909705726],[-117.91938071633,34.1947846334221],[-117.919763344742,34.1949121052223],[-117.919782343212,34.1950552382636],[-117.920243547262,34.1958733684107],[-117.920294755725,34.1963600042558],[-117.920882456041,34.1966835010515],[-117.921101363798,34.1969218815686],[-117.921355963418,34.1970702152051],[-117.921489491696,34.1973853653622],[-117.921967390936,34.1973766506894],[-117.922363678232,34.1972337860978],[-117.922915058763,34.1970051502375],[-117.923259459369,34.1970912392703],[-117.923449055996,34.1969482419401],[-117.923552726071,34.1965905112766],[-117.923759609878,34.1963759641348],[-117.924069782874,34.1962187294744],[-117.9241560966,34.1960041063421],[-117.924311343447,34.1957465898121],[-117.92467319742,34.1955750739141],[-117.924897388169,34.1952603531441],[-117.924484513481,34.1947162461091],[-117.924055090928,34.1944844098893],[-117.923752755732,34.1946163900856],[-117.923549068131,34.1945104277441],[-117.923370910651,34.1943409801535],[-117.923549437339,34.1941082572089],[-117.923893994251,34.1940941589368],[-117.923916828527,34.1939573638166],[-117.924829729757,34.1938863767033],[-117.924640647864,34.1934712149123],[-117.92414164091,34.1929556766743],[-117.923780019601,34.1928838906909],[-117.923332112414,34.1929981028297],[-117.923022320303,34.1927546027999],[-117.922901944259,34.1925541615203],[-117.922419617223,34.1926397245639],[-117.922298790224,34.1929258829463],[-117.922006075087,34.1928398238408],[-117.92199820854,34.1928149036873],[-117.921709641823,34.1930543190504],[-117.921283271745,34.1931119588979],[-117.920901379951,34.1929000399604],[-117.920572725016,34.1923870008102],[-117.920494422466,34.1922647681348],[-117.920978539844,34.192116915714],[-117.921544021231,34.1921340667597],[-117.921576276139,34.1920094596744],[-117.921800255784,34.1919237340063],[-117.921817666033,34.191723378432],[-117.921593889407,34.1915944275941],[-117.921215026733,34.1915512465331],[-117.921163694302,34.191193416439],[-117.921525535699,34.1910219113427],[-117.921611931171,34.190721417315],[-117.921819113218,34.1901777015689],[-117.922129518878,34.1897485473573],[-117.922233414431,34.1891475172051],[-117.922216911481,34.1883746676276],[-117.922148502077,34.1878593984412],[-117.922028457511,34.1873154702981],[-117.922037941923,34.1873093182484],[-117.921909902351,34.1870960954642],[-117.921393682778,34.1866282414411],[-117.921256267489,34.1862465035043],[-117.921291375447,34.1855404757486],[-117.921108004145,34.1851968707661],[-117.920660242485,34.1851965794672],[-117.920637425276,34.1850439037556],[-117.920637775619,34.1850433813487],[-117.920507901687,34.1848487418008],[-117.920379041953,34.184532603266],[-117.920321874965,34.1842821083523],[-117.920515164566,34.1841476009853],[-117.920305695408,34.1837651622052],[-117.920145328164,34.1833834075961],[-117.920030968136,34.1829158116548],[-117.920008289269,34.1826200195279],[-117.92026146416,34.1819904660046],[-117.920238988312,34.1814847659069],[-117.919929452221,34.1810265825375],[-117.919539604049,34.1805206395971],[-117.919379385027,34.1799957654577],[-117.919587537254,34.1784311435981],[-117.919646038241,34.1772862361963],[-117.918757014231,34.1765939054205],[-117.918126720296,34.1754723852287],[-117.91778326921,34.1745180302332],[-117.917497127045,34.1736591247719],[-117.917181901924,34.173193775189],[-117.916475919536,34.1731932898695],[-117.916148284188,34.1736653528813],[-117.915889608014,34.1740515928712],[-117.91556249908,34.1739941191123],[-117.914426291942,34.1737357059599],[-117.914357826843,34.1733349257726],[-117.915098393472,34.1731923311218],[-117.915322648899,34.172791755712],[-117.914118067392,34.1720610027162],[-117.91282686224,34.1718597140386],[-117.912568880464,34.1715732909524],[-117.912396993224,34.171286930069],[-117.91258687821,34.1708290889556],[-117.912845469943,34.1705287266466],[-117.913465323659,34.1705434836505],[-117.913723379995,34.1707583462276],[-117.913998877123,34.1707585416989],[-117.914309031255,34.1705440841873],[-117.914532726134,34.1706873611451],[-117.914532419808,34.1709879101847],[-117.914824945401,34.1711741697975],[-117.914997351867,34.1709596130053],[-117.914842777857,34.1705730860961],[-117.914843055437,34.1703011607582],[-117.915170293729,34.1702155200564],[-117.915118898416,34.1699578705374],[-117.915325651069,34.1698292089968],[-117.915807767,34.1698295456867],[-117.916100391407,34.1699156208347],[-117.916255113639,34.1701590284808],[-117.916048276545,34.1703735627813],[-117.915858469712,34.1707741630468],[-117.915943930038,34.1714039429579],[-117.915753829456,34.1720907770576],[-117.916011781588,34.1724201298791],[-117.917027571358,34.1725496362284],[-117.917234297061,34.1724495949136],[-117.917510125668,34.1721206130763],[-117.917734450265,34.1716341614302],[-117.917890036676,34.1710045489783],[-117.918217585785,34.1706040375083],[-117.919336916273,34.1704759834359],[-117.919784554864,34.1705192161631],[-117.920249580347,34.1703907182477],[-117.920490952274,34.1700617053444],[-117.921007843787,34.1697042486252],[-117.921027566299,34.1697572227243],[-117.921049976571,34.1697435351133],[-117.921845471586,34.1697139985258],[-117.922423977645,34.1697293985797],[-117.922695312879,34.1695642744759],[-117.923256071822,34.1692190109015],[-117.923545591651,34.168933681841],[-117.923690507873,34.1686182061187],[-117.923781244005,34.1682425891904],[-117.923781517991,34.1679420496998],[-117.923782202507,34.1671912147214],[-117.923793602128,34.1668409711857],[-117.923873880972,34.1661130595042],[-117.924646813002,34.1653601865241],[-117.925109448068,34.1653576675337],[-117.925425909271,34.1653559438575],[-117.92530343566,34.1645717938702],[-117.92525992576,34.1632774337552],[-117.925249853849,34.1629777990291],[-117.925056970286,34.1622947894432],[-117.923836399665,34.159746827974],[-117.924354553311,34.1594609822421],[-117.925693273053,34.1567707774642],[-117.926626555259,34.1548148872694],[-117.926675266406,34.1546573053033],[-117.926956443581,34.1544513892138],[-117.929008332234,34.1527511900111],[-117.929006183464,34.1527475637289],[-117.929008780493,34.15270045773],[-117.929122941095,34.1526055751096],[-117.929158901554,34.1526163878115],[-117.929206006512,34.1525176498383],[-117.929262164692,34.1524503441057],[-117.92934615268,34.1524949338436],[-117.929417733136,34.1524966949523],[-117.929523093841,34.1525397770564],[-117.929708083908,34.1526938370476],[-117.929915366566,34.1528521712755],[-117.929957109481,34.1530463791136],[-117.929825623971,34.1530780647329],[-117.930002875051,34.1531159487435],[-117.930062049774,34.1531074837378],[-117.930079988232,34.1530275199832],[-117.930295737512,34.153079069056],[-117.93032054898,34.1530991019912],[-117.930357847031,34.1531253370411],[-117.930404785801,34.1531929789921],[-117.930462454049,34.1532260026603],[-117.930489443932,34.1532627997672],[-117.930517859441,34.15328501228],[-117.930585751415,34.1532824141299],[-117.930650210028,34.1532934772678],[-117.930705949593,34.1533237362286],[-117.930813822886,34.1533071400404],[-117.930955226695,34.1533228991712],[-117.931093862794,34.1533468720158],[-117.931119092877,34.1533441036313],[-117.931147088873,34.1533624609029],[-117.931303243917,34.1533777152618],[-117.931425368083,34.1534352149519],[-117.931515640685,34.1534867652627],[-117.931564843209,34.1535480360872],[-117.931610942953,34.1535595192046],[-117.931625024944,34.1535891907937],[-117.931617479994,34.1536055356614],[-117.931614379009,34.1536351239749],[-117.931538774998,34.1536347887071],[-117.931534081301,34.1536806378608],[-117.931562077297,34.1537092196022],[-117.931629132939,34.1537205361791],[-117.931707923275,34.1537383886094],[-117.93181973568,34.1537585901369],[-117.931910931749,34.1537769458316],[-117.93192920438,34.1537623620793],[-117.931970525985,34.1538040199536],[-117.932145288732,34.1539063618408],[-117.932246290811,34.1539460927908],[-117.932415017777,34.1540220332246],[-117.932456006107,34.1541857306984],[-117.93252130195,34.1542384536082],[-117.932647365229,34.1542759208044],[-117.932919190044,34.1543229441527],[-117.932937211147,34.1543243677281],[-117.933036788498,34.1542797767259],[-117.933086074566,34.1542386208692],[-117.933160589819,34.1541991428068],[-117.933156480925,34.1542267185765],[-117.933221022183,34.1542652755758],[-117.933266536225,34.1542772618652],[-117.933298220704,34.1542802799953],[-117.933335687637,34.1543460766926],[-117.933311631652,34.1543817842584],[-117.933329483872,34.154397709706],[-117.933331999155,34.1543954468549],[-117.933353289227,34.1544422181307],[-117.933395032142,34.1545026512164],[-117.933410369977,34.1544705476085],[-117.933439287644,34.1544998018414],[-117.933450518382,34.1545092739871],[-117.933499805348,34.1545857156954],[-117.93350843726,34.1545956896123],[-117.933645230016,34.1547195751219],[-117.933773307318,34.1548672641162],[-117.933879589694,34.1549811738705],[-117.934058207112,34.1551079089126],[-117.934194916325,34.1550846896066],[-117.934246967408,34.1550660829354],[-117.934434219432,34.1549425331966],[-117.934621722985,34.1549427011995],[-117.934758934356,34.1551409325754],[-117.934827414727,34.1553005237193],[-117.934877370938,34.1553483850211],[-117.934992537653,34.1555467849333],[-117.934993459324,34.1555941428339],[-117.935085074907,34.1556480379019],[-117.935136622933,34.1556633773354],[-117.935253458717,34.1557805181826],[-117.935548151944,34.1558583309973],[-117.935306812356,34.1550107327104],[-117.934496129525,34.1543744626996],[-117.934570796593,34.1541444989709],[-117.934464511522,34.1539852089433],[-117.934379481489,34.1538613141791],[-117.934358297418,34.1537374541725],[-117.934347767366,34.1535959065595],[-117.934326625516,34.153418968922],[-117.93439054514,34.1533216933923],[-117.934528952169,34.1532244593805],[-117.934972888802,34.1533628125263],[-117.935161960813,34.1531469734614],[-117.935280104545,34.1530456104456],[-117.935303802102,34.1529376526637],[-117.935344384393,34.1528568264109],[-117.93561494977,34.1526237236473],[-117.936024252756,34.1526075815368],[-117.936315670726,34.1523558053979],[-117.936516368734,34.1523722687048],[-117.93692958029,34.1523888442615],[-117.938109742892,34.1523209414768],[-117.938338542897,34.1523077766222],[-117.938908734151,34.1515302221268],[-117.939781962184,34.1512395915104],[-117.940123119871,34.1511949825245],[-117.940180386572,34.151142766207],[-117.940252295812,34.1510121951636],[-117.940476743479,34.1509815183211],[-117.941047877964,34.150898314253],[-117.941954224186,34.151188632325],[-117.942291249623,34.1512250281355],[-117.942613804997,34.1511768693635],[-117.94282304778,34.1511214080518],[-117.943051794784,34.151065997999],[-117.943221181114,34.1510249676994],[-117.943366513255,34.1509453201531],[-117.944011750666,34.1506581577793],[-117.944015799373,34.1506777511879],[-117.944047310476,34.1506656781517],[-117.944253826872,34.1507516442279],[-117.944270879591,34.150994953984],[-117.944442958172,34.1510952147539],[-117.944460020772,34.1513242136645],[-117.944413677585,34.1516215108478],[-117.944464020072,34.1516211242771],[-117.945040224648,34.1521340998151],[-117.945303843353,34.1525201268381],[-117.94541284493,34.1529935788902],[-117.945191886319,34.1532307462386],[-117.945573344227,34.1536343649763],[-117.946042145329,34.1538294972744],[-117.946782111883,34.1542734921759],[-117.947057410483,34.1545026028966],[-117.947367194509,34.1546458565306],[-117.947728579561,34.1548606889497],[-117.947590596537,34.1552756735058],[-117.9476248484,34.1555619244185],[-117.948038126432,34.1553903610197],[-117.948347888898,34.1555765472587],[-117.948691837651,34.1561634785112],[-117.948640005757,34.1564640056675],[-117.948949730494,34.1567217491495],[-117.949380080109,34.1567934900788],[-117.949879334998,34.1567936982195],[-117.950085819952,34.1569655241461],[-117.950171782437,34.1571659243479],[-117.950292096498,34.1574951473334],[-117.950205744144,34.1579530905003],[-117.949740749204,34.1582248222037],[-117.949189594149,34.1586253225338],[-117.948707271605,34.1590687867499],[-117.94903422064,34.1593265378915],[-117.949636762023,34.1593697242952],[-117.950101652759,34.1592840472297],[-117.950032949606,34.1590120944463],[-117.950084821026,34.1586400072843],[-117.950394813461,34.1584683936448],[-117.950842279575,34.158726189733],[-117.951691467793,34.1589990480824],[-117.951770746812,34.1589199425184],[-117.952280442819,34.1590048951966],[-117.95268976467,34.1590731167032],[-117.953363493946,34.1595827480558],[-117.953669355029,34.1604997324301],[-117.955139707605,34.1609587192807],[-117.956671297435,34.1615195851021],[-117.957421627852,34.1619565925565],[-117.959734220177,34.1633034374491],[-117.961243090715,34.1644229816386],[-117.962000702877,34.164985090265],[-117.962483088303,34.1653664613295],[-117.963441789239,34.1662384778477],[-117.963825821717,34.1662889983376],[-117.964007638036,34.1665242798218],[-117.964229798592,34.1669611937327],[-117.964492517185,34.1670956883605],[-117.964977508624,34.1674150644878],[-117.965401966189,34.1674823947126],[-117.965361356948,34.1679192308248],[-117.965058024623,34.1682215780026],[-117.964754718349,34.1684567165976],[-117.964390770403,34.1686918366994],[-117.964249019844,34.1692798607797],[-117.9641476261,34.1700359162999],[-117.963884790726,34.1701534519359],[-117.963500662127,34.1702877512076],[-117.962934585158,34.1704555971253],[-117.96287382401,34.1707244092889],[-117.962530096243,34.1709091228104],[-117.961984207113,34.1711273780608],[-117.961175237369,34.1719672150698],[-117.960952836064,34.1720511534946],[-117.96081142956,34.1718494842612],[-117.96079582223,34.1714424571814],[-117.960672437728,34.1714386875152],[-117.960488837355,34.1712955099395],[-117.96015593788,34.1713049422962],[-117.959857361236,34.1715529145688],[-117.959202899026,34.1718580142784],[-117.958904336755,34.1720678203211],[-117.958950089749,34.1724017797238],[-117.958915571984,34.1725639677567],[-117.958628589895,34.1725638696515],[-117.958467974716,34.1723729902619],[-117.958238427313,34.1722965817515],[-117.95772185021,34.1723154848876],[-117.957090011172,34.172339499906],[-117.957093128326,34.1723489856581],[-117.956566564653,34.1731601424616],[-117.956668924086,34.173586478821],[-117.956703011558,34.1742639181311],[-117.956559116721,34.1750171576138],[-117.956484304125,34.1754087862749],[-117.9559213497,34.1762577508788],[-117.955483316794,34.1769696040907],[-117.954709874521,34.1769108763407],[-117.954293597913,34.1771492510596],[-117.954092461528,34.1775785303112],[-117.954293218824,34.1778409886849],[-117.95452272221,34.1780199723748],[-117.954651619673,34.1784851556281],[-117.954480357661,34.1787428653212],[-117.954506420482,34.1788731928261],[-117.954127506604,34.1789970843283],[-117.954184798458,34.1791974723614],[-117.954287995121,34.1794264998383],[-117.954035370897,34.1795313582165],[-117.953989276543,34.1798462015919],[-117.953920258081,34.180094246863],[-117.953702109401,34.1801323275773],[-117.953598824703,34.1800654994126],[-117.953599179537,34.1794262375027],[-117.953312184872,34.1794070453836],[-117.953231881774,34.1793020612566],[-117.953186120695,34.1790158068609],[-117.953392779923,34.1789872626701],[-117.953748665489,34.1789873994123],[-117.953944060741,34.1787530623067],[-117.953761779095,34.1787233505124],[-117.952771675752,34.1786156277056],[-117.952441465834,34.1788898085132],[-117.952369306862,34.1796053709207],[-117.951981422407,34.1803446628039],[-117.952024268453,34.1807024750113],[-117.952468775517,34.181334755822],[-117.952439671898,34.1820384102691],[-117.952295653992,34.1829328419552],[-117.952410168529,34.1834457283091],[-117.952352662876,34.1836246027602],[-117.952008238016,34.1836244660255],[-117.951434239703,34.183552678788],[-117.951175800684,34.1837553262396],[-117.951161226417,34.184136969184],[-117.951519868014,34.1843756445139],[-117.951447930926,34.1846857042211],[-117.951074617145,34.1849956446339],[-117.950844779586,34.1853652733414],[-117.950413907152,34.1859256448153],[-117.95025556471,34.1867246567279],[-117.950315569476,34.1868120232333],[-117.950301892626,34.1868133935011],[-117.950275036592,34.1873125484647],[-117.950716436383,34.187424384316],[-117.950899967586,34.1877106956362],[-117.950907515231,34.1879080824558],[-117.950674741978,34.1882082900169],[-117.95010991726,34.1885407714565],[-117.949529014495,34.1888785876224],[-117.949006804955,34.1891714850777],[-117.948742932027,34.1893790106787],[-117.94831777198,34.1897133778728],[-117.947719271218,34.1899990134055],[-117.947017659134,34.1902279394809],[-117.946925491985,34.1907240432921],[-117.946466084566,34.1909337474373],[-117.945776964454,34.1912578416613],[-117.945750606985,34.1912600203019],[-117.945744630493,34.1914258241988],[-117.945629793461,34.1914543961323],[-117.945480559038,34.1914066244069],[-117.945405432032,34.1912885477082],[-117.94531766573,34.1912958006764],[-117.944973057614,34.1915246333223],[-117.944900648013,34.1917808103917],[-117.944444432307,34.1922113593654],[-117.944054196961,34.1919821897522],[-117.943732920788,34.1916576383621],[-117.943250731195,34.191581084587],[-117.943043924643,34.19177181278],[-117.942883022003,34.1920007243836],[-117.943043534775,34.1923442845592],[-117.942882656389,34.1925350333176],[-117.94260704787,34.1925921496736],[-117.942220963639,34.1925542194777],[-117.942381091931,34.1927993547798],[-117.942335412599,34.1928650597798],[-117.942229517397,34.192963723067],[-117.942168955675,34.1929328407861],[-117.942101945847,34.192951237003],[-117.941940569794,34.1933360475205],[-117.941572901925,34.1936793548255],[-117.941549629271,34.1941182398304],[-117.941503540307,34.1943472067362],[-117.941319836628,34.1943280351015],[-117.941205189139,34.1940799068549],[-117.940906500206,34.194289668042],[-117.940424231561,34.1943085149817],[-117.94010274069,34.1942892742364],[-117.939597671905,34.1940791147835],[-117.938702011142,34.1941359128197],[-117.938655732634,34.1946129498725],[-117.93854076804,34.194803715047],[-117.938150354828,34.194822599023],[-117.938173601431,34.1944409628179],[-117.937898155507,34.1942690801798],[-117.93753076342,34.1942116424844],[-117.937300931252,34.1944595949887],[-117.937241584052,34.1947053704415],[-117.937499688898,34.1948190830298],[-117.937821096225,34.1949528273834],[-117.937866854609,34.1951818403195],[-117.937568198015,34.1953343453607],[-117.937085777555,34.1955440023769],[-117.93697076535,34.1957920133769],[-117.937108426778,34.1959638282685],[-117.937429965259,34.1959258290028],[-117.937590535523,34.1961739852532],[-117.937613228764,34.1965365621068],[-117.936993184605,34.1965171584078],[-117.93653364693,34.196822237685],[-117.936303645878,34.1972800952641],[-117.936280388495,34.1976617327365],[-117.936050485359,34.1979860128577],[-117.93554518391,34.1980620748988],[-117.935453071559,34.1983864255506],[-117.935693766157,34.1987703516254],[-117.935877487802,34.1987491518903],[-117.935974126763,34.1988742356743],[-117.93621052921,34.1989211361015],[-117.936784719763,34.1988641904618],[-117.936858066308,34.1988610208701],[-117.93688948219,34.1986661969999],[-117.93705458715,34.1986126147099],[-117.937162190948,34.1986782668858],[-117.93725562472,34.1988483737078],[-117.937657407909,34.1988837258728],[-117.937840951688,34.1991318927355],[-117.937810186186,34.1994237656675],[-117.938195161896,34.1993407207967],[-117.938360207567,34.199370621477],[-117.938625701954,34.1995651985351],[-117.938651130565,34.1993239159619],[-117.939109722314,34.1992606463007],[-117.939237326203,34.1989432073188],[-117.939441289587,34.1987104733005],[-117.939517170279,34.1985217096696],[-117.939483423269,34.1985041616792],[-117.939362945714,34.1984415118019],[-117.939391816669,34.1982149217094],[-117.939506722872,34.1981076406145],[-117.939707664323,34.1981196674866],[-117.939803362749,34.1981809103702],[-117.939951236224,34.1980757215089],[-117.940333654431,34.1976525722924],[-117.940384753299,34.1974409285316],[-117.940257594974,34.1971445290404],[-117.940385447697,34.1964672519099],[-117.940640229674,34.1964038753406],[-117.941073313761,34.1963617540472],[-117.941430288085,34.1958750877485],[-117.941939922109,34.1956424990659],[-117.942118046351,34.1959177531721],[-117.942092323093,34.1962775782683],[-117.942270389844,34.1966375021352],[-117.9425761054,34.1965953118587],[-117.943136500525,34.1966379107901],[-117.943365635601,34.19682851981],[-117.943406610456,34.1969513603362],[-117.943569512746,34.1970123633347],[-117.943554924106,34.1973582264608],[-117.943583528262,34.1975132842324],[-117.943741343392,34.1976206961086],[-117.943726869736,34.1977995873071],[-117.943367991882,34.1978590531721],[-117.943281709597,34.1980975433009],[-117.943138149832,34.1981332561337],[-117.942994655643,34.1980735564183],[-117.942902199238,34.1977886689433],[-117.942895017207,34.1977916654566],[-117.942549583539,34.1981193160496],[-117.942600299725,34.1984580114426],[-117.943084240135,34.1985640743282],[-117.943491887526,34.1984795983501],[-117.94354212491,34.1986553545334],[-117.943812500743,34.1985271461429],[-117.943984750902,34.1985152991331],[-117.944156882483,34.198682350363],[-117.944343441008,34.198742068965],[-117.944429720598,34.1985035784302],[-117.944573336059,34.198384379347],[-117.944716784433,34.1985156364515],[-117.944659197034,34.1987779932768],[-117.944529942041,34.1988852735188],[-117.944572758442,34.1992550144694],[-117.944500862677,34.1994458062909],[-117.94419943478,34.1994456680959],[-117.944070409756,34.1992070770193],[-117.943553627837,34.1992783962257],[-117.943338240578,34.1993975613537],[-117.943186486381,34.1993974892842],[-117.942692044665,34.1998027595697],[-117.942319187228,34.1997490583821],[-117.942005834196,34.1998139904676],[-117.94206031073,34.2000409878729],[-117.941929535787,34.2002001582913],[-117.942089489807,34.2003627884481],[-117.942089284991,34.2006591253605],[-117.942496593717,34.2010826577193],[-117.9426121503,34.2011883933688],[-117.942719810692,34.2011743222844],[-117.942877624026,34.2012936615589],[-117.942863016522,34.2016633785741],[-117.942584916076,34.2015915219926],[-117.9425471518,34.2016541888461],[-117.942394122893,34.2019081173993],[-117.942349605981,34.2023489224691],[-117.942431857525,34.2024383976471],[-117.942302504615,34.2026768659068],[-117.94214012245,34.2026852211842],[-117.942087831517,34.2027546466283],[-117.942087552141,34.2031568190135],[-117.941776806918,34.2034147066736],[-117.941770744188,34.2036116510864],[-117.941581038864,34.2039335769625],[-117.941554985925,34.2042412668466],[-117.941434396979,34.2042555209256],[-117.941267465745,34.2040621010544],[-117.941169513446,34.204447556256],[-117.941296671771,34.2047651223565],[-117.941245466004,34.2051249342106],[-117.940964985921,34.2054634669884],[-117.941168634894,34.2056964022712],[-117.941168406722,34.2060187035353],[-117.941217818554,34.2060443939151],[-117.941260742753,34.2062447823235],[-117.941183165144,34.2063306152708],[-117.941019514557,34.2063376916152],[-117.940921196644,34.2062831654875],[-117.940913447776,34.2062889513774],[-117.940825049061,34.20623473056],[-117.94082773682,34.2062057713708],[-117.940760691957,34.2061407082531],[-117.940582521002,34.205907786085],[-117.940506015981,34.2060135825458],[-117.940174651727,34.2062462555419],[-117.940049866751,34.206349807207],[-117.940140926276,34.2064302865484],[-117.940339010186,34.2064518520985],[-117.940450875592,34.2065950264686],[-117.940476552138,34.2068240270972],[-117.940381746638,34.2069098520255],[-117.93999414605,34.2069311277148],[-117.93998527339,34.2072889192522],[-117.939890515501,34.2073103412001],[-117.939606294833,34.2072958877935],[-117.93958888728,34.2075463351506],[-117.939347736338,34.2075247468503],[-117.939235782898,34.2075032224349],[-117.939270114711,34.2076678257911],[-117.939442310073,34.2077609385576],[-117.939381919031,34.207896871794],[-117.93919238349,34.2079611802464],[-117.938598239557,34.2077390464617],[-117.938460524231,34.2076101698926],[-117.93826239271,34.2076530039617],[-117.938236257125,34.2080537213925],[-117.937943351546,34.2081322868632],[-117.937641912869,34.2081035088525],[-117.937552855688,34.2079423987631],[-117.937448888271,34.2078749886483],[-117.937447418627,34.207874727887],[-117.937436734065,34.2078671093475],[-117.937090928494,34.2076205387154],[-117.936632483171,34.2074297973403],[-117.936275915783,34.2072814418137],[-117.935664174753,34.207662122459],[-117.935434912116,34.2076196680226],[-117.935282180551,34.2074502497504],[-117.935358973033,34.2069846185392],[-117.935651386336,34.206596461792],[-117.935561597029,34.2065537698268],[-117.934367218587,34.2066103744721],[-117.934091541796,34.2066865535428],[-117.934045336051,34.2070300137617],[-117.933815653901,34.2070298874658],[-117.933586155007,34.2068007737299],[-117.932759321365,34.2067812334673],[-117.932345974163,34.2066855907182],[-117.932138951118,34.2070671239517],[-117.931955098318,34.2072005977705],[-117.931380861951,34.2072384389139],[-117.930829691625,34.2071617952766],[-117.930347472388,34.2070279410228],[-117.930186613765,34.2071232609578],[-117.929910884871,34.207256678969],[-117.929681025753,34.2074664512055],[-117.929887612217,34.2076192319333],[-117.930232121519,34.2076385142112],[-117.930438580422,34.2079439507002],[-117.930966868861,34.2079251699559],[-117.931449125828,34.2080208581016],[-117.931816572712,34.2080783131341],[-117.931954086815,34.2084409569129],[-117.932160818807,34.2084219912961],[-117.932459594877,34.2081931681064],[-117.932849980241,34.2082887980013],[-117.932987577888,34.2085560290619],[-117.932849550847,34.2088231047517],[-117.932367180692,34.2088610023701],[-117.931861840615,34.2088988843705],[-117.931609309816,34.2087460814466],[-117.931035176755,34.2086503421211],[-117.930851331142,34.208764733486],[-117.930070496633,34.2086497879155],[-117.930253990106,34.2089552140536],[-117.9302766546,34.2093177931418],[-117.930000982301,34.2093748825279],[-117.929404246729,34.2088402263975],[-117.92908299481,34.2084774721581],[-117.928646593245,34.208477216599],[-117.928714978395,34.2090878944378],[-117.929725036914,34.2097563701573],[-117.930390608589,34.2103864763832],[-117.930298142302,34.2110924744056],[-117.930205898797,34.2115313163075],[-117.930067747788,34.2119319677544],[-117.929539369518,34.2120270748814],[-117.929011218521,34.2118550238067],[-117.928414243099,34.2115875186849],[-117.928529660443,34.2109197008265],[-117.928438274829,34.2103471716782]]],[[[-117.916254773177,34.1651402699821],[-117.915250967831,34.1646028783023],[-117.914102839151,34.1649002313119],[-117.913385541583,34.1648102703372],[-117.912309707521,34.1645709643572],[-117.911700431468,34.1640934593587],[-117.911736804254,34.1636164258845],[-117.911759310645,34.1627158578597],[-117.91252817151,34.1629561681008],[-117.913826030483,34.1629770802529],[-117.9152686871,34.1624186800105],[-117.916255127113,34.1614004259285],[-117.916616938865,34.1601020262503],[-117.918371928927,34.1595837634516],[-117.918842399099,34.1599838135671],[-117.919845541489,34.1611771348003],[-117.920848659624,34.1624300794142],[-117.920883540308,34.163473674331],[-117.920560208789,34.1640101567148],[-117.920415878269,34.1649045505601],[-117.920379073394,34.1658884637487],[-117.919912420163,34.166245952236],[-117.919552916183,34.1670805710115],[-117.918225823336,34.1669604155288],[-117.917473104298,34.1663933943711],[-117.916541402228,34.1654684480361],[-117.916254773177,34.1651402699821]]]]},"properties":{"family":"historical_fire_perimeters","incident_name":"FISH","fire_year":"2016","acres":4246,"agency":"USFS"}},{"type":"Feature","geometry":{"type":"Polygon","coordinates":[[[-118.06682246874,34.4362497878327],[-118.066741978793,34.4361091977537],[-118.066094248557,34.4349779182919],[-118.066071159159,34.434723088331],[-118.065956288889,34.4334551683441],[-118.065894018572,34.4320814276649],[-118.065224208645,34.4320873076676],[-118.065220129395,34.4320873476776],[-118.065220088971,34.4320873076676],[-118.063689137843,34.4305191379488],[-118.063644347843,34.4303431478264],[-118.063438067704,34.4295328276827],[-118.063661578428,34.4283447082838],[-118.063590978033,34.4281458482193],[-118.063426457877,34.427682408131],[-118.062792647935,34.4270748079822],[-118.062656767867,34.4269445583127],[-118.062300187903,34.4270068682173],[-118.061622227562,34.4271253281897],[-118.060391908423,34.4282242783397],[-118.059295036715,34.4289301779723],[-118.059308088338,34.4294087776797],[-118.059313248261,34.4295978178964],[-118.059303667729,34.4296135979026],[-118.059171018002,34.4298321177481],[-118.0590986084,34.4299513976493],[-118.059017068322,34.430085728207],[-118.059017027898,34.4300857178338],[-118.059000967817,34.4300847879472],[-118.058414667076,34.43005051773],[-118.058317357072,34.4300448280071],[-118.058313627267,34.4300421079949],[-118.057792357366,34.4296598879785],[-118.057122177333,34.4291684882545],[-118.057121686853,34.4291681281511],[-118.056929977388,34.429012538123],[-118.056829727199,34.4289311678891],[-118.055479606938,34.4290746279046],[-118.054845717046,34.4297765281271],[-118.054459926564,34.4302036888653],[-118.053825116797,34.4303308192718],[-118.053428596837,34.4304102290909],[-118.051755395687,34.4301610393525],[-118.051193805803,34.4297704990313],[-118.050078866279,34.4296483091639],[-118.04903089616,34.4287977387024],[-118.048954085712,34.4287353990124],[-118.048729316448,34.4286508290514],[-118.04775557502,34.4282844088639],[-118.045285585281,34.4279101291392],[-118.042551683986,34.4272195293522],[-118.041826754331,34.4270311091378],[-118.041051593581,34.4268296392006],[-118.040938033953,34.4267435986989],[-118.040905574228,34.4274202988748],[-118.04039387408,34.4276914190275],[-118.039733304224,34.4280414087255],[-118.039641473944,34.4280900588988],[-118.037572353807,34.4279758289762],[-118.035654952834,34.4272672389713],[-118.035638732853,34.4259494089282],[-118.03532149281,34.4248813089617],[-118.035306833203,34.4248319292668],[-118.035033223436,34.4239209590647],[-118.034892252615,34.4234516586638],[-118.034892242733,34.4234516290236],[-118.034248023114,34.4227981192399],[-118.033720582685,34.4227056492838],[-118.033613952661,34.4226869587641],[-118.03281359237,34.4225466289377],[-118.032726771994,34.4219543186696],[-118.03272673157,34.4219543090364],[-118.032168561572,34.4218271992364],[-118.032168522046,34.4218271888621],[-118.032991562102,34.4212353788756],[-118.033744962063,34.4206936389898],[-118.032622092213,34.4193392187114],[-118.032470161945,34.418163418178],[-118.032438941896,34.4179217877299],[-118.032426032207,34.4168691779082],[-118.032426032207,34.4168691282569],[-118.032351131577,34.4152676981143],[-118.032351131577,34.4152676677301],[-118.032145121831,34.4148880480539],[-118.031955491966,34.414538628026],[-118.031680931781,34.4138784276913],[-118.031500250933,34.4134439682587],[-118.030352240831,34.4133138981909],[-118.029619780599,34.4132309082076],[-118.02852197105,34.4137893880104],[-118.026912091246,34.4140460181561],[-118.026671210698,34.4140844183438],[-118.026109400726,34.4141739579439],[-118.025241981199,34.414636799268],[-118.023898469844,34.415307009265],[-118.023898440199,34.415307018899],[-118.021285140426,34.4161855292941],[-118.021285090121,34.4161855493029],[-118.019619440209,34.4165289086849],[-118.017559458634,34.4171391488042],[-118.017441469413,34.4171523693175],[-118.016288938988,34.4172815389574],[-118.015735718707,34.4172462593562],[-118.015309948703,34.4173785887229],[-118.013703098917,34.4179030798377],[-118.013439399364,34.4179891501871],[-118.011779769063,34.4177740297266],[-118.010441608073,34.4167322701843],[-118.009815598202,34.4160716002838],[-118.00932273842,34.4155514500114],[-118.008534208043,34.4142763093369],[-118.008432457668,34.4136886189915],[-118.008432457668,34.4136885789726],[-118.007125567033,34.4134192387241],[-118.006963106714,34.4133857590919],[-118.006658126878,34.4134009188986],[-118.005777467083,34.4134446989764],[-118.00530088657,34.4125059386635],[-118.005145637028,34.412502159047],[-118.004663827422,34.4124904192603],[-118.003825857365,34.4120658893564],[-118.003825816941,34.4120658789809],[-118.002188716387,34.4115615887408],[-118.002188666082,34.4115615687308],[-118.001208475648,34.4108505391905],[-118.000888565812,34.4102203192417],[-118.000695886167,34.4086111488412],[-118.000695876285,34.4086111191957],[-118.000717616413,34.4075179886544],[-118.001159406073,34.4067377493137],[-118.002470496332,34.406094188663],[-118.004328465665,34.4047558287886],[-118.004365965836,34.4046345191935],[-118.004437425919,34.4044033187296],[-118.004437396274,34.4044033090944],[-118.004390205976,34.4043865089229],[-118.003108416067,34.4039303689337],[-118.002873006258,34.4037879486391],[-118.000294274556,34.4022278889631],[-118.000271565146,34.4022141591152],[-117.996304035319,34.4022886993247],[-117.996303985013,34.4022886993247],[-117.996273704602,34.4023628688721],[-117.99627369472,34.4023628992609],[-117.995629823647,34.4023879292819],[-117.99554637375,34.4023911690273],[-117.995384514404,34.4026141189486],[-117.995361035138,34.4035635491319],[-117.995687275401,34.4047401693487],[-117.995687285283,34.4047402086307],[-117.996086315135,34.4062038592347],[-117.99586344491,34.4063564588974],[-117.995363474962,34.4066987491252],[-117.994252994676,34.4067077793295],[-117.993498125071,34.4074330199893],[-117.992953495379,34.4083290602288],[-117.991683753674,34.4095474500798],[-117.99168372403,34.4095474797249],[-117.99108613416,34.4101284897876],[-117.990997553985,34.4102146096412],[-117.989955164201,34.4101079703309],[-117.98970744388,34.4099604897839],[-117.988906553583,34.4094836701063],[-117.988551773843,34.408824949936],[-117.988267384292,34.4082520099753],[-117.988267423818,34.4082519699539],[-117.988711073889,34.4076156196898],[-117.989412113747,34.4078990499518],[-117.989548003696,34.4079539996906],[-117.990073943939,34.4084099398692],[-117.990612413883,34.4080929999419],[-117.990866644295,34.4079433502262],[-117.991205884079,34.4072789800171],[-117.99151475362,34.4069888498806],[-117.992339083657,34.4062631191715],[-117.992339073776,34.4062630791491],[-117.99222889361,34.4057462490549],[-117.991737313927,34.4052612592068],[-117.991737284282,34.4052612391953],[-117.991649403895,34.4051932187076],[-117.991001753609,34.4046919488096],[-117.989901194317,34.4040884789388],[-117.989709423766,34.4039833289961],[-117.989454064172,34.4039971289655],[-117.98908521412,34.4040170688388],[-117.988157793421,34.4048299902197],[-117.988157762878,34.4048300102313],[-117.987332723172,34.4054981901985],[-117.987310903093,34.4065914101306],[-117.987078843103,34.4075137396674],[-117.986388203041,34.4078069600317],[-117.985521943239,34.4079290002394],[-117.984929102762,34.4080040400745],[-117.984551733088,34.4080517999384],[-117.984058082788,34.4081715200218],[-117.983202103307,34.4083791100231],[-117.982884863264,34.4083816602784],[-117.981987522652,34.4083888797015],[-117.981705173175,34.4079883901363],[-117.982009422681,34.407295660283],[-117.982009463105,34.407295640272],[-117.982146853241,34.4072075096427],[-117.983008393294,34.4066548298855],[-117.984007943321,34.40607152034],[-117.984184313154,34.4058961302369],[-117.984591123315,34.4054915901385],[-117.984591123315,34.4054915501158],[-117.984614372613,34.4045133999037],[-117.985714973228,34.4036703902327],[-117.985715002872,34.4036703702209],[-117.98750681308,34.4025916838984],[-117.987835943224,34.4023898193187],[-117.990263112968,34.4009011493591],[-117.990804382961,34.4005088587659],[-117.990804412606,34.4005088291176],[-117.990120443433,34.4001618787754],[-117.990037602594,34.4001080387002],[-117.989294323054,34.3996249388819],[-117.988797143273,34.3991759286663],[-117.988797102849,34.3991758886405],[-117.98863048333,34.3988236493379],[-117.988348783335,34.3982281690866],[-117.988334892686,34.3970504892387],[-117.989032533318,34.3959575886525],[-117.989788523122,34.3951812880158],[-117.990000152728,34.3945906482188],[-117.989861203117,34.3942079281454],[-117.989868722914,34.3942066479836],[-117.989875192581,34.3942055583265],[-117.989510712832,34.3932101779985],[-117.989653233247,34.3921837876788],[-117.989715073271,34.3917384580499],[-117.989715073271,34.3917384276572],[-117.989261991788,34.391513868336],[-117.989320922169,34.3911795982778],[-117.98940738232,34.3906541782979],[-117.989577062399,34.3905107183496],[-117.99000248206,34.3901510377384],[-117.989998261775,34.3897884682087],[-117.9899951024,34.389516887888],[-117.989919741832,34.3893889281841],[-117.989437462408,34.3885700382319],[-117.988927091765,34.3869886382029],[-117.989118482328,34.3846766569988],[-117.989867361967,34.3833115369786],[-117.989874291571,34.3833067670691],[-117.991601891999,34.382119647215],[-117.993122121734,34.3817063670346],[-117.993835051693,34.3815125471627],[-117.994458042326,34.3813051470293],[-117.996066533334,34.380769626018],[-117.996608522878,34.3804773859247],[-117.997260953099,34.3801255958017],[-117.997360693045,34.3800806157756],[-117.998990533414,34.3793456259744],[-117.999000152574,34.3793412858481],[-117.999575103102,34.3792220360827],[-118.000236662902,34.3790848258003],[-118.000575093304,34.3787348862939],[-118.000781362663,34.378640595682],[-118.000979072873,34.37871429612],[-118.001357472915,34.3788553363371],[-118.001485942781,34.378903215891],[-118.002258973626,34.3789273958709],[-118.002373504333,34.378930976085],[-118.003220393762,34.3790991762848],[-118.003840144171,34.379208016282],[-118.004363563741,34.379299936014],[-118.005293303891,34.3793273261203],[-118.005293344315,34.3793273261203],[-118.005417543589,34.3793024856727],[-118.005841274417,34.3792177159677],[-118.007192623574,34.3791715862894],[-118.008037445081,34.379164666094],[-118.008037474726,34.3791646557145],[-118.008125515013,34.3791325161668],[-118.008626324886,34.3789496660013],[-118.008626385073,34.3789496363454],[-118.009508465105,34.3785219951286],[-118.010367585097,34.3785403351944],[-118.01069165503,34.3785472546999],[-118.010691694556,34.3785472747178],[-118.011710164899,34.3789241648554],[-118.012370385311,34.3788330350428],[-118.013059835105,34.3787378652405],[-118.014068595558,34.3783091953563],[-118.014140396102,34.3777106250268],[-118.014140405984,34.3777105849908],[-118.013745175106,34.3772620451608],[-118.013571034892,34.3770644152497],[-118.013393825134,34.3761266250932],[-118.013214195315,34.3750628150461],[-118.013214065059,34.3750620446973],[-118.013210014556,34.3747270053313],[-118.01320058494,34.3739478052606],[-118.013743635394,34.3730911950102],[-118.014007064555,34.372942445111],[-118.013653155282,34.3720845937566],[-118.013645754961,34.3720666541481],[-118.013520194739,34.371762294147],[-118.01371043456,34.3709198436358],[-118.0136736746,34.3697584139791],[-118.01367368538,34.3697583739392],[-118.013675104718,34.3697538642587],[-118.013822405068,34.3692878643612],[-118.013823334824,34.3692362540926],[-118.013826984679,34.3690329343578],[-118.013830665077,34.3688280340184],[-118.013507454831,34.3687861243605],[-118.012722074846,34.3686843038468],[-118.011437224377,34.3677051740488],[-118.011032304271,34.3671147437951],[-118.011032294389,34.367114714135],[-118.011022754281,34.3663229940399],[-118.011568574241,34.3653947737886],[-118.012204294001,34.3653235242155],[-118.013127943573,34.3645030841974],[-118.013101824158,34.3639274938945],[-118.013099793965,34.3638828136468],[-118.013027684401,34.3638182840381],[-118.012182713773,34.3634380943174],[-118.011664124445,34.3630165138543],[-118.011680494444,34.3629480541575],[-118.01171095362,34.362820733848],[-118.011886393697,34.3620855429086],[-118.012019894128,34.3615424530847],[-118.012019904009,34.3615424226811],[-118.012045393706,34.3611095632491],[-118.012097484314,34.3602255232684],[-118.01212538419,34.3599961326742],[-118.012139924321,34.3598767033469],[-118.012932093773,34.3597540027915],[-118.013169494248,34.3597064830764],[-118.013169523893,34.3597064726944],[-118.013864154271,34.3582235830112],[-118.013864113847,34.3582235830112],[-118.013430644383,34.3582060431138],[-118.013333523924,34.3582021127287],[-118.012631544429,34.3580530827723],[-118.012631523767,34.358053053109],[-118.012576984351,34.3579303128043],[-118.012419504292,34.3575759028828],[-118.012391573873,34.3575130429236],[-118.012383213253,34.3568162133426],[-118.012336812574,34.3564350033045],[-118.012279652772,34.3559653926327],[-118.012787993222,34.3555353432618],[-118.013299534369,34.3553762330899],[-118.013299583776,34.3553762130665],[-118.013673464394,34.3554118228077],[-118.013897313783,34.3553975928552],[-118.014607384404,34.3539603121994],[-118.016392583911,34.3517117521034],[-118.016392603674,34.3517117216961],[-118.017633133962,34.3502191922202],[-118.019914493661,34.3473818507916],[-118.019914524203,34.3473818211245],[-118.01997284373,34.3473284610954],[-118.020650293828,34.3467086011557],[-118.020752184341,34.3463325911045],[-118.021303324124,34.3455923811244],[-118.021303343887,34.345592341073],[-118.021392374118,34.3454600413605],[-118.021853514388,34.3447747407137],[-118.021892153623,34.3441163109551],[-118.022027974403,34.3437667512644],[-118.022110974243,34.3429142909391],[-118.022197263715,34.3429720410326],[-118.022910933885,34.3434496511757],[-118.02291097431,34.3434496808442],[-118.022956314079,34.343486750891],[-118.023817123801,34.3441905609573],[-118.023817174107,34.3441906010094],[-118.023982863869,34.3442892612091],[-118.023982914175,34.3442892908773],[-118.024329523738,34.3440882306756],[-118.024805095442,34.3443144509971],[-118.025494025112,34.3446421511891],[-118.026048925243,34.3447418611063],[-118.026821635389,34.3448714807063],[-118.026850885433,34.3448429007736],[-118.026951075435,34.3447449910853],[-118.026965335291,34.3447436908831],[-118.027417335203,34.3447023810843],[-118.028117344693,34.3446965209002],[-118.028245895407,34.3446954513666],[-118.028537385242,34.3446930311942],[-118.029138435422,34.3442233910866],[-118.02941228504,34.3437177798595],[-118.029412304803,34.3437177398071],[-118.029795644681,34.3436348499372],[-118.030157074649,34.3435567002648],[-118.030740844836,34.3434303799961],[-118.031088155983,34.3433552199801],[-118.032347266126,34.3432672000564],[-118.032483035702,34.3429176301505],[-118.032622685999,34.3426394797579],[-118.032756325669,34.3423732901966],[-118.032697795937,34.3414059802962],[-118.032733575834,34.3405152096611],[-118.032753706182,34.340440830309],[-118.032490624669,34.3398737398199],[-118.031947234652,34.3392852400933],[-118.031399374618,34.3377032197126],[-118.031298515371,34.3376624598014],[-118.030956544709,34.3364175899072],[-118.029074463696,34.3341706786512],[-118.028968854158,34.3341590287648],[-118.028724303991,34.3337525190436],[-118.026837864353,34.3318967088635],[-118.026700334079,34.3318299492146],[-118.025737633844,34.3313626086724],[-118.024553293177,34.3307876491011],[-118.023187042766,34.3301370092838],[-118.022531583426,34.3292981789355],[-118.022221033137,34.3286723689357],[-118.022032843272,34.32829312888],[-118.022032812729,34.328293119236],[-118.02082983202,34.3275952589589],[-118.019534281717,34.3266261190853],[-118.019384751748,34.3265142589241],[-118.019384712222,34.3265142292495],[-118.018830492116,34.3265968289086],[-118.01863916174,34.3266253386471],[-118.018399932295,34.326660968759],[-118.018031331974,34.3267158590428],[-118.016360401766,34.3275991789092],[-118.014768451437,34.3284407102403],[-118.013243411223,34.3285308503368],[-118.012438161402,34.3285784396515],[-118.01243813086,34.3285784203635],[-118.010331570739,34.3275298000656],[-118.010331531213,34.3275297800355],[-118.009199430274,34.3268305802878],[-118.008881190407,34.3266340302949],[-118.00863640039,34.3264828499486],[-118.007934320283,34.3260492798076],[-118.00719615036,34.3256680003656],[-118.007050890083,34.3255929698394],[-118.006619870325,34.3253703297471],[-118.006354180105,34.3252330898996],[-118.006025139793,34.3253042303652],[-118.004903579686,34.325546709748],[-118.004835250232,34.3255614796552],[-118.00456521037,34.3255566701066],[-118.004543250154,34.3255562798826],[-118.004196018958,34.3255501201286],[-118.003703488857,34.3255413601165],[-118.003703399025,34.325541380147],[-118.002778138774,34.3257689302164],[-118.002545718559,34.3258260897176],[-118.002545698796,34.3258261201342],[-118.002258569384,34.3261064903065],[-118.002015289435,34.3263440599415],[-118.001685148687,34.3263343296542],[-118.00101301931,34.3258658301183],[-118.000995468924,34.3258497701558],[-118.000801458874,34.3256722698266],[-118.000514209087,34.3254094598029],[-117.999767588712,34.3248527496749],[-117.999145479326,34.3243973701959],[-117.998415668226,34.3243244202539],[-117.997725488102,34.3242554200301],[-117.997253207825,34.3244105801298],[-117.997144888069,34.3244461696367],[-117.997121998098,34.3256002201398],[-117.997109377666,34.3262323203282],[-117.997109367785,34.3262323500027],[-117.996950667813,34.3282534311724],[-117.996950118044,34.3282606908869],[-117.996948707689,34.3282790909146],[-117.996723498251,34.3285717808583],[-117.996363658301,34.3290394611308],[-117.996367088069,34.3293316706786],[-117.996159167606,34.3297213110048],[-117.996065438288,34.3298969511546],[-117.996065428406,34.3298969808279],[-117.995951149228,34.3306653310374],[-117.995527368094,34.3313338713212],[-117.995527348331,34.331333900994],[-117.995365718954,34.33186447107],[-117.995230479384,34.3323084113542],[-117.994934239258,34.3333340710159],[-117.994934229377,34.333334100688],[-117.994581759205,34.3348207211998],[-117.994548988664,34.3353749121089],[-117.994530299214,34.3356909419259],[-117.993989128934,34.336872031824],[-117.993690458865,34.3376931020586],[-117.993266629222,34.3383616419668],[-117.99326659868,34.3383616523514],[-117.992870458707,34.3385300118769],[-117.992896429002,34.3389050021429],[-117.993062919164,34.3396451917871],[-117.993062919164,34.3396452221987],[-117.993388659066,34.3405149923317],[-117.993709338757,34.3409486123248],[-117.995348129042,34.3416768421078],[-117.995348189229,34.3416768621344],[-117.996877730002,34.3420569918352],[-117.996877749765,34.3420570222459],[-117.997410309693,34.3426197522345],[-117.997410340236,34.3426197819032],[-117.997683090316,34.3434463720641],[-117.997798549881,34.3443178020201],[-117.997798549881,34.3443178316883],[-117.997779249577,34.3447169621937],[-117.997839460057,34.3448288818951],[-117.997875600179,34.3448960420997],[-117.998076820108,34.3458118717277],[-117.997739069731,34.3467801031514],[-117.997633579669,34.3476980526751],[-117.997183440168,34.3490050326296],[-117.996905099872,34.3500692232275],[-117.996339679571,34.3514736928913],[-117.995516019677,34.3524502230675],[-117.995478789898,34.3524943628271],[-117.995478760254,34.3524944028753],[-117.995484709796,34.3529949433206],[-117.995487359826,34.3532183429384],[-117.995487359826,34.3532183733451],[-117.994900660233,34.3533716829156],[-117.994152860369,34.353567074137],[-117.99391005024,34.3532574036399],[-117.993739150248,34.3530394439662],[-117.993672470101,34.352315982937],[-117.99367246022,34.3523159532716],[-117.993494880356,34.3518880826503],[-117.993313080207,34.351450013012],[-117.993313039783,34.3514500033706],[-117.993288150162,34.3514447228805],[-117.992437830067,34.3512640231209],[-117.992249679727,34.351949063069],[-117.992158799865,34.3522799543404],[-117.991941580042,34.3528088641534],[-117.991941570161,34.3528088938186],[-117.991493370123,34.3532965540599],[-117.99149333958,34.353296583725],[-117.991339200356,34.3530880843522],[-117.991249879969,34.3529672739101],[-117.990855199759,34.3533679436431],[-117.990143338795,34.3539700036843],[-117.989574979206,34.3545577640441],[-117.989433078629,34.3547045041816],[-117.989007729037,34.3547584142422],[-117.988874649017,34.3547752740609],[-117.988721999199,34.3546097741844],[-117.988632008669,34.3545122140781],[-117.988631979025,34.3545122237191],[-117.987331609261,34.355125174233],[-117.987201999433,34.3551862642797],[-117.986622239325,34.3551308942656],[-117.986562229169,34.3551251638505],[-117.986082949219,34.3551289838801],[-117.985769779443,34.3551315238919],[-117.985683619329,34.3551322343536],[-117.984735169069,34.3560011341287],[-117.984387268627,34.3564203641638],[-117.984240688726,34.3565969940515],[-117.983461929325,34.3583320452294],[-117.982648638684,34.3601439348517],[-117.982460259274,34.3622659649886],[-117.982460249392,34.3622660050321],[-117.981409658888,34.3635407747135],[-117.981130129223,34.3636400446689],[-117.980985278578,34.363691475226],[-117.980204718953,34.3637566648966],[-117.979989169099,34.364667056276],[-117.979764589379,34.3656155761909],[-117.9801652892,34.3666492460484],[-117.980606858773,34.3677882759143],[-117.980483209267,34.3684423562653],[-117.980424198936,34.3687545258245],[-117.980105019431,34.3704429157111],[-117.979951668927,34.3710322762969],[-117.979866989237,34.3713577558959],[-117.979745468739,34.3731258370458],[-117.97758113886,34.3758132767061],[-117.976594219146,34.3770386369818],[-117.976143139109,34.3783200369084],[-117.975253009274,34.3808485483577],[-117.973953179397,34.3820958477387],[-117.973746769003,34.3821728783351],[-117.972876908754,34.3824974776382],[-117.971937049083,34.3828481976462],[-117.969528548127,34.3830262678909],[-117.966093038341,34.383280178192],[-117.96569024814,34.3833099378653],[-117.963447436947,34.3831837790779],[-117.960180487041,34.3829999391431],[-117.959493496834,34.3823452993062],[-117.959472956855,34.3823257286604],[-117.958923576871,34.3818022192335],[-117.958308875892,34.3815008489934],[-117.957208866369,34.3809615489337],[-117.955955356323,34.3800584193434],[-117.95595532578,34.3800583889465],[-117.954878395773,34.3790654189828],[-117.953867055359,34.3786740788369],[-117.953237195309,34.3784303392236],[-117.952024784984,34.3780999189459],[-117.950479485066,34.3776787592427],[-117.950281404749,34.3776247690275],[-117.949505184885,34.3771446392981],[-117.949048573921,34.3768621888287],[-117.948055874447,34.3762481191034],[-117.947223393995,34.3756460389529],[-117.945540014035,34.3744285086539],[-117.943543933219,34.3727956590565],[-117.943897602641,34.3726535490967],[-117.944323083387,34.3722890686902],[-117.944857202791,34.3718314977423],[-117.944857802865,34.3718309883583],[-117.945137762823,34.3715738580149],[-117.945287703322,34.37143614806],[-117.945138353017,34.3709826779671],[-117.945131722551,34.3703958476837],[-117.945942733268,34.3698929479731],[-117.945942772794,34.3698929279532],[-117.946434913026,34.3700455678673],[-117.946487803135,34.3700619678606],[-117.946540662701,34.3700783678506],[-117.946797252987,34.3701579483156],[-117.946797303293,34.3701579282958],[-117.947153143943,34.3699883176441],[-117.947949644173,34.3696086779236],[-117.947949644173,34.3696086482643],[-117.947894174102,34.3691126782012],[-117.947893913591,34.3691103877523],[-117.948436773602,34.3689707577458],[-117.948592433674,34.3690236976629],[-117.948821874178,34.3691017183025],[-117.948930363715,34.3691386183278],[-117.948930394257,34.3691385983077],[-117.949053254144,34.3690422177653],[-117.949955254317,34.3683345581635],[-117.95021558429,34.3675513879614],[-117.950465994167,34.3667980078639],[-117.950531283722,34.3666015878739],[-117.951016414399,34.3660316667638],[-117.951599984263,34.3653460767741],[-117.952438184288,34.3651847769805],[-117.952640053698,34.3651459168577],[-117.952640094123,34.365145907218],[-117.953995854007,34.364683886665],[-117.954514713729,34.364485397309],[-117.955079993893,34.3642691567774],[-117.955513443594,34.3640851767003],[-117.95556125373,34.3634978769104],[-117.956210335032,34.3631316971068],[-117.956511984813,34.3631293167682],[-117.956700224984,34.3631278366573],[-117.956870614732,34.3631265167187],[-117.957299005121,34.3631232072322],[-117.957299015003,34.3631231671891],[-117.957348284901,34.3626713168627],[-117.956811254956,34.3620167368897],[-117.95679627465,34.361998477001],[-117.956792173841,34.3616373369046],[-117.956792183723,34.3616373072426],[-117.956952393762,34.3613652470503],[-117.957221974586,34.3611374072035],[-117.957819715372,34.3610424360554],[-117.95806475512,34.3610404961423],[-117.958200795089,34.3610394156938],[-117.958295494588,34.361108766076],[-117.958749740288,34.3614414261289],[-117.958784735058,34.3614981260277],[-117.958971625061,34.3618008666948],[-117.959353164715,34.3618430260414],[-117.959679755321,34.3618404662111],[-117.960172244998,34.3620623361687],[-117.960339655034,34.3624221759885],[-117.960715405046,34.3624192261234],[-117.961156124813,34.3624157460536],[-117.96123316523,34.3624087362301],[-117.961700044836,34.3623663057626],[-117.962103715385,34.3622716163116],[-117.962297225074,34.3622262262626],[-117.962779885384,34.3615904263302],[-117.962793444555,34.3614930960739],[-117.962810155016,34.3613732061503],[-117.962830264702,34.3612288662381],[-117.963153194674,34.3609102860487],[-117.963168385185,34.3608958456857],[-117.963584035667,34.3605005756548],[-117.963584076091,34.360500536352],[-117.963667315782,34.3604732261106],[-117.964209896417,34.3602952362072],[-117.964289096384,34.3602692562644],[-117.964428965871,34.3601864361516],[-117.964829795947,34.3599490558117],[-117.965064326305,34.3597176763151],[-117.965152696274,34.35963048633],[-117.965211266431,34.3594018557009],[-117.96525700595,34.3592232858366],[-117.965281335921,34.358923235935],[-117.965304625643,34.3586360661747],[-117.965242046306,34.3578013259441],[-117.965240365558,34.3577787758044],[-117.964994985348,34.3573161361916],[-117.964906565073,34.3571494258637],[-117.964408454638,34.3564309860695],[-117.963909495295,34.3561948862178],[-117.963751664892,34.356120206336],[-117.963751625367,34.3561201759304],[-117.963553724713,34.3560053056375],[-117.963494265224,34.355970795944],[-117.963367974672,34.355897486344],[-117.962789184744,34.3558651561767],[-117.962659894717,34.3558579262908],[-117.962167264903,34.3558617959744],[-117.962115674657,34.3558622060807],[-117.962115625249,34.3558621660342],[-117.962085274769,34.3558374758481],[-117.962075905341,34.3558298558766],[-117.961840874621,34.3556386258832],[-117.961817945124,34.3554972862732],[-117.961807954959,34.3554356558219],[-117.961782364652,34.3552779263349],[-117.961628064629,34.3552791158741],[-117.96139160469,34.3552809558034],[-117.961292435174,34.3552817263341],[-117.961126065387,34.3550122159311],[-117.961038674581,34.354824356182],[-117.961032555257,34.3548111962761],[-117.960958675113,34.3546523658011],[-117.960958684995,34.3546523361365],[-117.961007214681,34.3545698961125],[-117.96111886539,34.3543802058057],[-117.961115775185,34.3541093657488],[-117.960840065156,34.3537955456603],[-117.960765833771,34.3533651551335],[-117.960723424307,34.3531192252791],[-117.960134644215,34.3528808348476],[-117.959968093866,34.3528133947699],[-117.959957894395,34.3528092646336],[-117.959932234019,34.3526513351553],[-117.959899293695,34.3524485647761],[-117.960121663559,34.3522793550997],[-117.960438924263,34.3520379549431],[-117.960978553932,34.3516274350623],[-117.961701684261,34.3514499447809],[-117.961759553732,34.3513266652737],[-117.961790894155,34.3512599047744],[-117.961784154096,34.350668444938],[-117.961782934184,34.3505613248303],[-117.961780504241,34.3503479348786],[-117.961779573586,34.3502668048292],[-117.96177953406,34.3502668248538],[-117.961502974225,34.3504158352801],[-117.961184434321,34.3505874553705],[-117.96091593417,34.3506606450176],[-117.96064678364,34.3507340051798],[-117.960210974065,34.3508527852439],[-117.959858723981,34.350765014968],[-117.959168144106,34.3509619949381],[-117.959168103682,34.3509620053212],[-117.958894183995,34.3510147348638],[-117.958390383631,34.3511117153661],[-117.957724583784,34.3509493847274],[-117.957724544258,34.3509493647029],[-117.957200583902,34.3505703647982],[-117.957113254182,34.3504488246517],[-117.956790002613,34.3499989247757],[-117.956378222972,34.3493317451391],[-117.955940923091,34.3489520948986],[-117.955940893447,34.348952085257],[-117.95515878333,34.3487187151792],[-117.953830183109,34.3486572748026],[-117.952847993026,34.3485930946626],[-117.952072792749,34.3483987450175],[-117.950550292073,34.3474871051944],[-117.950392282008,34.3473999551457],[-117.949955142028,34.3471588153604],[-117.949612361983,34.3469697350044],[-117.949612311678,34.3469697550298],[-117.948452812123,34.3473649457269],[-117.947238961799,34.3480983559896],[-117.947238922273,34.3480983656313],[-117.946492502222,34.3482347158924],[-117.946135441659,34.3482999361277],[-117.94462022093,34.3481185657939],[-117.944439120569,34.3479908358032],[-117.943740270804,34.3474979062345],[-117.943389370888,34.3467719861705],[-117.943139150555,34.346254326018],[-117.9428330613,34.3456212463537],[-117.942787071151,34.3455261359866],[-117.942660450917,34.3446099160691],[-117.94249569091,34.3437090647636],[-117.942470961189,34.3435738449284],[-117.942295939727,34.3426167349176],[-117.942101500282,34.3424189149965],[-117.942101469739,34.34241889497],[-117.942038980233,34.3423553850221],[-117.94127294996,34.3419925648405],[-117.941272930197,34.3419925351715],[-117.94113648958,34.3417986753432],[-117.941014839724,34.3416258148938],[-117.940944869947,34.3410469351412],[-117.941034009772,34.3408570747903],[-117.941104879662,34.3405373253355],[-117.941158309658,34.3402962948774],[-117.941113119908,34.3402528147791],[-117.940288170033,34.3394591549404],[-117.940018389783,34.3391228346349],[-117.939578270091,34.3385741552563],[-117.939496609639,34.3382716147959],[-117.939496529689,34.3382715547134],[-117.939264779617,34.3380936348669],[-117.938121528789,34.3372158151796],[-117.937515589079,34.336750534872],[-117.93682994904,34.3367035547375],[-117.935306759356,34.3365991650587],[-117.934150138902,34.3365938050054],[-117.932970527864,34.3365883247843],[-117.93297049822,34.3365883247843],[-117.932961168317,34.3364798952596],[-117.93245428763,34.3362473546398],[-117.932192577845,34.3361522751808],[-117.931915897636,34.3360517546721],[-117.931533837857,34.3361134646489],[-117.930410868294,34.3362948446299],[-117.930347617915,34.3363050648177],[-117.929708607625,34.3367102447815],[-117.929191838284,34.3370379049619],[-117.928134457414,34.3361287749352],[-117.928349126919,34.3344859452505],[-117.928533957085,34.3341721051223],[-117.928680737311,34.3339228647094],[-117.928692816957,34.3339023451217],[-117.928857686557,34.3336223948958],[-117.928713826755,34.3332326347124],[-117.928601847263,34.3329292552901],[-117.928226867107,34.3308071546349],[-117.928118676709,34.3301948846425],[-117.928118666828,34.3301948549693],[-117.928477386579,34.3294567050661],[-117.928878077416,34.328632184758],[-117.928957186653,34.326335274047],[-117.928957186653,34.3263352436306],[-117.929542616927,34.3260347637046],[-117.93027178663,34.3260842039074],[-117.931558447205,34.3256347742334],[-117.93224958673,34.3252448842071],[-117.932438356907,34.3250714836842],[-117.933003607426,34.3245522436676],[-117.933470767307,34.3245163537442],[-117.933797746884,34.3244912440684],[-117.933919006871,34.3244592742158],[-117.934226997859,34.3243781139279],[-117.934954288286,34.324262614063],[-117.934954327812,34.324262614063],[-117.935483908028,34.3242310736733],[-117.935978747697,34.3240624243069],[-117.935773088295,34.3234320341503],[-117.935337117921,34.3229408142323],[-117.935270877948,34.3228258443277],[-117.934916617435,34.3222108942181],[-117.934864347163,34.3221201731008],[-117.93486175732,34.3218856629873],[-117.934859487278,34.3216806333074],[-117.935017106576,34.3209650330953],[-117.934976076923,34.3202509929701],[-117.934976076923,34.3202509529065],[-117.934937787133,34.3197841629242],[-117.935130076909,34.3192056733108],[-117.935194516658,34.3189248430864],[-117.935256406987,34.3186551928363],[-117.935218937359,34.3185795031395],[-117.93527512698,34.3185641028446],[-117.935552557282,34.3184880932923],[-117.935684476678,34.3183766229278],[-117.935847837109,34.3182385829657],[-117.936211196659,34.3181533827543],[-117.936873467025,34.3181483027163],[-117.937028137154,34.3181354130553],[-117.93710226703,34.3181292431115],[-117.937237337716,34.3181180027726],[-117.93750433768,34.3181317627278],[-117.937797288175,34.318146873005],[-117.938165088097,34.3181658331864],[-117.938714937899,34.3182550428041],[-117.939336288208,34.318355862861],[-117.939458918126,34.3183757526389],[-117.939458957652,34.318375763026],[-117.940092698424,34.3187830031149],[-117.940672238444,34.3190084028522],[-117.940924117965,34.3191063633561],[-117.941468507807,34.3191585831912],[-117.9417538882,34.319185963276],[-117.941984927704,34.3192081327988],[-117.942207258042,34.3194693129448],[-117.942286978134,34.3195629630753],[-117.942472939279,34.31961282331],[-117.942892289023,34.3197252431773],[-117.943183728553,34.3198033831502],[-117.943293479324,34.3199812527566],[-117.943312129248,34.3200114726423],[-117.94335242857,34.3200768031132],[-117.943352468994,34.3200768431768],[-117.943979698777,34.3199071230313],[-117.944082838846,34.3198053826292],[-117.944372709018,34.3195194529406],[-117.9444476887,34.3193849130364],[-117.944664929184,34.3189951126817],[-117.944525428905,34.3183643031075],[-117.944525399261,34.3183642526559],[-117.944369439151,34.3181595126318],[-117.944088458706,34.3177906322505],[-117.944088438943,34.3177906018309],[-117.943926948805,34.3176153518276],[-117.943686219173,34.3173541117506],[-117.943442457728,34.3171427718858],[-117.942649647777,34.3164553820419],[-117.942364118264,34.3162876318777],[-117.94204959832,34.3161028416548],[-117.941416488166,34.3157505216324],[-117.941018657564,34.3154435020104],[-117.940781877825,34.3152607918743],[-117.940502278091,34.3150547822],[-117.94008069783,34.3147441622382],[-117.939681558383,34.3145823622047],[-117.939601148385,34.3145250518456],[-117.9394145683,34.3143920420389],[-117.939277877952,34.3141237617467],[-117.939177527152,34.3139267917156],[-117.93917751727,34.3139267620366],[-117.938835926595,34.3139180816864],[-117.938349547259,34.3139057018537],[-117.937484326808,34.3135276319413],[-117.937494917047,34.3134092219451],[-117.937513847245,34.3131976918471],[-117.937258157071,34.3130474518722],[-117.936913837314,34.3128451221971],[-117.936648367181,34.3127921920658],[-117.9366483573,34.3127921616444],[-117.936616476989,34.3126659219296],[-117.9365444869,34.3123807922688],[-117.936199717088,34.3123121020226],[-117.935880766653,34.3122485618625],[-117.93588074689,34.3122485217951],[-117.935841217424,34.3121765518489],[-117.935745497439,34.3120022717785],[-117.935261876829,34.3116719116571],[-117.935092125783,34.309444372106],[-117.935092115902,34.3094443416835],[-117.936058266566,34.3088403117699],[-117.937119496717,34.3081768220793],[-117.93845935732,34.3073390322014],[-117.939184596893,34.3067954319883],[-117.93952017694,34.3065439019544],[-117.939942396802,34.3062274210242],[-117.942004447197,34.3046817109366],[-117.942134257349,34.3046483110183],[-117.943460677358,34.3043069610141],[-117.94381876739,34.3041744307154],[-117.944486567786,34.3039272709967],[-117.944693588136,34.3038506508316],[-117.944861927929,34.3037502407834],[-117.945907228255,34.3031267410588],[-117.94673852832,34.3026308808613],[-117.946797847672,34.3025922106613],[-117.947577367946,34.3020841111795],[-117.94797930834,34.3018221096344],[-117.948496767588,34.3006822601231],[-117.948618598005,34.300413890015],[-117.948319598255,34.3003440100502],[-117.947358938093,34.3001194796586],[-117.947323008177,34.2997049803581],[-117.94728802778,34.299301399799],[-117.947158127796,34.2991692601112],[-117.946442657402,34.2991308302435],[-117.946308356572,34.2991236103094],[-117.946095296848,34.2991252503602],[-117.945356376831,34.2991309296854],[-117.945356337305,34.2991309296854],[-117.944594387179,34.2990972997335],[-117.943970727302,34.2986675502552],[-117.943990036589,34.2986146200921],[-117.943999997109,34.2985872102931],[-117.944201616788,34.2980336499172],[-117.944617696664,34.2977898598878],[-117.944816476769,34.297673400246],[-117.944955616823,34.2975967803125],[-117.945110226765,34.2975116400446],[-117.945106826642,34.2972055897316],[-117.945102447355,34.2968112499773],[-117.945229407152,34.2965625702355],[-117.945705606779,34.2956298196512],[-117.946503527245,34.2953166698685],[-117.946858476767,34.2952333796683],[-117.947355587377,34.2951167302051],[-117.94780887727,34.2950103599728],[-117.94750674689,34.2945445599416],[-117.947083907191,34.2938924903297],[-117.947040586835,34.2938256900624],[-117.94684389711,34.2935223901019],[-117.946770776941,34.2934096501617],[-117.946529987122,34.2930383403155],[-117.946528426748,34.2928994400934],[-117.946517446641,34.2919248388096],[-117.946517446641,34.2919248091229],[-117.944283756941,34.2917175599199],[-117.944120566291,34.2917024100045],[-117.943805456154,34.2910909101438],[-117.943805436391,34.2910908700663],[-117.943807375854,34.291064879821],[-117.943811865634,34.2910049097798],[-117.943859055932,34.2903741793686],[-117.943482955577,34.2898142993329],[-117.943482935814,34.2898142689033],[-117.943397196112,34.2897444090662],[-117.943014016134,34.2894321687948],[-117.942985305978,34.289408758632],[-117.942913876438,34.2892028688563],[-117.942891285605,34.2891377192079],[-117.942779165976,34.2888144988686],[-117.942442475611,34.288637618642],[-117.942442436085,34.2886375993449],[-117.942170866392,34.2884949689807],[-117.942104706369,34.2884602192463],[-117.941987445682,34.288398648649],[-117.941557585649,34.2880192088369],[-117.941065105854,34.28758449893],[-117.941350126022,34.2858450690145],[-117.941350135904,34.2858450289345],[-117.942238674823,34.2836271890818],[-117.942738515413,34.282713879145],[-117.943245485932,34.2817874792212],[-117.943245515576,34.2817874591802],[-117.944067045565,34.2809360883708],[-117.946254765777,34.2786687978554],[-117.948301116316,34.2779265183457],[-117.948301155842,34.2779265079536],[-117.950236276084,34.2773278483127],[-117.950500366405,34.2772461480981],[-117.950944886045,34.2769423577607],[-117.951482116314,34.2765752070234],[-117.95164141636,34.2760954273552],[-117.951703876222,34.2759072869899],[-117.951748066147,34.2757742071176],[-117.951762996147,34.2757292267888],[-117.951776496029,34.2756885666886],[-117.951830726425,34.2756489368976],[-117.952070325976,34.2754738869724],[-117.952606707337,34.2750819668788],[-117.952606746863,34.2750819668788],[-117.953434527329,34.2749071570265],[-117.953589427427,34.2748744467618],[-117.954314887087,34.2747212372503],[-117.955526257163,34.2741748166943],[-117.955981926693,34.273963846973],[-117.956522356761,34.2737136372262],[-117.956522697222,34.2737134768832],[-117.957747976812,34.2731461567923],[-117.958468217261,34.272812676729],[-117.958856986556,34.2726326672741],[-117.958857046743,34.2726326368382],[-117.95983628676,34.2718941857534],[-117.960448508389,34.2714324956594],[-117.960592317886,34.2713240361686],[-117.961833678217,34.2700824956374],[-117.961833717743,34.2700824458992],[-117.962264918063,34.2695592156517],[-117.962349568109,34.2694564959494],[-117.962349648059,34.2694563957299],[-117.963071878276,34.2685800156558],[-117.963083967803,34.2685653359468],[-117.96308394804,34.2685653062518],[-117.962781768253,34.268155986024],[-117.962569268179,34.2678681462944],[-117.962578058195,34.2677096657252],[-117.96258740786,34.2675410461279],[-117.962587417741,34.2675410060393],[-117.962610677819,34.2671208360357],[-117.96266373771,34.2665520156323],[-117.962683127845,34.2663441663689],[-117.962688427905,34.2662873657882],[-117.962642456621,34.266278206125],[-117.962508376776,34.2662515162947],[-117.96220740702,34.2663709957398],[-117.962207426783,34.2663709556505],[-117.962209686944,34.2663666260102],[-117.962209606994,34.266366655706],[-117.962196177181,34.2663723357604],[-117.961981596609,34.2664606159768],[-117.96157665674,34.2666272162085],[-117.961137827029,34.266880726176],[-117.960820957092,34.2670558259147],[-117.960678896615,34.2671343259505],[-117.960625216887,34.2671607660586],[-117.960394117195,34.2672746161858],[-117.96005991696,34.2674392460017],[-117.959299887432,34.2676952063517],[-117.959299856889,34.2676952360469],[-117.958845017403,34.2679859857535],[-117.958323116884,34.2683196059672],[-117.958248326747,34.2683847056811],[-117.957058057199,34.2694207561924],[-117.95625537656,34.2701194058159],[-117.956255327153,34.2701194162089],[-117.956205396993,34.2701376470992],[-117.954863557402,34.2706274766361],[-117.954771857377,34.2706609472407],[-117.954715567145,34.2706814971327],[-117.954472886373,34.2706632767533],[-117.954364736399,34.2706551568649],[-117.95391178607,34.2706211369144],[-117.953683925703,34.2705571272269],[-117.9530456161,34.2703778070481],[-117.9529858961,34.2703833970062],[-117.95292168632,34.2703893870951],[-117.95284470609,34.2703626770413],[-117.952803556063,34.2703668067814],[-117.952791435994,34.2703680272187],[-117.952786736008,34.2705264367081],[-117.952777326155,34.2708433973236],[-117.952933415623,34.2711121269001],[-117.952976556316,34.2713784771299],[-117.952976576079,34.2713785068239],[-117.953026555646,34.2714944068037],[-117.953028525652,34.2716654466905],[-117.953028525652,34.2716654971701],[-117.953038375679,34.272534737188],[-117.953012815914,34.2727948071945],[-117.953012696438,34.272795167228],[-117.952816576245,34.2732133669347],[-117.952801595939,34.2736635671275],[-117.952717056386,34.2738073168534],[-117.952604596296,34.2739985366341],[-117.952293636375,34.2740244267472],[-117.952113886182,34.2739927167952],[-117.951959775704,34.2739655268583],[-117.951724685695,34.2736976266751],[-117.951722986083,34.2735462366978],[-117.951716616129,34.2734612071648],[-117.951716616129,34.2734611670789],[-117.951765196121,34.2724419870374],[-117.951828955845,34.2711040471421],[-117.951801806062,34.2708427871084],[-117.951738956332,34.2702379169251],[-117.951443716031,34.2691142472317],[-117.951657295879,34.2677164562921],[-117.952151786104,34.2673503959185],[-117.952151786104,34.2673503357853],[-117.952182265942,34.2670392157313],[-117.952254456354,34.2663774560496],[-117.952254466236,34.2663774159604],[-117.952265306206,34.266277895804],[-117.952265316088,34.2662778557147],[-117.95226580567,34.266273376106],[-117.952268576074,34.2662484360987],[-117.952645195655,34.2658899959896],[-117.953068426121,34.2654521656507],[-117.953764806418,34.2654467060275],[-117.954448235703,34.2654413562794],[-117.954473966148,34.2654507261336],[-117.955291176138,34.2657484458203],[-117.955545736232,34.265516536319],[-117.955655525631,34.2654165162498],[-117.955943435679,34.2651542259059],[-117.956165676186,34.2646661462685],[-117.956258296085,34.2644627557167],[-117.956258305966,34.2644627163689],[-117.95648765574,34.263959145943],[-117.95652129585,34.2638853557981],[-117.956588895872,34.2638584758924],[-117.956622395846,34.2638451562078],[-117.956823436111,34.2636750358605],[-117.956937905733,34.2633201060849],[-117.957350495655,34.2624037260888],[-117.957350536079,34.2624037060432],[-117.957779036063,34.2621524262069],[-117.958443095874,34.261763004678],[-117.958443345605,34.2617628651003],[-117.959717787296,34.2610487248187],[-117.959910907115,34.2609846246918],[-117.96003567682,34.2609432150201],[-117.960485556708,34.2607938846329],[-117.961248886646,34.2601479850018],[-117.961337076952,34.2599640750735],[-117.96162047656,34.2593731152495],[-117.961620437034,34.2593730952032],[-117.961285737335,34.2592165052555],[-117.961189407394,34.2591653752051],[-117.960903097245,34.2590134148432],[-117.960320546071,34.2583806253399],[-117.960472186183,34.2577312851348],[-117.960511296135,34.2570773246886],[-117.960367596233,34.2566498847686],[-117.960278536357,34.2563848852425],[-117.960176096075,34.25608005505],[-117.960186906402,34.2558993653006],[-117.960234765945,34.2550991151244],[-117.96028786626,34.2542115451994],[-117.960664415772,34.2535714541499],[-117.961277245561,34.2527537342418],[-117.960998356394,34.251758824325],[-117.961768736311,34.2511350442981],[-117.962965695613,34.2502350938348],[-117.963185915808,34.250069514055],[-117.96361576596,34.249979493947],[-117.96412731609,34.2498723641531],[-117.964444275858,34.2498059937339],[-117.964452085811,34.2497686239191],[-117.964480195893,34.2496993040459],[-117.964968086195,34.2484964438592],[-117.964977895798,34.248472363654],[-117.964986455844,34.2484513338451],[-117.964986646287,34.2484508838587],[-117.965008086378,34.2483861437061],[-117.965024466259,34.2483367038072],[-117.965022365998,34.2481492839936],[-117.965021475767,34.2480699939829],[-117.965232175617,34.2477721040571],[-117.965586886187,34.2475915330975],[-117.965649406236,34.2474671632072],[-117.96565890592,34.2474484328577],[-117.965664256286,34.2474379033461],[-117.965664276049,34.2474378632478],[-117.965663969723,34.2474380897289],[-117.965691536324,34.2473832627335],[-117.965866176002,34.2470559730086],[-117.966433596851,34.2467552428882],[-117.966433627394,34.2467552228389],[-117.967001026684,34.2464544129315],[-117.966999666634,34.2463335128783],[-117.966997707409,34.2461582133218],[-117.966994607323,34.2458915827322],[-117.966994627086,34.2458915530292],[-117.96720528741,34.2455936026696],[-117.967488936749,34.2454432329033],[-117.967488987054,34.2454432032001],[-117.967550006917,34.2454009430521],[-117.967878416611,34.2451734930907],[-117.968366386864,34.2451985826641],[-117.968366376982,34.245198552961],[-117.96834933684,34.2451183230327],[-117.968345277353,34.2447626926813],[-117.969034127072,34.244439952994],[-117.969024146789,34.2444328130171],[-117.969011517375,34.2444237727585],[-117.96861839664,34.2443676427856],[-117.968524457116,34.2442911227804],[-117.968413756825,34.2442009227255],[-117.968402267373,34.244191612882],[-117.968402297017,34.2441915727821],[-117.968512526591,34.2440514029651],[-117.968683636788,34.2438338028187],[-117.968683667331,34.243833773115],[-117.968930926816,34.2436244226307],[-117.969286037136,34.2434947031603],[-117.969308356677,34.2434545331842],[-117.969604027272,34.2432043032229],[-117.970028357276,34.242875042721],[-117.970559787123,34.2425448927769],[-117.970590196892,34.2424576731513],[-117.970699817408,34.242143232919],[-117.970727306754,34.2421296729044],[-117.970739307348,34.2421237431822],[-117.970901347256,34.2419077027308],[-117.970992817311,34.241785772829],[-117.971060667064,34.2417877028741],[-117.971169596776,34.2417908032736],[-117.971452307376,34.2420785829681],[-117.971452346901,34.242078623069],[-117.971513567088,34.2423893029892],[-117.971553376828,34.2425913931402],[-117.971796646895,34.24306350278],[-117.971857116989,34.2431268227224],[-117.972133657061,34.2434163830509],[-117.972374216911,34.2436515028185],[-117.972374236674,34.2436515332648],[-117.97316501733,34.243781802755],[-117.973518076796,34.2438399633667],[-117.974184007798,34.2438346530872],[-117.974184067985,34.2438346530872],[-117.974329057868,34.2438535528095],[-117.974469817585,34.2438719030092],[-117.974489207721,34.2438484526844],[-117.974554558361,34.2438599933134],[-117.974642398324,34.2438755127502],[-117.974928087737,34.2439028431106],[-117.975041498245,34.2438783130654],[-117.975173688034,34.243849721775],[-117.975212797987,34.2438412718148],[-117.975209027758,34.2435154022676],[-117.97492056794,34.2432510423384],[-117.974920528414,34.2432510118919],[-117.974827698309,34.2432038420694],[-117.974841338329,34.2430788619621],[-117.974847227684,34.2430738323371],[-117.97482833791,34.2429851718729],[-117.974809448136,34.2428963717062],[-117.974451638379,34.2428103316963],[-117.974373707731,34.2427948016668],[-117.974256348229,34.2427714223317],[-117.974022576948,34.2427248418668],[-117.973838576825,34.242748172203],[-117.973796727011,34.2427534818085],[-117.973523776607,34.2427881019133],[-117.973399336584,34.2427970316999],[-117.973299397212,34.2428042022621],[-117.973060386955,34.2428213526466],[-117.97304099682,34.2428287229666],[-117.97302912738,34.2428332327852],[-117.972879997162,34.2427387426399],[-117.972730716924,34.2426441432258],[-117.972695416727,34.2426217730468],[-117.972593876557,34.2420695417141],[-117.972593866676,34.2420695120097],[-117.972255957297,34.2416376419185],[-117.972158117288,34.2414014219124],[-117.972192036774,34.2411566722964],[-117.972219207218,34.2409606822781],[-117.972381627113,34.2408232621979],[-117.972501086876,34.2407221916681],[-117.972560947014,34.2406587622368],[-117.972626356943,34.240589462337],[-117.972637206795,34.2405780319102],[-117.972642087342,34.2405728922278],[-117.97265194725,34.2405739519485],[-117.972653937019,34.2405728023706],[-117.972676756922,34.2404837122643],[-117.972727497362,34.2404833216451],[-117.972783747171,34.2404828916668],[-117.972838147347,34.2404824416378],[-117.972890747301,34.2404820116595],[-117.972999137124,34.2405996822898],[-117.973071897069,34.2407176223267],[-117.973285887448,34.2407159217266],[-117.973409587259,34.2407149422107],[-117.973749686731,34.2407122620946],[-117.973907347351,34.2406187119545],[-117.974103996652,34.2405020223544],[-117.974104027195,34.2405020023036],[-117.974600337406,34.2402314223428],[-117.975025716643,34.2399909721032],[-117.975136586715,34.2399490122095],[-117.975345386628,34.2398699818195],[-117.975592697317,34.2396605620665],[-117.975592726962,34.2396605323613],[-117.975767956833,34.2393925518777],[-117.975816747031,34.2392346021162],[-117.975887837007,34.2390045021075],[-117.976477687891,34.239060942365],[-117.976711207644,34.2392511917973],[-117.9768738081,34.239383661832],[-117.977035008083,34.2394430018107],[-117.977267978067,34.2395287519235],[-117.977492167918,34.2395269517869],[-117.977511877853,34.2395415519034],[-117.977988928185,34.2396562919472],[-117.978134358243,34.2398921722713],[-117.978069127977,34.2399695621781],[-117.978010818332,34.240038731886],[-117.978114808207,34.2400445317956],[-117.978114857615,34.2400445421924],[-117.978363587642,34.2401160919531],[-117.979036298229,34.2403095716419],[-117.979759698053,34.2404672319916],[-117.979759748358,34.2404672520424],[-117.980485648193,34.2408427618899],[-117.981269088716,34.2407864119414],[-117.981337658918,34.2407814720363],[-117.981337688562,34.2407814720363],[-117.981652229167,34.2406853421099],[-117.981578308599,34.2406130316464],[-117.98152542927,34.2405613117892],[-117.981604469337,34.2403579416802],[-117.98162936884,34.2402938621786],[-117.982233398732,34.2400816021942],[-117.982552739036,34.2399309218167],[-117.982695189382,34.2399231918115],[-117.983194469424,34.2398961022554],[-117.983194489186,34.2398961319605],[-117.983265218939,34.2400221223092],[-117.98337663878,34.2402206119589],[-117.983631148568,34.2406333920847],[-117.983687578938,34.240733902043],[-117.98371094861,34.2407755221684],[-117.983813318823,34.2409578217137],[-117.983972158931,34.2410686722272],[-117.983997118621,34.2410861021892],[-117.984065098631,34.2411335516796],[-117.984065129173,34.2411335620762],[-117.984423238968,34.2412492222784],[-117.984531638673,34.2413668918363],[-117.984996108998,34.2414224118965],[-117.985107259345,34.2414214917979],[-117.985281458848,34.2414200518695],[-117.985417479053,34.2413558818348],[-117.985600809033,34.24126937166],[-117.985631758689,34.2410758919494],[-117.985634028732,34.2410617116777],[-117.985634069156,34.2410617020237],[-117.986096749138,34.2409690820294],[-117.986630838897,34.2408759116528],[-117.986735748648,34.240697281217],[-117.986696299132,34.2403716809523],[-117.986694878896,34.2402480511866],[-117.98669290889,34.2400754807301],[-117.986709048921,34.2399265113546],[-117.986725038933,34.2397789111221],[-117.986725079357,34.2397789007253],[-117.986891558739,34.2397775409727],[-117.987046119273,34.2397762807324],[-117.987048999272,34.2397749707358],[-117.987069829407,34.2397655311855],[-117.987578439351,34.2395349506608],[-117.987737699871,34.2395337008136],[-117.987970880061,34.2395318613177],[-117.988292950345,34.239618120784],[-117.988295160201,34.2396208306401],[-117.98851010998,34.2398830312703],[-117.988513459798,34.2401695513115],[-117.988513670004,34.2401881510937],[-117.988514260197,34.2402385507941],[-117.988003160123,34.2404416612736],[-117.987981599657,34.2404502311373],[-117.987805660117,34.2406590711669],[-117.987809479754,34.2409849406329],[-117.987909819775,34.2410359213256],[-117.988096590302,34.2411308106822],[-117.988196710235,34.241102161277],[-117.988284749625,34.2410769613178],[-117.988309920419,34.2410697512497],[-117.988631660123,34.2411264507809],[-117.98884707523,34.2412432108064],[-117.98891473993,34.2414065207004],[-117.988920509809,34.2414204610498],[-117.989097939654,34.2415165908793],[-117.989243679631,34.2415955506606],[-117.989493730182,34.2416232107385],[-117.989886150231,34.2416200308734],[-117.989886179875,34.2416200308734],[-117.990117440365,34.2416181409255],[-117.990166079646,34.2416177711046],[-117.990242899976,34.2416171911245],[-117.990305260125,34.2416166512455],[-117.99033147027,34.2416164106391],[-117.990331529559,34.2416164106391],[-117.990528249826,34.2416148207064],[-117.990548869755,34.2416165806973],[-117.990578900435,34.241619141224],[-117.990578959724,34.241619141224],[-117.990999980335,34.2412626108907],[-117.991222249587,34.2409225607192],[-117.991233659988,34.240905080968],[-117.991233689632,34.2409050408666],[-117.991301410028,34.2408803012719],[-117.991565290143,34.2407838610434],[-117.991595779862,34.2407231511332],[-117.991844219734,34.2402284310518],[-117.991844229615,34.24022839095],[-117.991932460346,34.2396350408597],[-117.991957330204,34.2396097008468],[-117.991894859563,34.2395001413325],[-117.991855380403,34.2391745512901],[-117.991881899568,34.2391293909791],[-117.991960290153,34.2389959113029],[-117.992317100086,34.2389929912609],[-117.992532170239,34.2390801610067],[-117.99271099966,34.2392742809979],[-117.992774630026,34.2393433510218],[-117.992784830396,34.239354420697],[-117.992807459857,34.2393528708238],[-117.992833019621,34.2393511211824],[-117.992833050164,34.2393511412335],[-117.993216370279,34.2395851309338],[-117.993314890313,34.239783940944],[-117.993411371171,34.239978631135],[-117.993564100939,34.2400405409232],[-117.993654980801,34.2400773811095],[-117.99388936114,34.2401723807125],[-117.993965981146,34.2401443607272],[-117.994220960753,34.2400511010653],[-117.994221011058,34.2400511307703],[-117.994269750951,34.2400842310891],[-117.994269780595,34.2400842206924],[-117.99430514098,34.2400773410077],[-117.994327590777,34.2400729810518],[-117.994650391391,34.2402185407791],[-117.994650430917,34.2402185712268],[-117.994902241268,34.240394270803],[-117.994932350999,34.2405581006939],[-117.99494030109,34.2406013806643],[-117.995086440817,34.2408964910999],[-117.995156061149,34.2409644406675],[-117.99521434115,34.2410213311224],[-117.995518991304,34.2411864311513],[-117.996006841182,34.2409203209824],[-117.996180751428,34.2408254506966],[-117.996176770993,34.2404830706387],[-117.996174311405,34.2402723609877],[-117.996319630971,34.2402308007663],[-117.996601060573,34.2401503009857],[-117.997074211318,34.2403243312867],[-117.997126640591,34.2403436112777],[-117.997126681015,34.2403436209317],[-117.997412601295,34.2403808107609],[-117.997861140896,34.2403771511143],[-117.998236010559,34.2403740907644],[-117.998268861051,34.2403738211923],[-117.998560570973,34.24037147079],[-117.99893492141,34.2403684609382],[-117.998950730861,34.2403787507245],[-117.99941437204,34.2406806606308],[-118.000095411807,34.2410124709534],[-118.000132181648,34.2410303806578],[-118.000132222072,34.2410304007085],[-118.000419011921,34.2411465808839],[-118.000949332349,34.2417349812136],[-118.001110941964,34.2419189807421],[-118.001190502155,34.2420095612303],[-118.001256872383,34.2420394809297],[-118.001400642355,34.2420202013272],[-118.00140148228,34.2420200810246],[-118.001599861735,34.2419934711259],[-118.00159990216,34.2419934711259],[-118.001846262431,34.2419914712803],[-118.003643622432,34.2428977210121],[-118.005065993293,34.2433465410978],[-118.005242002901,34.2434322708971],[-118.005242033444,34.2434322909472],[-118.005402452791,34.2433505310709],[-118.005806073035,34.2432992606819],[-118.006150513166,34.2432555008952],[-118.006402343279,34.2433408208736],[-118.00674421333,34.2434566510678],[-118.006806702836,34.2434778209902],[-118.007508042731,34.2436752309283],[-118.007887872891,34.2437269013462],[-118.008313052702,34.2437847411957],[-118.008509313032,34.2438431810203],[-118.008655503065,34.2438867206941],[-118.008655512946,34.2438867511404],[-118.008658303113,34.2441237713673],[-118.009090644293,34.2444757709404],[-118.00941633389,34.2448582706673],[-118.01002324378,34.2448829110718],[-118.010186894367,34.244709481293],[-118.010305023725,34.2445842910418],[-118.010321683881,34.2443958811709],[-118.010336494405,34.2442284713015],[-118.010795283783,34.2438098801943],[-118.011081923614,34.243905130294],[-118.011302983734,34.2439786000849],[-118.011364634214,34.2439990896624],[-118.011404204104,34.2440122402081],[-118.011404233748,34.2440122498618],[-118.011449613941,34.2440368496715],[-118.011619654245,34.2441290296473],[-118.01205570367,34.2439326797094],[-118.012222963688,34.2438573600808],[-118.012322274239,34.2438358701965],[-118.012639374145,34.2437672397611],[-118.012792324,34.2437341297516],[-118.012720873799,34.24334627005],[-118.012716023795,34.2433199598372],[-118.012716013913,34.243319919737],[-118.012767004085,34.2432899700462],[-118.012814284215,34.2432622102653],[-118.013176573871,34.243049460224],[-118.013676033576,34.2430453499355],[-118.013880653628,34.2430648803019],[-118.01394176422,34.2430707201033],[-118.01397354392,34.2430737499086],[-118.014030974114,34.2430792302914],[-118.014247523793,34.2430999101932],[-118.014313054096,34.2430505600139],[-118.014565794203,34.24286023971],[-118.014778323922,34.2427399798153],[-118.015128814206,34.2427217199662],[-118.015455793783,34.2427046898632],[-118.015659304416,34.2427171002365],[-118.015897445102,34.2427316203412],[-118.015970844648,34.2427360900645],[-118.01597087519,34.2427360700143],[-118.01598202508,34.2427272100258],[-118.016024595343,34.2426933896791],[-118.016701634911,34.2426366399637],[-118.016997134825,34.2422895502379],[-118.017229525396,34.2420165603171],[-118.017369445188,34.2418522899265],[-118.017491395081,34.2417090997266],[-118.017491455268,34.2417090202672],[-118.017894304758,34.2410728397937],[-118.018479744913,34.2401482803027],[-118.018608705259,34.2399656203155],[-118.018676595436,34.2398694397014],[-118.018695084561,34.239384579725],[-118.018703755101,34.2391572791134],[-118.018497965442,34.2385899487421],[-118.018492815401,34.238575748743],[-118.01842016505,34.238375458767],[-118.018371195189,34.2382404591926],[-118.01796727401,34.2373242887606],[-118.017967293773,34.2373242486576],[-118.018245953869,34.2365985487073],[-118.018691264027,34.2365242488684],[-118.018970225058,34.2364776991089],[-118.019390654578,34.2364075491371],[-118.019613384666,34.2362597689526],[-118.019855754621,34.2360989689225],[-118.020245834558,34.2358401489919],[-118.020248905,34.2358381088963],[-118.02040856527,34.2357321790717],[-118.020542345077,34.23564340913],[-118.020636915219,34.2355806687789],[-118.021149475055,34.2352849292356],[-118.021993004785,34.23479822925],[-118.024167114623,34.2339181386427],[-118.025258814729,34.2338636489301],[-118.026124364862,34.2331759781368],[-118.027046206125,34.2326238779413],[-118.02718382623,34.2324865682826],[-118.027235216152,34.2324353083589],[-118.027494846337,34.2321763776453],[-118.027963555812,34.2317089178935],[-118.02846666627,34.2313463779743],[-118.02904636619,34.2309286177733],[-118.029609705993,34.2309239179268],[-118.030411656302,34.230917208316],[-118.030431056319,34.2309281179319],[-118.031343446407,34.231441467641],[-118.031841466112,34.2317216581609],[-118.032629626383,34.2320083277794],[-118.034035896739,34.2325197881782],[-118.034849986881,34.2324917582191],[-118.035783027441,34.2324596181879],[-118.035873687216,34.2324638678769],[-118.03620683732,34.2324794881927],[-118.037422496851,34.2325364883582],[-118.038080016927,34.232712397809],[-118.038080046571,34.2327124082067],[-118.038408218213,34.2327499578982],[-118.03955673766,34.2328813783448],[-118.040089998274,34.2328427577534],[-118.040975588023,34.2327786183153],[-118.042446738303,34.2324939068289],[-118.042623067712,34.2324155868824],[-118.043696127776,34.2319389071263],[-118.044591097735,34.2314008173267],[-118.044997188345,34.2311566068062],[-118.045921709283,34.2308312169651],[-118.046783469423,34.2308485569508],[-118.047505918829,34.2308630969275],[-118.048926959285,34.2309416567267],[-118.050186348805,34.2312030570143],[-118.050631399349,34.2313465072046],[-118.050734769387,34.2313798270721],[-118.051231550316,34.2312529169492],[-118.051385010414,34.2312137066468],[-118.052204730298,34.2310042869005],[-118.05328851984,34.2303145569826],[-118.054095160253,34.2293096157846],[-118.054095189897,34.2293095957312],[-118.054125589785,34.2292948259854],[-118.054869419993,34.2289332657244],[-118.054970810144,34.2289414059796],[-118.055253430014,34.2289640857959],[-118.055502590334,34.2289840858593],[-118.05593134005,34.228559116169],[-118.056104599915,34.2282135459645],[-118.056172770367,34.2281265959578],[-118.056221079967,34.2280649759871],[-118.056980629794,34.2272718759111],[-118.057147119955,34.2263855158502],[-118.057147129837,34.2263854660862],[-118.057433169593,34.2255964761902],[-118.057779049723,34.2254852963203],[-118.058376350336,34.2252932963032],[-118.058952209959,34.2250337063435],[-118.05937691995,34.2248422460264],[-118.060505731258,34.2247963857755],[-118.060914901294,34.2247797650215],[-118.060914940819,34.2247797650215],[-118.062630540654,34.2247157650235],[-118.06271952058,34.224749834732],[-118.063760481144,34.2251484550161],[-118.065376232337,34.2265600952668],[-118.067472352238,34.2285083960459],[-118.068033622322,34.2289296961926],[-118.068249262008,34.2290915556674],[-118.068767971711,34.2294782860076],[-118.068966241572,34.2296260959195],[-118.069740612703,34.2300125957917],[-118.070058002764,34.230022375856],[-118.07098402299,34.2300509250516],[-118.071170872569,34.2307867161595],[-118.071139922913,34.2310018560244],[-118.071036782843,34.2317187556914],[-118.070977832699,34.232128545817],[-118.070971022571,34.2321758763259],[-118.071032423319,34.2326370458605],[-118.071052363224,34.2327868458362],[-118.071765472846,34.2327410961161],[-118.071765523151,34.2327411057711],[-118.07195108275,34.2327651258626],[-118.07208248292,34.2327821260407],[-118.07262340257,34.2328521460917],[-118.073341063057,34.2331620059721],[-118.073771862728,34.2329619556312],[-118.073861423863,34.2329203658067],[-118.073861464287,34.2329203561518],[-118.07405227364,34.2329661057745],[-118.074338714045,34.2330347762086],[-118.074387184443,34.2330986859613],[-118.074725824152,34.23354515571],[-118.075041384345,34.2335899060846],[-118.075250213903,34.2336195257619],[-118.075345824293,34.2340670258151],[-118.075401924083,34.2343295757187],[-118.075641334089,34.2344460362181],[-118.076024463761,34.2346402656702],[-118.076454154013,34.2347550562116],[-118.076454194437,34.2347550658663],[-118.076823393934,34.2348905656488],[-118.076980114018,34.2349480862798],[-118.077217413882,34.2349064662442],[-118.077747033624,34.2349017963265],[-118.077931103816,34.2349001758175],[-118.077969153756,34.2349362659274],[-118.078220093639,34.2351742263242],[-118.07846252468,34.2355278162352],[-118.07884316512,34.2355244861213],[-118.078843204646,34.2355244861213],[-118.078966095075,34.2356101258549],[-118.079179224868,34.235758666182],[-118.07962023479,34.2359006559633],[-118.079895925056,34.2359894256339],[-118.079971235318,34.2362765463701],[-118.080051205141,34.2362758259906],[-118.080219305084,34.2362743161642],[-118.080457025359,34.2360277261801],[-118.080457055004,34.2360277061283],[-118.080806715245,34.2360246159138],[-118.080938755015,34.2360234462219],[-118.081073974822,34.2361058660135],[-118.081208424772,34.236187805966],[-118.081262425198,34.2362207258522],[-118.081774334655,34.2364829162777],[-118.081774375079,34.2364829259323],[-118.082151015321,34.2366351861695],[-118.082524534816,34.2365430158111],[-118.082524585122,34.2365430158111],[-118.08275332494,34.2365172062509],[-118.083379864816,34.2364464948627],[-118.083860685377,34.2363755947799],[-118.083956445786,34.236486674867],[-118.084050885672,34.2365962249353],[-118.084243936321,34.2370391247738],[-118.084249616369,34.2374836457122],[-118.084456505565,34.2376388658169],[-118.084601005867,34.2377472759092],[-118.084954085995,34.2376907560504],[-118.084961925592,34.2376894957788],[-118.085188675641,34.2376531959373],[-118.085188716065,34.2376531959373],[-118.086000456214,34.2381661362955],[-118.086160136247,34.2382669863591],[-118.08811298564,34.2387260149264],[-118.089623476739,34.2390810447418],[-118.089623517163,34.2390810350875],[-118.089728066689,34.2390493550347],[-118.090011617214,34.238963365305],[-118.090076826819,34.238943585204],[-118.090361067249,34.2388734150077],[-118.090637046772,34.2388052847768],[-118.091219067042,34.2388293551229],[-118.09129892727,34.2388680546582],[-118.091556237107,34.238992744706],[-118.091768326651,34.2390955149746],[-118.092559117189,34.2394787253415],[-118.092962817382,34.2392400849768],[-118.092999587224,34.2392183451315],[-118.093119997404,34.239147244644],[-118.093395776603,34.2391312950929],[-118.093523657174,34.2392426752812],[-118.093662446885,34.2393635751228],[-118.093718137043,34.2394120749226],[-118.093723936566,34.2398623253288],[-118.09372589669,34.2400148453144],[-118.093867798166,34.2403927751604],[-118.093867817929,34.2403928048653],[-118.093930947934,34.2405611446994],[-118.094693747866,34.2408557651476],[-118.094694127853,34.2408559953594],[-118.094695998146,34.2408571553301],[-118.095452987774,34.2408900652216],[-118.095845008073,34.2408710252216],[-118.095980728241,34.2408644248259],[-118.096012568128,34.2408783051129],[-118.096199468012,34.2409597948497],[-118.096309457736,34.2410077449355],[-118.096610078047,34.2409215247667],[-118.09688798805,34.2408694352749],[-118.096961237577,34.2408557146494],[-118.097092598221,34.2405551049586],[-118.097107807597,34.2405202849128],[-118.097306967688,34.2403723352033],[-118.097307008113,34.2403723151525],[-118.097782788226,34.2402218751631],[-118.098286458335,34.2402800152133],[-118.098437377998,34.2403036648127],[-118.098664447847,34.2403392253437],[-118.098755327709,34.240233065028],[-118.098862577571,34.2401077849449],[-118.098959107837,34.2397936953667],[-118.099116338164,34.2395518648122],[-118.099203507984,34.2394177850169],[-118.099716987696,34.2387673649818],[-118.099780088056,34.2386874452873],[-118.099778568107,34.2385677349252],[-118.09977746767,34.2384809649317],[-118.101956158916,34.237206805156],[-118.102621249094,34.2369695938998],[-118.102599049028,34.2366922837803],[-118.102169109045,34.2365321737619],[-118.102114098912,34.2365116942493],[-118.101296917668,34.2364727641496],[-118.101081108201,34.2363891141324],[-118.100830648018,34.2362920137335],[-118.100830607594,34.2362920137335],[-118.100752017583,34.2362690841293],[-118.100420677584,34.2361724239894],[-118.1001994378,34.2360527041098],[-118.100084317798,34.2359904037194],[-118.099983537603,34.2357744143674],[-118.099912408101,34.2356219936433],[-118.099553447602,34.2351319639913],[-118.099553417957,34.2351319238871],[-118.099161397659,34.2348824742423],[-118.099161358133,34.2348824437928],[-118.098801668202,34.2345712140681],[-118.097904568338,34.2337949739732],[-118.097515817907,34.2334790137883],[-118.097126847389,34.2331628741729],[-118.096347276809,34.2323832537219],[-118.096347247165,34.2323832143591],[-118.095998157354,34.2318185142838],[-118.095924067004,34.2316987339964],[-118.09603094676,34.2308128542675],[-118.096030956641,34.2308128141613],[-118.096228836634,34.2303887538652],[-118.096228847414,34.2303887241568],[-118.096197497109,34.2300722840236],[-118.096145546637,34.2295477740484],[-118.096127527331,34.229365913997],[-118.096154277364,34.2292631541339],[-118.096196957221,34.2290992339338],[-118.096196906915,34.2290992339338],[-118.09561820682,34.2290752736999],[-118.095384507403,34.2290655841377],[-118.095285477127,34.2290664739197],[-118.094986777413,34.2290691536638],[-118.09466134743,34.22907207405],[-118.094460617083,34.2290738736674],[-118.093890827377,34.2289930639017],[-118.093890786952,34.2289930542463],[-118.093699276914,34.2290146541289],[-118.093696186709,34.2290124237308],[-118.093615297011,34.2289539342467],[-118.093615217061,34.2289539238486],[-118.093403476064,34.2289238940319],[-118.092424146216,34.2287850238159],[-118.091186386332,34.2283355839073],[-118.090873106063,34.2279290938548],[-118.090769776449,34.227626994132],[-118.090681186392,34.2273679543062],[-118.090639115593,34.2267700036485],[-118.090427006286,34.2265975140077],[-118.090426205887,34.2265968737618],[-118.090233236086,34.2264399442973],[-118.089444656302,34.2254164838058],[-118.089444625759,34.225416443697],[-118.089029384909,34.22487743428],[-118.088300244851,34.2234090440052],[-118.088070895077,34.22214670412],[-118.08785435528,34.2209549041305],[-118.087971315031,34.2203810927572],[-118.088053044654,34.2199801026551],[-118.088290205279,34.219701063047],[-118.088550504709,34.2193948030571],[-118.089089755289,34.2190350432131],[-118.089089794815,34.2190350231571],[-118.089449324847,34.219079573255],[-118.089571784983,34.2190947429386],[-118.089571825407,34.219094733282],[-118.090445115424,34.2189288827792],[-118.092144384785,34.2186061428589],[-118.092144425209,34.2186061428589],[-118.092198874793,34.2185987429345],[-118.095629936122,34.2181325530677],[-118.097397566378,34.2175268330156],[-118.100512017383,34.2158274322047],[-118.101025947151,34.2160439719016],[-118.103368256643,34.2170308319519],[-118.104273046984,34.2174495717905],[-118.104991236579,34.2177819520338],[-118.105868948104,34.2181881322741],[-118.106093408347,34.2182685921394],[-118.108544707738,34.219147252218],[-118.10857449767,34.2191805122872],[-118.108883068071,34.2195250617951],[-118.109505587987,34.2202201717851],[-118.109697338774,34.2213000019893],[-118.109813068732,34.2215556221062],[-118.109934768894,34.2218244221991],[-118.10994115861,34.221838541831],[-118.110141809007,34.2220141520014],[-118.111368039014,34.2230873522211],[-118.111497829403,34.2232009418459],[-118.112265629358,34.2236272116814],[-118.112630569044,34.2238298118402],[-118.112632948681,34.2238306021465],[-118.113653379148,34.22416884215],[-118.114651659856,34.224499731897],[-118.115183870339,34.2243804722764],[-118.116104559962,34.224174121731],[-118.116190170307,34.224018651747],[-118.116338899877,34.2237485320691],[-118.116437920272,34.2235686820617],[-118.117248409966,34.2237420417466],[-118.117989290107,34.2239005122829],[-118.118359309765,34.2239278023333],[-118.118429869736,34.2239330121092],[-118.118795800264,34.2238835519068],[-118.119165319561,34.2238336118466],[-118.119543919927,34.2235923021875],[-118.119543949572,34.2235922717339],[-118.119617669815,34.2234960917286],[-118.119705790053,34.2233811320857],[-118.120247790376,34.222674001785],[-118.120438370659,34.2226722517971],[-118.120915861165,34.2226678723705],[-118.121629060619,34.222463162147],[-118.121916220574,34.2220491319711],[-118.122237906379,34.2215853121243],[-118.122606601022,34.2218474121882],[-118.122623310585,34.2218592923152],[-118.12288214127,34.2219638416685],[-118.122918870687,34.2219786721226],[-118.123487130562,34.2222082118035],[-118.124182941327,34.2223590419986],[-118.124348091202,34.2223948418562],[-118.124540141128,34.2224364621332],[-118.124750470872,34.2224947823326],[-118.124925951373,34.2225434418904],[-118.125785681321,34.2227818220656],[-118.126445531626,34.2228851818301],[-118.126562301833,34.2229034719784],[-118.12698136232,34.222969120832],[-118.126981391965,34.2229690911209],[-118.127128552178,34.2228545311159],[-118.127548281909,34.2225277707082],[-118.127541432255,34.2220124510236],[-118.127541401713,34.2220124309684],[-118.127438701818,34.2219499107252],[-118.126771541023,34.2215437508499],[-118.126771511378,34.2215437411936],[-118.126428371109,34.2214286711816],[-118.125889990997,34.2212481113117],[-118.1257449014,34.2211994510057],[-118.125620890772,34.221157870971],[-118.125614840618,34.2211296010222],[-118.12551918082,34.2206830112285],[-118.12551059113,34.220036690854],[-118.125508880737,34.2199080707891],[-118.125508640887,34.2198901506495],[-118.125641210664,34.219096040629],[-118.126299260745,34.2183367211584],[-118.126299291288,34.2183367011024],[-118.126481520831,34.218190530836],[-118.126671060865,34.2180385113505],[-118.127115221179,34.2176822711541],[-118.127149280803,34.2176549612526],[-118.127218470843,34.2176333309724],[-118.127984620592,34.2173938413032],[-118.128085131293,34.2173624212517],[-118.128149871079,34.2173421911238],[-118.128194861403,34.2173281212505],[-118.128194920692,34.2173281011942],[-118.128212221346,34.2173292109768],[-118.128939242279,34.2173757906343],[-118.128956302184,34.2173768811029],[-118.129818931894,34.2174321510496],[-118.130582261832,34.2176731507696],[-118.130702381856,34.2177110711497],[-118.131160911622,34.2178558412862],[-118.131491561715,34.2179383613115],[-118.131886651557,34.2180369610849],[-118.131927072151,34.2180470508102],[-118.132411671924,34.2179464506318],[-118.132509211896,34.2179262013309],[-118.132926542228,34.2178395608609],[-118.133921702188,34.2173149397954],[-118.134726811871,34.2173711398009],[-118.13472728169,34.2173711799135],[-118.134924902968,34.2173849697342],[-118.134943073191,34.2173898099875],[-118.135009143382,34.2174074298145],[-118.135252632638,34.2174723297265],[-118.135407662991,34.2175136597626],[-118.135520212913,34.2173675601223],[-118.135807992706,34.2169939697974],[-118.135985803437,34.2167631597815],[-118.136889033404,34.2155906101469],[-118.136897983319,34.2153731897581],[-118.136909482653,34.2150938696958],[-118.136924273414,34.2147345899384],[-118.138447622998,34.2131258401982],[-118.139659453012,34.2127256802624],[-118.139921193339,34.212685359663],[-118.140733943194,34.2125601797423],[-118.1408856929,34.2124979303177],[-118.14101893282,34.2124432700016],[-118.141422562945,34.2122776790394],[-118.141772792718,34.212071468967],[-118.141935233274,34.2119758188495],[-118.142405982823,34.211572248847],[-118.142406002585,34.2115722191319],[-118.143315913323,34.2112134391752],[-118.143341443444,34.21119799915],[-118.144033812762,34.2107792386439],[-118.1447343837,34.2106560386523],[-118.144897274312,34.210808699194],[-118.145350714223,34.2112336388307],[-118.145557893575,34.2112317192285],[-118.145923773797,34.2112283391238],[-118.145894293784,34.21137731915],[-118.145857124193,34.2115650488816],[-118.145697974166,34.2118329990568],[-118.14570250437,34.2121655492876],[-118.146180134115,34.212493698936],[-118.146373924077,34.2133687688177],[-118.146778704046,34.2136976291532],[-118.146778754352,34.213697609096],[-118.147286563897,34.2135719091916],[-118.147286614203,34.2135719091916],[-118.147505954049,34.2135576990312],[-118.147832103583,34.2135365891867],[-118.147832134125,34.2135365891867],[-118.147869753773,34.2136559087301],[-118.147946184234,34.2138983187932],[-118.147946184234,34.2138983492504],[-118.147885264085,34.2147758292042],[-118.150347674737,34.2150146488385],[-118.152537614686,34.2152269890935],[-118.153570915317,34.215327158698],[-118.156910086178,34.2161311787741],[-118.15864700573,34.2165493592736],[-118.159094406267,34.2164434289575],[-118.159445116639,34.2163603889693],[-118.159985536826,34.2163280191889],[-118.160204506566,34.2163149088895],[-118.160645307181,34.2162884988615],[-118.160977417036,34.216146638695],[-118.161151916577,34.2160720987036],[-118.161865847259,34.2160236590022],[-118.161885426939,34.2160223389792],[-118.161900586908,34.2160363087875],[-118.161909127191,34.2160441791533],[-118.162086666631,34.2160744386416],[-118.162864516937,34.2162070290764],[-118.162864557361,34.2162070387333],[-118.163556787441,34.2162609092019],[-118.16364096677,34.2161893792849],[-118.163916627391,34.2159551492651],[-118.1639252072,34.2159359587734],[-118.164000286595,34.2157680592422],[-118.164093126581,34.2155604292261],[-118.164093167006,34.2155603891126],[-118.164460177308,34.2151345078235],[-118.164487227378,34.2151031277859],[-118.164493467076,34.2150593979164],[-118.164499416618,34.2150176781676],[-118.164499277379,34.2150173981144],[-118.164474747084,34.2149676979378],[-118.16453210721,34.2149523083711],[-118.164532117091,34.2149522779144],[-118.164730817245,34.2142843381507],[-118.165271267077,34.2138861879438],[-118.165469336614,34.213561758016],[-118.165698346824,34.2131866383478],[-118.166310776862,34.2127272477117],[-118.166597737391,34.2124221078771],[-118.166771636857,34.2123842683181],[-118.166823866705,34.2123728979497],[-118.167033297235,34.2123273280589],[-118.167123778245,34.2122674682783],[-118.167357888192,34.2121125676475],[-118.167824108434,34.2119584281776],[-118.167824138078,34.2119584177773],[-118.167873897559,34.2118026280999],[-118.168191957763,34.2115322382184],[-118.168221817763,34.2115442483177],[-118.168260147978,34.2115596578217],[-118.168402378237,34.2115544279657],[-118.168949938234,34.2115342982176],[-118.168949977759,34.2115342982176],[-118.169093437812,34.2115403281538],[-118.16910811808,34.2115409380561],[-118.169335788004,34.2115505078023],[-118.169421897812,34.2115541278433],[-118.169426507967,34.211554578027],[-118.169934958011,34.2116041880999],[-118.169934998435,34.2116041680423],[-118.170063688387,34.211547548179],[-118.170161107985,34.2115046782024],[-118.170174348254,34.2114912781731],[-118.170176507804,34.2115009578707],[-118.170201708243,34.2114901883713],[-118.170296787729,34.211449518028],[-118.170341707985,34.2114358780401],[-118.170577637918,34.211364228138],[-118.171094918401,34.2112604679416],[-118.171879137763,34.2112529878838],[-118.173063157731,34.2112416782789],[-118.17471162916,34.211225926992],[-118.174766908787,34.2112253973184],[-118.174774149209,34.2112319368924],[-118.174781339324,34.2112384370932],[-118.175713428568,34.21208089825],[-118.176162089442,34.2116721367887],[-118.17630349864,34.2115432966918],[-118.176751139028,34.2116317168826],[-118.177052098903,34.2116911670472],[-118.177179428806,34.211716317113],[-118.177588158667,34.2121003570537],[-118.177880209051,34.212374776668],[-118.178027118634,34.212856436631],[-118.178133268958,34.2133015480159],[-118.178133329145,34.2133018176748],[-118.17826469967,34.2138526880702],[-118.178295699632,34.2138924182829],[-118.178324949676,34.213929898365],[-118.178325029627,34.2139299979078],[-118.178613679887,34.2142999781808],[-118.178608050145,34.2143123882834],[-118.178592769802,34.2143460380304],[-118.178592750039,34.2143460781445],[-118.178615419924,34.2143468878538],[-118.17867341965,34.2144535577145],[-118.17930464963,34.2148631681305],[-118.179775349771,34.2151686178064],[-118.179813789581,34.2151666277235],[-118.179847370403,34.2151648976364],[-118.179847409928,34.2151648976364],[-118.17986066996,34.2152339376645],[-118.179860679842,34.2152339777781],[-118.180036850249,34.2153233077945],[-118.1801422397,34.2153767576358],[-118.181344049904,34.215425658272],[-118.18168394995,34.2155906680885],[-118.181886769778,34.2156891376408],[-118.181893720043,34.2156925079096],[-118.182900179911,34.2159742082699],[-118.183052100297,34.2160179881776],[-118.183471300921,34.2161388077091],[-118.183647750704,34.2161896578486],[-118.183869931023,34.2164595781711],[-118.183890541071,34.2166900480587],[-118.18391317143,34.2169430176329],[-118.183906850883,34.2169794177697],[-118.183845741189,34.2173317180158],[-118.183827481135,34.2174369682726],[-118.183791711118,34.2176432082984],[-118.183791711118,34.217643247668],[-118.183771541245,34.2176503282623],[-118.183751430661,34.2176573880569],[-118.183671431193,34.2178826578891],[-118.183654100895,34.2179296480208],[-118.183589111377,34.2181057877988],[-118.183589100598,34.2181058182544],[-118.183618741409,34.2183136180458],[-118.183643570843,34.2184877477034],[-118.183274930997,34.2185754177919],[-118.183101881337,34.2186165682684],[-118.182971350736,34.218647608274],[-118.182626631229,34.2186486979832],[-118.182183121295,34.2185153878881],[-118.182041740843,34.2184728876649],[-118.181422230283,34.2184183983585],[-118.181420050072,34.2184197881687],[-118.18098930969,34.2186947480274],[-118.181430640311,34.2190230683508],[-118.182269891365,34.2191661582247],[-118.183034981103,34.2192192676498],[-118.183035020629,34.2192192579933],[-118.183199291053,34.2191720078546],[-118.183796331154,34.2190002380382],[-118.184234350585,34.219086718353],[-118.184306720661,34.2191183880888],[-118.184756660735,34.2193152980339],[-118.185113310768,34.2194713776297],[-118.185250470935,34.219466688286],[-118.185314571121,34.2194644977466],[-118.185406571182,34.2194613482425],[-118.185462300866,34.2194594377414],[-118.186461981148,34.2196094676562],[-118.186650741444,34.220091418296],[-118.18665673141,34.2205147178177],[-118.18665673141,34.2205147579288],[-118.186350491238,34.2206028381605],[-118.186252550618,34.2206310080085],[-118.186071560749,34.2206830580247],[-118.186032610697,34.2206942683132],[-118.185895420885,34.2207337182368],[-118.185874561106,34.2207325379334],[-118.185347270695,34.2207026478024],[-118.184984651358,34.2206820983312],[-118.184844621073,34.2210765277127],[-118.184853510801,34.2211964582957],[-118.184879280772,34.2215440977325],[-118.184889420955,34.2216808280305],[-118.184889420955,34.221680868141],[-118.185222041053,34.2220404376751],[-118.185956800972,34.2221733982833],[-118.186048922306,34.2221900678325],[-118.188199021972,34.2224203682884],[-118.190291762411,34.2227472583562],[-118.191452931934,34.2228029778743],[-118.192013702555,34.2228118577861],[-118.192020202764,34.2228077279402],[-118.192336483406,34.2228271382144],[-118.192776402774,34.2228541381865],[-118.192765252884,34.222887988043],[-118.192756452988,34.2229146782576],[-118.192980843163,34.2231692379917],[-118.193182992848,34.2233985783363],[-118.195749423021,34.2237842080364],[-118.196615333377,34.2239143077198],[-118.197691204271,34.2239925976913],[-118.199278554327,34.2240712871987],[-118.19943147364,34.2240379369572],[-118.200115464372,34.2238887772836],[-118.200220354359,34.2237946172069],[-118.200546953949,34.2235014270597],[-118.200861444248,34.2232191071394],[-118.200861464011,34.2232190566308],[-118.20093144367,34.2230375773279],[-118.201205703818,34.2223263269009],[-118.201306803813,34.2220641473636],[-118.201306813695,34.2220641169094],[-118.201589664432,34.2219580271433],[-118.201974793754,34.2218135767693],[-118.202283913924,34.2219965970174],[-118.202330814067,34.2220243667809],[-118.202529323778,34.2221418968225],[-118.203075344063,34.2224651773121],[-118.203453933649,34.2225311770997],[-118.203453974073,34.2225312068109],[-118.203638045163,34.2226916071368],[-118.204437234949,34.2233879967935],[-118.204431644733,34.2234333371277],[-118.204509234919,34.2234345567602],[-118.205026075228,34.2238754869252],[-118.205210325083,34.22384638673],[-118.205787505229,34.2237552467075],[-118.205987125258,34.223723727269],[-118.206113114875,34.223679827323],[-118.206277475131,34.2236225567365],[-118.206663174883,34.2234881670938],[-118.20669934465,34.2234755570515],[-118.20670296486,34.2234720467102],[-118.206706014641,34.2234690867629],[-118.20673618456,34.2234695569377],[-118.206944145446,34.2234360668168],[-118.207159964795,34.2234013072837],[-118.207456475314,34.2235319067011],[-118.207476705374,34.2235408169897],[-118.207624544714,34.2236059268376],[-118.207623564652,34.2236108670076],[-118.207633295203,34.2236125568115],[-118.208050074867,34.2239294668768],[-118.208982485708,34.2246384272022],[-118.208992446228,34.2246486973706],[-118.209919725892,34.2256054367676],[-118.209678376423,34.2263399572521],[-118.210180435852,34.2264309867796],[-118.210225395633,34.2264391369323],[-118.21046079556,34.2261237069522],[-118.210487755799,34.2260875967248],[-118.210513755738,34.2260527766378],[-118.210796495982,34.2257022969539],[-118.210967345668,34.2254905171412],[-118.211555365785,34.2255195573481],[-118.211743995825,34.2256564171169],[-118.212361256104,34.2261042573292],[-118.21254262596,34.227043816942],[-118.212337816363,34.2273945272341],[-118.212042016412,34.2272580067502],[-118.211743506243,34.2273515167731],[-118.211582396091,34.2274019872904],[-118.211529525745,34.2275488367747],[-118.211445886304,34.2277810767127],[-118.211260076076,34.228346547334],[-118.211440475751,34.2286374671831],[-118.211517935682,34.2287623669759],[-118.212105986341,34.2287914171955],[-118.212383206438,34.2286981367882],[-118.213066737233,34.2284681372189],[-118.213066776758,34.2284681268207],[-118.213858676716,34.2280767668522],[-118.213946487035,34.2278620272752],[-118.214008307296,34.2277108169982],[-118.214102026733,34.2274816272867],[-118.215221127253,34.2264943571116],[-118.216182877071,34.2262407470024],[-118.216648657139,34.226272956997],[-118.21691370686,34.2262912768623],[-118.217065167308,34.2263017570267],[-118.217241096967,34.226674296686],[-118.2181498372,34.2267755571387],[-118.218475616627,34.2273377872602],[-118.218492467226,34.2273668572824],[-118.218504757077,34.2282237971288],[-118.218508387169,34.2284768167396],[-118.218514438221,34.2288960173625],[-118.218524417605,34.2295866872965],[-118.219099978089,34.229779207083],[-118.219887918273,34.2297429268554],[-118.220197097732,34.2297287067963],[-118.220264488447,34.2297711671756],[-118.221064118407,34.2302750766387],[-118.221442758299,34.2302712969762],[-118.221951927894,34.2302662368775],[-118.222448158155,34.2302612866999],[-118.222465327655,34.2302739469734],[-118.222676997685,34.2304299772982],[-118.222978857672,34.2306524872324],[-118.22326082806,34.2308483772157],[-118.223324188034,34.2308923967146],[-118.223538339211,34.2310411666907],[-118.223653948795,34.2311214768789],[-118.223681489345,34.2311927772473],[-118.223831319351,34.231580707055],[-118.223852249199,34.2316348870534],[-118.223854379104,34.2317815070898],[-118.223863779075,34.2324277172918],[-118.223588289134,34.2331837273287],[-118.223744109106,34.2340543468022],[-118.224022568878,34.2342235370507],[-118.224292359009,34.2343874472761],[-118.224514598617,34.2345224767943],[-118.224734298688,34.234614896675],[-118.225198348601,34.2348101068075],[-118.225619168887,34.2349871366545],[-118.225619229074,34.2349871567066],[-118.225840028683,34.2351007770704],[-118.226325549229,34.2353506271089],[-118.22667728907,34.2355316171991],[-118.226677328596,34.2355316469057],[-118.227351240231,34.2359213472834],[-118.227358109648,34.2363969766554],[-118.227281539948,34.236647546937],[-118.227175819917,34.2369935266373],[-118.226974299951,34.2371793166647],[-118.226610609822,34.2375146267795],[-118.226267880083,34.2377479569159],[-118.226137839963,34.2378364966465],[-118.226107200225,34.2378379566876],[-118.22508838942,34.2378866281746],[-118.224929469361,34.2378970177786],[-118.224856388718,34.2379017877873],[-118.22437302862,34.2379333776693],[-118.224323138884,34.2379338782118],[-118.223943468624,34.2379376976332],[-118.223521369137,34.2384573177908],[-118.223003799396,34.2389778778882],[-118.222533399292,34.2394583378893],[-118.222430939248,34.2395852779745],[-118.222430918586,34.2395853076797],[-118.222409959094,34.2396112878469],[-118.222413338556,34.2396145576461],[-118.222415148662,34.2396163280756],[-118.222408258583,34.2396257980906],[-118.222065269231,34.2400972983298],[-118.222000339003,34.2404622883547],[-118.221888629006,34.2410902177716],[-118.221978039224,34.2416315279938],[-118.221993238719,34.2417234878204],[-118.222063698976,34.2417847079253],[-118.22224930888,34.2419459582558],[-118.222263168987,34.241957998179],[-118.222344839321,34.2420289477709],[-118.222648749263,34.2422929781082],[-118.22267006898,34.2423114979623],[-118.22268139943,34.2424240182972],[-118.222730418699,34.2429112578822],[-118.22277923944,34.2433965483015],[-118.222779779327,34.2434018779162],[-118.22278163884,34.2434203982689],[-118.222781599314,34.2434204079227],[-118.222608969167,34.2434749382334],[-118.221355909177,34.2438707482782],[-118.221360459144,34.2441878583496],[-118.221380629017,34.2443883283116],[-118.221406508582,34.2446456078298],[-118.221416239134,34.2447423978468],[-118.221607059266,34.2447878380711],[-118.22170316912,34.2448107378793],[-118.221895289115,34.2448564981202],[-118.222035999425,34.2448730480791],[-118.222376580393,34.2449131178721],[-118.222516999649,34.2449296381165],[-118.222630899738,34.2453217180269],[-118.222918949924,34.2463132191651],[-118.223031080333,34.2463121090218],[-118.223682700274,34.2463056293492],[-118.223819880204,34.2462919192634],[-118.224359069699,34.2462380382999],[-118.224898759555,34.2461840978962],[-118.225382000177,34.2461358076907],[-118.225519180108,34.2460045081817],[-118.226070399841,34.245476908085],[-118.226442850341,34.2451204178545],[-118.226693630324,34.2448803781199],[-118.226877430122,34.2447044480525],[-118.227043470228,34.2444865778076],[-118.227636599962,34.2437083179405],[-118.227952620093,34.2423087480921],[-118.228083999601,34.2417269283381],[-118.228197739791,34.2412867481121],[-118.22829260997,34.2409196377735],[-118.228354239788,34.2406811678406],[-118.228365689715,34.2406368378453],[-118.228422919585,34.2406085477006],[-118.229481509587,34.2400852878455],[-118.229488319715,34.2400819178101],[-118.229893109566,34.2403340982713],[-118.230269020376,34.2405682783211],[-118.230771470572,34.2405354269708],[-118.231086071365,34.2405148570896],[-118.231160791433,34.240509977321],[-118.23234656132,34.2402014871483],[-118.232346600846,34.2402014670974],[-118.232723710907,34.2403430372298],[-118.234141710566,34.2408753168153],[-118.234526501223,34.2414574172225],[-118.234628521094,34.2416117566885],[-118.234752351161,34.2427269166978],[-118.234765570768,34.2428459877066],[-118.234601391074,34.2435734977152],[-118.234579510808,34.2436704582764],[-118.23457952069,34.2436704879802],[-118.234636810747,34.2438561377737],[-118.23463957127,34.2438582883213],[-118.235832592358,34.2447832281083],[-118.236110251731,34.244998488151],[-118.236110282273,34.2449985082007],[-118.236939632096,34.2454109277659],[-118.23711616183,34.2456953779956],[-118.237134271866,34.2457245679179],[-118.237238682153,34.2458927879306],[-118.237393802338,34.2461427076722],[-118.23773455219,34.246318017657],[-118.238095742307,34.2465038383422],[-118.23809576207,34.2465038078969],[-118.238304261946,34.2461467680572],[-118.238336612076,34.246091367697],[-118.238651901876,34.24555141834],[-118.238651921639,34.2455513878943],[-118.239279752395,34.2451768681203],[-118.239569042256,34.244873777296],[-118.240083441842,34.244334816681],[-118.240090772094,34.2443271271799],[-118.240836001878,34.2433201573681],[-118.241426852586,34.243572326643],[-118.24152835323,34.243615646649],[-118.241919522824,34.2437825869333],[-118.241919563248,34.2437826069833],[-118.24294532342,34.2447603773031],[-118.243011563392,34.2448235073527],[-118.243011602918,34.2448235467096],[-118.243281843105,34.2448487871319],[-118.243519002832,34.2448709272607],[-118.244259882972,34.2449750671009],[-118.244915292905,34.2450671866426],[-118.24491533333,34.2450671866426],[-118.245359962564,34.2450626568939],[-118.245742052886,34.2450587672505],[-118.246118543109,34.2450549370135],[-118.24633633426,34.2449687766839],[-118.24693721376,34.2447310867975],[-118.247508674333,34.2448304371452],[-118.247508723741,34.2448304467988],[-118.247528384269,34.2448598969253],[-118.247883454165,34.2453918271544],[-118.247962083702,34.2455096023078],[-118.248719723711,34.245694786905],[-118.248788453813,34.2457115772936],[-118.248788494237,34.2457115973431],[-118.248858803578,34.2456913272424],[-118.249166894279,34.2456025470101],[-118.249241143631,34.2456851868794],[-118.249682034077,34.2461758367837],[-118.249682063722,34.2461758568331],[-118.249697593796,34.2461900169364],[-118.250195723994,34.2466439869959],[-118.250453144324,34.2467627168231],[-118.250642063621,34.2468498569884],[-118.250642113927,34.2468498569884],[-118.250993494442,34.246846286731],[-118.251275454949,34.2468434271092],[-118.251369795121,34.246769296707],[-118.252089365427,34.2462038970878],[-118.252089404953,34.2462038666423],[-118.2524975554,34.246600597262],[-118.252732014791,34.2468284866788],[-118.25273200491,34.246828517124],[-118.252336024838,34.2475699067931],[-118.252054065229,34.2480978071272],[-118.252003205313,34.2489398773515],[-118.252003195432,34.2489399167065],[-118.251761574671,34.2497313372524],[-118.252041625359,34.2499077067902],[-118.252336954594,34.2500936970158],[-118.2523370049,34.2500936970158],[-118.252579735079,34.2501221666366],[-118.253161835298,34.250190416909],[-118.25350088464,34.2501264867175],[-118.253630614841,34.2501020171468],[-118.254046215018,34.2500236467529],[-118.254735085398,34.2494906067384],[-118.255388825363,34.2493325771675],[-118.255602424975,34.2492809369226],[-118.255871094907,34.2492159872683],[-118.25694150584,34.2487842273583],[-118.257724716393,34.2488380673365],[-118.25779804587,34.2488431070128],[-118.258273015703,34.2488757472071],[-118.258662666246,34.249064456691],[-118.258911055812,34.2491847572996],[-118.258914025642,34.2493850267533],[-118.258916505891,34.2495528971374],[-118.258947195934,34.2497167270228],[-118.258948916208,34.249725907053],[-118.258985356367,34.2499203871281],[-118.259059365869,34.2501258867476],[-118.259117466206,34.2502872168849],[-118.259566315726,34.2506508469553],[-118.260203535673,34.2509072467366],[-118.26020359586,34.2509072771803],[-118.260640745722,34.2507200873364],[-118.260958825689,34.2505838868363],[-118.261337847365,34.2508138972731],[-118.261981536979,34.251204507039],[-118.26230695708,34.251232907229],[-118.26237838662,34.2512391466859],[-118.263059786611,34.2512986268119],[-118.263576656564,34.2519770470041],[-118.263576677225,34.2519770967529],[-118.263772996844,34.2523958670237],[-118.263786077213,34.2532689868237],[-118.263786397013,34.2532899471178],[-118.264237566882,34.253811247086],[-118.265193156952,34.2541695671501],[-118.265335907335,34.2541680969973],[-118.266071387703,34.2541604967524],[-118.26614312806,34.2541597572209],[-118.266143167585,34.2541597468258],[-118.266144088359,34.2541718666769],[-118.266200408235,34.2549209767079],[-118.266222218432,34.2552109367547],[-118.266557458018,34.2556174970404],[-118.266609278234,34.2556803368],[-118.267020798262,34.2556304170842],[-118.267434278414,34.2555802768195],[-118.267557797664,34.2555652867086],[-118.267557838088,34.2555652867086],[-118.268007618263,34.2553411170726],[-118.268312278298,34.2551892871637],[-118.268435118422,34.2551538769507],[-118.268690748409,34.2550801971379],[-118.268690797816,34.2550801770905],[-118.268978637796,34.2553133070649],[-118.269219988163,34.2555087773296],[-118.269267888131,34.2555475768568],[-118.27016246822,34.2560643069512],[-118.270976598786,34.2560116870448],[-118.271736658856,34.2559625671825],[-118.273344638723,34.255472447306],[-118.273344679147,34.2554724369111],[-118.274003238574,34.2555517867708],[-118.274184329053,34.2555735966461],[-118.274248979008,34.2555813868405],[-118.275144169053,34.2557626467606],[-118.275320698786,34.2557983871242],[-118.275916889081,34.2559190968676],[-118.275916928606,34.2559191072624],[-118.276776070158,34.2561862770502],[-118.276776099802,34.2561862867025],[-118.276799190098,34.2562064169159],[-118.277177459885,34.256536266763],[-118.277402000078,34.2567320668168],[-118.277550300253,34.2569473066897],[-118.27788772005,34.257437097226],[-118.277915080039,34.2575956773389],[-118.277934250087,34.2577067568931],[-118.278043970316,34.2583427670794],[-118.278053499645,34.2589719069389],[-118.278057119855,34.2592105069462],[-118.278061439853,34.2592478970685],[-118.278137640346,34.2599070170084],[-118.278145429637,34.2599743669186],[-118.278166440334,34.2601561370876],[-118.27860259037,34.2606848271177],[-118.278848939862,34.2609834367857],[-118.279080719579,34.2612643872313],[-118.279328059912,34.2615641768003],[-118.27935213027,34.2618707667339],[-118.279382431343,34.2622567866919],[-118.27938681063,34.2623125869724],[-118.279386851054,34.2623130673243],[-118.279198160827,34.2628036670444],[-118.279158341206,34.2629071766456],[-118.279158321443,34.2629072167365],[-118.278737929653,34.2633249073191],[-118.278576639838,34.263485166821],[-118.278576610194,34.2634851868663],[-118.278315810402,34.2637443167498],[-118.278315690028,34.2637444370213],[-118.278529691187,34.2638596667275],[-118.27889060103,34.2640539968309],[-118.279349350883,34.2640692868494],[-118.279415670805,34.264071497016],[-118.279793801353,34.2640840972657],[-118.279793920829,34.264084137356],[-118.280523290856,34.2643277267176],[-118.280523321398,34.2643277267176],[-118.280523360924,34.2643277371114],[-118.280674480911,34.2643428570678],[-118.280899280718,34.2643653573338],[-118.281461951276,34.2644216372977],[-118.281461951276,34.2644216669941],[-118.28155846088,34.2656098969378],[-118.281569970994,34.2657516967864],[-118.281569980875,34.2657517769655],[-118.281569900925,34.265751917279],[-118.28123281081,34.2663435271677],[-118.281021571073,34.2667142667584],[-118.280130860926,34.2675125979917],[-118.280470581308,34.2679823978335],[-118.281328121163,34.2681312277154],[-118.282075661413,34.2681051680101],[-118.282942822225,34.2680749279626],[-118.28294285187,34.2680749279626],[-118.283042022284,34.2681054077984],[-118.284682142075,34.2686094871647],[-118.284804701924,34.2686471566955],[-118.284804742348,34.2686471767396],[-118.285222841638,34.2689731070815],[-118.285283032355,34.2690200167335],[-118.285283071881,34.2690200471707],[-118.285731562075,34.2693696271487],[-118.285744321745,34.2693795667031],[-118.286103091801,34.2696592077806],[-118.286103222057,34.2696595782206],[-118.286263061991,34.2701270877632],[-118.286600341651,34.271113618285],[-118.28660130195,34.2711136383285],[-118.286713672209,34.2711159180909],[-118.287350793341,34.2711287978942],[-118.28916717337,34.2711655168291],[-118.289167203015,34.2711655168291],[-118.289167113183,34.2711660973479],[-118.288967832717,34.2723516976447],[-118.288967803073,34.2723518579904],[-118.288790352567,34.2731128081774],[-118.288747033109,34.2732985481543],[-118.288677412776,34.2735971078404],[-118.288677383131,34.2735972377482],[-118.288677383131,34.2735972681837],[-118.288606743211,34.274917997843],[-118.288606683024,34.2749190883085],[-118.288664813006,34.2749961379383],[-118.288976653275,34.2754094979453],[-118.289285762666,34.2758192178572],[-118.290346303809,34.2762629282153],[-118.290481454445,34.276319468189],[-118.290987034372,34.2762264379102],[-118.291110983915,34.2762036379566],[-118.291618683866,34.2761102178381],[-118.291618703628,34.2761102482727],[-118.291704754148,34.2762637878061],[-118.291798463703,34.2764310181318],[-118.291824543593,34.2767699880117],[-118.291851784105,34.2771241476707],[-118.291876753677,34.2774487980957],[-118.291262744401,34.2776919182129],[-118.291262624026,34.2776919976384],[-118.290979883782,34.2778705280069],[-118.289991894175,34.2784943576974],[-118.289386843797,34.2793291083691],[-118.288340543646,34.2812595490725],[-118.288340514002,34.2812595787629],[-118.287884313568,34.2818538986317],[-118.28781105416,34.2819493387264],[-118.287700034069,34.2819932891873],[-118.287853463624,34.2837740592188],[-118.289065293637,34.2850461087629],[-118.289269424108,34.285260389208],[-118.28991615362,34.2859392190503],[-118.290258703696,34.2862987686564],[-118.29097426482,34.2870498391994],[-118.291277745367,34.2873683688903],[-118.291455814813,34.2875785991311],[-118.291677305226,34.2878400788],[-118.291688675203,34.2878535089829],[-118.292414444782,34.2876363687506],[-118.293321965103,34.2873648493384],[-118.293477935094,34.2872369689706],[-118.295020125044,34.2859725588658],[-118.29779495538,34.2841987827498],[-118.298150425026,34.2835173781132],[-118.298599094883,34.2826572781544],[-118.29926667609,34.282294657855],[-118.299988516438,34.2819025676677],[-118.301493405643,34.2811522683548],[-118.301660906409,34.2808424782955],[-118.301742435708,34.2806916883182],[-118.302005606153,34.2802049280702],[-118.302725496259,34.2794498778681],[-118.303961876331,34.2793432977792],[-118.304384585774,34.2793871382609],[-118.304642885554,34.279413918191],[-118.304909935824,34.2794416066613],[-118.305001436422,34.2794510870394],[-118.305517636232,34.2795046067674],[-118.305596376262,34.2795127673687],[-118.305913246198,34.2794528566307],[-118.306711386752,34.2793019268387],[-118.30716737698,34.2792157073134],[-118.308142827004,34.27900217675],[-118.308288966731,34.2789701873503],[-118.30902894676,34.2783673471544],[-118.309567127447,34.2779288869985],[-118.309567166973,34.2779288669566],[-118.310025897062,34.2777488172378],[-118.310887936579,34.2774104473686],[-118.311524666944,34.2771605173338],[-118.311912287294,34.2767641468378],[-118.312355536716,34.2763108670903],[-118.312385717415,34.2762902473128],[-118.312385756941,34.2762902272705],[-118.312930267157,34.2766571372617],[-118.313277507337,34.2768911070997],[-118.313283756916,34.2772956971974],[-118.313287336703,34.2775271971266],[-118.313287367245,34.2775272268184],[-118.313424707974,34.2776605073041],[-118.313502927879,34.2777364068357],[-118.314221148017,34.2784333669479],[-118.31551685822,34.2789539269088],[-118.315582007637,34.2790031172215],[-118.315982157689,34.2793052173639],[-118.315931147754,34.2799673570365],[-118.316012247658,34.2804358469554],[-118.316032278292,34.2805516067788],[-118.316527768342,34.2804500168796],[-118.316912458387,34.2803711470064],[-118.316949037786,34.2803636471089],[-118.316949068328,34.2803636270676],[-118.316987638393,34.2803273070379],[-118.317447148221,34.2798946371956],[-118.317523168152,34.2798230566839],[-118.317935688005,34.2798439472674],[-118.318210147579,34.2798578367116],[-118.318351569354,34.2798649966925],[-118.318422268563,34.2798366766858],[-118.318450068727,34.2798255470163],[-118.318808528864,34.2796819768199],[-118.31945184927,34.2796496172831],[-118.320339578807,34.2795636972522],[-118.320517119145,34.279636496803],[-118.321851499126,34.2801836367497],[-118.322146398965,34.2799323669906],[-118.322154039137,34.2799258572475],[-118.322106948551,34.2798135867395],[-118.322058399102,34.2796978370339],[-118.322058449408,34.2796978370339],[-118.322072499059,34.2796956673609],[-118.322945358783,34.2795610458379],[-118.323179918785,34.2796672463476],[-118.323439379188,34.2797847263391],[-118.323929039171,34.2797285360812],[-118.324008779026,34.2796313157122],[-118.324139639308,34.2794717557742],[-118.324206949174,34.2794464359239],[-118.325114819838,34.2791049456572],[-118.325114860262,34.2791049456572],[-118.325322510332,34.2790942857548],[-118.32617259956,34.2790506759701],[-118.326370810132,34.279040505967],[-118.326477999807,34.2790835360352],[-118.326610060239,34.2791365556998],[-118.326628899707,34.2791441158316],[-118.326851939714,34.2792336660413],[-118.326863619609,34.2792383461176],[-118.326926129776,34.2792634463158],[-118.32696991007,34.2792899657452],[-118.327297579553,34.279488465936],[-118.327590230011,34.2797694859416],[-118.32779553997,34.2799666459383],[-118.327887920018,34.2799809458395],[-118.328889619714,34.2801359561672],[-118.330100481343,34.2803233262412],[-118.330100491224,34.280323355932],[-118.330382740988,34.2807274960262],[-118.330931010654,34.2810542561522],[-118.331682660697,34.2815022157811],[-118.331942801125,34.2815775863242],[-118.332021401017,34.2816003662637],[-118.332823560633,34.281922515811],[-118.333116980948,34.281973246052],[-118.333376940815,34.282018205968],[-118.333542840783,34.2819548663079],[-118.333651220726,34.2819134959106],[-118.334031921353,34.2827236360131],[-118.334225131004,34.2833068556598],[-118.334225060936,34.2833068163208],[-118.333545100944,34.2829580157578],[-118.333502721124,34.2831004959369],[-118.333370440605,34.2835452559879],[-118.333297660898,34.2836700958167],[-118.333260351169,34.283734076222],[-118.333191291385,34.2838525458723],[-118.333057440611,34.2840553061231],[-118.33280210078,34.2844421460946],[-118.332866300678,34.284566936346],[-118.333023431293,34.2848723661765],[-118.333261660913,34.2851061661865],[-118.333459400768,34.2853002163533],[-118.333477211665,34.2854640968527],[-118.333495321701,34.285630646811],[-118.333236420948,34.2855546668253],[-118.332954321203,34.2854718672072],[-118.33291007109,34.2854588767832],[-118.332388951207,34.2854645169521],[-118.332088841139,34.2858749671863],[-118.332019890949,34.2859761066803],[-118.331953461432,34.2860735668695],[-118.331879131233,34.2861826070439],[-118.331856490992,34.2866918373547],[-118.332138021206,34.287045057133],[-118.332413220991,34.2871877270688],[-118.332570812442,34.2872694272689],[-118.332422200551,34.287342027171],[-118.332357811108,34.2873734871587],[-118.332038591179,34.2872738270848],[-118.331649080773,34.2871522167706],[-118.331440111078,34.2872002770952],[-118.33106864064,34.2872857068835],[-118.330936881145,34.2874121072146],[-118.330827071084,34.2875174472348],[-118.3308194911,34.2875897366805],[-118.330800360577,34.2877721470539],[-118.331021800685,34.2882023768074],[-118.331728890696,34.2883219467788],[-118.332623952282,34.2886939469298],[-118.332903031892,34.2888944971187],[-118.332903072316,34.2888945268065],[-118.332936901971,34.2890977372786],[-118.332791992038,34.28930425669],[-118.332756972115,34.2893541668076],[-118.332299152018,34.2894863872471],[-118.332299101713,34.2894863968955],[-118.332088951632,34.2897686169866],[-118.332156541772,34.2898664973077],[-118.332196142205,34.2899238267225],[-118.332245922346,34.2899958966377],[-118.332461261995,34.2900190869502],[-118.332675882092,34.2900421971003],[-118.333020262036,34.2904964767322],[-118.333020301562,34.2904964767322],[-118.333450332275,34.2905426767247],[-118.333877361717,34.2904247471654],[-118.334121861578,34.2903572271932],[-118.334410121969,34.2902509867544],[-118.33452628222,34.2902081768946],[-118.334548642186,34.290199937176],[-118.334763282047,34.2901975666425],[-118.33506623169,34.2903467171546],[-118.33531948204,34.2904713969589],[-118.335429481645,34.2905935568778],[-118.335569172366,34.2907486968095],[-118.335541721648,34.2909525470068],[-118.335356951668,34.2911243273281],[-118.335209342298,34.2912615368439],[-118.335209301873,34.2912615769214],[-118.334905232031,34.2914175869301],[-118.334662942026,34.2915135772456],[-118.33450910194,34.2915745169414],[-118.334509092059,34.2915745570187],[-118.334452191871,34.291855106896],[-118.3343347623,34.2921871769983],[-118.334339951867,34.2925126769048],[-118.334344102084,34.2927724067901],[-118.334497431927,34.2929784073064],[-118.334625991623,34.2931511267676],[-118.334692901739,34.2933361871801],[-118.334754301589,34.2935059870137],[-118.335097942219,34.2939094069106],[-118.335470653231,34.2942107269077],[-118.335470692757,34.2942107573358],[-118.335633192601,34.2947942468077],[-118.335914323065,34.2951220268571],[-118.336016122848,34.2951751269444],[-118.336158023425,34.2952491471485],[-118.336439983033,34.2953962166453],[-118.336713863193,34.2954536372804],[-118.336958363054,34.2955048966598],[-118.336994893045,34.2955125569917],[-118.336969392569,34.2955673466756],[-118.336969442875,34.2955673169902],[-118.337268122825,34.2954125971004],[-118.337418233106,34.2954896368489],[-118.337608153127,34.2955870971356],[-118.337832843339,34.2962207970078],[-118.337832872983,34.2962208170453],[-118.338144312604,34.2965227766292],[-118.33839079325,34.2967054370008],[-118.33851664273,34.2967986969337],[-118.339126913218,34.2966138667867],[-118.339126952744,34.2966138571391],[-118.339163983096,34.2966031571565],[-118.339676433339,34.2964551769552],[-118.339811173445,34.2964278169162],[-118.340073683629,34.2963745068561],[-118.34013534399,34.2965119668002],[-118.340165223753,34.296578586821],[-118.340232673756,34.2967289972663],[-118.340242523783,34.2967777170571],[-118.340578883568,34.2968375872436],[-118.341065134445,34.2969012466732],[-118.341659973673,34.2969691072157],[-118.342141024203,34.2976196672271],[-118.34228989391,34.2980376966653],[-118.342352984389,34.2982148673052],[-118.342922893571,34.2987333967741],[-118.342843673841,34.2991819471213],[-118.342739773797,34.2995845382924],[-118.342719794367,34.2999450677009],[-118.342800974221,34.3004448879788],[-118.342841563699,34.3006948882795],[-118.342908263609,34.3008903480333],[-118.342958653706,34.3010380280386],[-118.342875404134,34.3011010483162],[-118.342646234023,34.3012745280404],[-118.34199234404,34.3015750379794],[-118.341920324307,34.3016081482236],[-118.341594013975,34.3017833982476],[-118.341516363602,34.30182510764],[-118.341606894019,34.302159927802],[-118.341508383867,34.3022800478237],[-118.341047794265,34.3019625282391],[-118.340603503695,34.3017443477118],[-118.340590443987,34.3017379279661],[-118.340387624159,34.3016257177674],[-118.340387583735,34.3016256977312],[-118.340432453685,34.3015874478293],[-118.34042969406,34.3014093782183],[-118.340438523601,34.3011195277645],[-118.340449863934,34.3007475277166],[-118.340449824408,34.3007474876437],[-118.340104844389,34.3002677576632],[-118.339784524023,34.2994059880055],[-118.33983578369,34.298769227963],[-118.33983578369,34.2987691878892],[-118.338882484324,34.2986014676939],[-118.338351592568,34.2985903278938],[-118.338084972591,34.2985847383273],[-118.337832843339,34.2985751881231],[-118.337563452958,34.2985649781825],[-118.337013143218,34.2986728080937],[-118.336882682686,34.2987374279043],[-118.336640522937,34.2988573880731],[-118.336640472631,34.2988573977204],[-118.336280573392,34.2988844178254],[-118.335608893173,34.2990698678288],[-118.33560886263,34.2990698782183],[-118.335286263239,34.2991965480153],[-118.335251173247,34.2992103177506],[-118.33523562341,34.2992164282323],[-118.335235573104,34.2992164378796],[-118.335220923378,34.299215137714],[-118.335102323303,34.2992046480781],[-118.335065842719,34.2992005078812],[-118.334785753403,34.2991687577067],[-118.334480883162,34.2991866780339],[-118.334480832857,34.2991866780339],[-118.334409923441,34.2991979980861],[-118.334199393373,34.2992315983136],[-118.334199343067,34.299231607961],[-118.333847622989,34.2992495579588],[-118.333632283341,34.299219018174],[-118.33353097314,34.2992046480781],[-118.333530932716,34.2992046480781],[-118.333418452862,34.2991791078315],[-118.333214362816,34.2991327879149],[-118.33289773273,34.2990339677525],[-118.33266312332,34.2989607582946],[-118.332581101745,34.2989351578633],[-118.332276162334,34.298899248082],[-118.332006491679,34.2989172181878],[-118.331997142013,34.2989187780951],[-118.331736802159,34.2989621378695],[-118.331467021909,34.2989800983144],[-118.331264502119,34.2989598180464],[-118.33119733239,34.2989530878876],[-118.33093943236,34.298872257666],[-118.330669681755,34.2987914281088],[-118.330388201847,34.2987464779094],[-118.330272331752,34.2987391080365],[-118.330106801889,34.2987285782674],[-118.329967162372,34.2987242681042],[-118.329895201928,34.2987220380697],[-118.329813581899,34.2987195178708],[-118.329660361651,34.2987105279736],[-118.329508701777,34.2987016278705],[-118.329505081566,34.2987016278705],[-118.329223431877,34.2987015981861],[-118.329203832434,34.2987015877966],[-118.329203772247,34.2987015981861],[-118.328898921768,34.2987284981197],[-118.328785551685,34.2987838177971],[-118.328640982213,34.2988543476614],[-118.328489381627,34.2990182276984],[-118.328441582271,34.2990698982551],[-118.328441551728,34.2990699279393],[-118.326272161639,34.3009294190026],[-118.326272122114,34.3009294590753],[-118.326178341591,34.3013426388428],[-118.326143161768,34.3017289087086],[-118.326178352371,34.3020972288967],[-118.326178362252,34.302097268969],[-118.326205202116,34.3021841989319],[-118.326211872107,34.3022057688937],[-118.326251681848,34.302334419015],[-118.326283901722,34.3024385492948],[-118.326357101841,34.3025542587713],[-118.32647147175,34.3027350493613],[-118.326681001993,34.302888259006],[-118.326729472391,34.3029236988352],[-118.326893311624,34.302965509325],[-118.327010942417,34.3029955186516],[-118.327270232141,34.3030041593172],[-118.327280702006,34.3030045088322],[-118.32736101229,34.303018519116],[-118.327538611917,34.303049479015],[-118.327769132195,34.3031419289856],[-118.32778490212,34.3031482491867],[-118.327784941646,34.3031482692226],[-118.328019431579,34.303283028828],[-118.328218762351,34.3034357588404],[-118.328382951927,34.3036153691338],[-118.328411521946,34.3036450687872],[-118.32854712174,34.303786058701],[-118.328734771718,34.3039207586601],[-118.328858001711,34.3039605591504],[-118.328957552112,34.3039927089687],[-118.329180321726,34.3039836988581],[-118.329180372032,34.3039836892113],[-118.329414881728,34.3039207890847],[-118.329424061612,34.3039184493629],[-118.329576172441,34.3041708487925],[-118.329602761675,34.3044676187884],[-118.329626602064,34.3047335887526],[-118.329691852093,34.3048280886488],[-118.329838313417,34.3050401793053],[-118.329838272993,34.3050402089874],[-118.329060392144,34.3055306090702],[-118.328197121936,34.3061793589696],[-118.326035352256,34.3078038886557],[-118.325939371759,34.3078760189179],[-118.324503762426,34.3084677396898],[-118.32450371212,34.3084677500781],[-118.324254691937,34.3085093003262],[-118.32397322191,34.3085562598879],[-118.323862191938,34.3085747896372],[-118.323181481853,34.3087489603253],[-118.322793081765,34.3089644602956],[-118.322384412092,34.3091911997645],[-118.321892692271,34.3094986800397],[-118.321787292041,34.3095645900419],[-118.321787251617,34.3095646100763],[-118.321070610717,34.3100059503574],[-118.321070581073,34.3100059800378],[-118.320639760741,34.3106732298407],[-118.320246346257,34.311282519941],[-118.320162980802,34.3116989498989],[-118.320003862216,34.3124937797957],[-118.319985341649,34.3125863202786],[-118.319793291723,34.3131555102678],[-118.319558082239,34.3132966600623],[-118.318717901428,34.3138008497548],[-118.318717861004,34.3138008801758],[-118.318201041357,34.3141733610707],[-118.316839011231,34.314488261336],[-118.316550801145,34.3145652813609],[-118.316546880898,34.3145663208581],[-118.31631854083,34.3146273410263],[-118.316011361021,34.3146306108769],[-118.315675480936,34.3146341812241],[-118.314926130581,34.3149291513308],[-118.314926110818,34.3149291810094],[-118.313126650556,34.318051821259],[-118.312616781174,34.3189365611198],[-118.312570691312,34.3192152107818],[-118.311472111008,34.3205337321568],[-118.310683361442,34.3215207021528],[-118.310053560682,34.3220569423188],[-118.309678151131,34.3223765619042],[-118.309678110707,34.3223765819354],[-118.309455600706,34.322451581952],[-118.30845155012,34.3227900018892],[-118.307941379802,34.3230149716957],[-118.306694389728,34.3235648523207],[-118.30660355029,34.323593251806],[-118.304186839631,34.3243477516896],[-118.302010180375,34.324579903165],[-118.300895258818,34.3246496427752],[-118.300475558731,34.3246758926711],[-118.299260969093,34.3247559932693],[-118.298392729404,34.3248096733134],[-118.2980000192,34.3248339430889],[-118.297489579387,34.3248101829833],[-118.296305778608,34.3247550829851],[-118.295091207835,34.3246790627184],[-118.294318908219,34.3246307226363],[-118.294318857913,34.324630742667],[-118.293981668084,34.3247485633615],[-118.293429008352,34.3249416932701],[-118.292460577763,34.3252800831349],[-118.291957528391,34.3267384627904],[-118.293202677816,34.3279846833105],[-118.293202708359,34.3279847129844],[-118.293921137804,34.3283467428626],[-118.294614849206,34.3286963030228],[-118.29461487885,34.3286963230525],[-118.296427468888,34.3288708926453],[-118.297067609257,34.3288444229928],[-118.29732817908,34.3288336529331],[-118.298002839012,34.3288057529974],[-118.299227249032,34.3286958927836],[-118.299770188993,34.3287256532977],[-118.299790789159,34.3287267831243],[-118.300931019851,34.328789272973],[-118.301447799973,34.3288175927968],[-118.303152610143,34.329574452961],[-118.3035121797,34.3298263731832],[-118.304037960042,34.330194742953],[-118.304401710359,34.3308233531115],[-118.304817951034,34.331542662912],[-118.305178180853,34.3328104327749],[-118.305179591207,34.3328343330421],[-118.305181600739,34.3328686230406],[-118.304991731024,34.3334874332637],[-118.304757860928,34.3342496137282],[-118.304577021078,34.33483895437],[-118.304415410565,34.3355569739015],[-118.304303820942,34.336052724176],[-118.303793511385,34.337222284136],[-118.303793451198,34.3372224043023],[-118.303717380962,34.3376585240026],[-118.303717380962,34.3376585640578],[-118.30371199107,34.3378230040388],[-118.303704081404,34.3380635742961],[-118.303685841112,34.3386219643673],[-118.303787751388,34.3385525738702],[-118.303787790914,34.3385525338154],[-118.304457750859,34.3380341041558],[-118.304620051278,34.3379255036697],[-118.305311940897,34.3374625141623],[-118.305881020934,34.3376910139943],[-118.305932171006,34.3377115541663],[-118.306316241215,34.3386278739317],[-118.306322681237,34.33904292429],[-118.306327660599,34.3393640843144],[-118.306443942122,34.3395691738861],[-118.306517881555,34.3396995840234],[-118.306645801651,34.3403799438802],[-118.306652202148,34.3404140038219],[-118.306852151859,34.3413833938517],[-118.306806401559,34.3424065542028],[-118.306752752374,34.3429184438145],[-118.306720301633,34.3443050543363],[-118.306715651953,34.3445039949718],[-118.306816531861,34.3453727653418],[-118.307920052,34.3459960550901],[-118.308444731907,34.3457764648406],[-118.308556342191,34.345729755288],[-118.308605501596,34.3457031352],[-118.309616593178,34.3451555839769],[-118.310719842924,34.3450987936611],[-118.31082070307,34.3451395143567],[-118.312239943302,34.3457125139035],[-118.313029113279,34.3461394941238],[-118.313255193185,34.3468027037177],[-118.313360882673,34.3476739638079],[-118.313488073338,34.3476951838759],[-118.313593293007,34.3477127237477],[-118.314007143265,34.3478222141768],[-118.314783654183,34.3480276242321],[-118.315841963911,34.348410424076],[-118.317164864321,34.3488889540563],[-118.317571714008,34.3488362639682],[-118.318076954372,34.3489468342761],[-118.31868521443,34.3490799443158],[-118.319046253631,34.3498212040996],[-118.320070204596,34.3498742043225],[-118.320744565388,34.3499090940286],[-118.321220194585,34.3499337036372],[-118.321280005315,34.3498884441125],[-118.322141984644,34.3492360938599],[-118.322154614957,34.3492265338435],[-118.322941805047,34.3491744439721],[-118.323031235029,34.3492522739442],[-118.32363413484,34.3497769539089],[-118.32454624106,34.3509870336506],[-118.32458203623,34.3511084143049],[-118.324990536122,34.3510421942914],[-118.325386676094,34.3509779737033],[-118.325477575719,34.3511672741878],[-118.325616696011,34.3514569740621],[-118.325677166104,34.3515829136428],[-118.325815655778,34.351871314214],[-118.32581567644,34.3518713438796],[-118.326113815604,34.3522556843476],[-118.326950696004,34.3533345037705],[-118.327251145636,34.3540508438849],[-118.327566795661,34.3548034041573],[-118.327665695682,34.3555064547481],[-118.327800896624,34.3564303149235],[-118.327614366845,34.3578153552604],[-118.330525447354,34.3590748650455],[-118.33235424839,34.3602322351658],[-118.332354278034,34.3602322448061],[-118.333070898272,34.3606456746962],[-118.333166347864,34.3608583346936],[-118.333694018262,34.3606488952934],[-118.333694047907,34.3606488752713],[-118.333817597699,34.3605483648479],[-118.333859458293,34.3605143049283],[-118.333958947609,34.3603098153461],[-118.335038558189,34.3602233148902],[-118.335757168196,34.3601574550624],[-118.336418638163,34.3600968343422],[-118.3372482476,34.3599978538494],[-118.337967028286,34.3597502437813],[-118.33845397895,34.3597378536554],[-118.338485818837,34.3598844037814],[-118.33850253918,34.3599613739744],[-118.338688059252,34.3602955439561],[-118.338688079015,34.3602955743602],[-118.339230268883,34.3604016942668],[-118.33986740888,34.360346114128],[-118.339874269314,34.3603455142034],[-118.339874308839,34.3603455142034],[-118.339874908914,34.3603475839061],[-118.340441699146,34.3622962749404],[-118.34007602913,34.3631706152622],[-118.339594469255,34.3643220151312],[-118.339563348919,34.3643964148223],[-118.338398399285,34.3653431848503],[-118.338222178573,34.3655748350397],[-118.33795671922,34.3659238047561],[-118.337192598764,34.3667007147997],[-118.336854268974,34.3670447050775],[-118.33584816933,34.3679438352251],[-118.335166888816,34.3684151850468],[-118.334247799092,34.3690510659193],[-118.333913889013,34.3693647962572],[-118.333398258735,34.3698492763523],[-118.333215129079,34.3700213460249],[-118.332966438578,34.3704258759004],[-118.332862748739,34.3705945558597],[-118.332862728976,34.37059458626],[-118.332787909195,34.3708642163466],[-118.332698189057,34.3711875063044],[-118.33208623872,34.3717717463054],[-118.331563258426,34.3722169960302],[-118.331373058131,34.3723789258691],[-118.331322857578,34.3724870457487],[-118.331233208407,34.3726800857388],[-118.331175149392,34.3735798360509],[-118.331081298801,34.3740961759807],[-118.330547479435,34.375025116141],[-118.330518109017,34.3757924366947],[-118.330635228669,34.3764138772611],[-118.330691859363,34.3773011569337],[-118.330702779283,34.3779902767892],[-118.330556778795,34.3786398772642],[-118.330432698996,34.3791919272417],[-118.330298999139,34.3798827167188],[-118.330233838942,34.3803329669769],[-118.330385979415,34.3808107667981],[-118.330385989297,34.3808108068328],[-118.330659608946,34.38153257691],[-118.330725408743,34.3817061572258],[-118.330951729398,34.3823030568646],[-118.330361388932,34.3824233371918],[-118.33027210897,34.3824415266469],[-118.330247878711,34.3824464671202],[-118.330366369192,34.3827935768971],[-118.330336258562,34.3833343471356],[-118.330334508644,34.3833658867936],[-118.330148888859,34.3840834172896],[-118.330049378881,34.3845626279963],[-118.329981219209,34.3851335980543],[-118.329830278885,34.3858825483241],[-118.329286329218,34.386495777899],[-118.328573339072,34.387063117841],[-118.328562349083,34.3870718677188],[-118.327876399125,34.3876192080886],[-118.32741898866,34.3876189582632],[-118.32707535881,34.3876187677435],[-118.327013249291,34.3876227983096],[-118.326198138663,34.387675698267],[-118.32592753915,34.3878687877576],[-118.325764989,34.3879847782339],[-118.325531508772,34.3881513678982],[-118.325515508879,34.3881627782487],[-118.324459989318,34.388152557712],[-118.323201648133,34.387862837927],[-118.3229825679,34.3877488377276],[-118.322735248227,34.3876201480845],[-118.322735207803,34.3876201280688],[-118.322591127913,34.3876983982609],[-118.322567957667,34.3877109881147],[-118.322546068419,34.3877228781599],[-118.322399487619,34.3878024981997],[-118.322167588426,34.3877666182995],[-118.322034877614,34.3877460978067],[-118.321841478419,34.3877161677237],[-118.321177647678,34.3877463283574],[-118.320616977668,34.3877717882679],[-118.320506588195,34.387776807748],[-118.31960200806,34.3877742383317],[-118.31898250828,34.3877724688],[-118.318808738172,34.3877719691501],[-118.316852817439,34.3878541689356],[-118.313684756774,34.3892102287581],[-118.312661297188,34.389289568652],[-118.310902645593,34.3894258793171],[-118.307823156121,34.3896431186759],[-118.306682086402,34.3896555592353],[-118.306174815846,34.3896610893606],[-118.304838755117,34.3896522997229],[-118.304388025424,34.3896384002771],[-118.303741955275,34.3896184799581],[-118.303724985201,34.3896179499257],[-118.303481504928,34.3896407902407],[-118.303169095126,34.3896700999058],[-118.302241445357,34.389734949857],[-118.301892724753,34.389759320189],[-118.301075935174,34.3905611702064],[-118.301011244796,34.3907880501087],[-118.301010225208,34.3907916201789],[-118.300773465232,34.3916220198488],[-118.299192085379,34.3924848600178],[-118.297762695082,34.3928192701535],[-118.297762665437,34.3928192797901],[-118.297127643668,34.3929970901367],[-118.296820403671,34.3930831201398],[-118.295826094416,34.3935781810342],[-118.294184463658,34.3947604810853],[-118.29267833388,34.3949935909845],[-118.291702983568,34.3951445410449],[-118.291702953924,34.3951445506812],[-118.28839667308,34.3956660212591],[-118.288012953215,34.3960331610626],[-118.285850363373,34.3964752308317],[-118.285267292973,34.3965736612112],[-118.284864282685,34.3965779011177],[-118.284102162778,34.3969232022371],[-118.282755162366,34.3976637222431],[-118.282364502117,34.3978784823001],[-118.281535082225,34.3983640923581],[-118.281657092305,34.3986786223617],[-118.281664462084,34.3986976317844],[-118.281877352026,34.3992464623302],[-118.281499532296,34.3999834217484],[-118.281399732163,34.4001780816383],[-118.280798122332,34.4005396322157],[-118.279893092141,34.4010835120484],[-118.279548431923,34.4019396120858],[-118.279558732006,34.4026181221098],[-118.279568112214,34.4032366930813],[-118.27956807179,34.4032367331052],[-118.278576752128,34.4041528930247],[-118.278576732365,34.4041529226717],[-118.277657752236,34.405636503026],[-118.277390581592,34.40616067274],[-118.27730227181,34.406333892925],[-118.277031892384,34.4066069232168],[-118.27565365216,34.4079985430303],[-118.274247461753,34.4084033926597],[-118.273435682079,34.4100593237757],[-118.273435672197,34.4100593541617],[-118.273038891726,34.4114941640407],[-118.272984321768,34.4121654938322],[-118.2729507122,34.4125788941232],[-118.273173072182,34.4134436940543],[-118.273430841956,34.4143700336373],[-118.27344973173,34.4144379340183],[-118.273775371919,34.4152148837772],[-118.273775371919,34.4152149237954],[-118.273779941648,34.4155154538023],[-118.273783292364,34.4157350539287],[-118.273783271703,34.4157350843126],[-118.273502561652,34.4162425641425],[-118.273446151943,34.41634458397],[-118.273325051857,34.4165636342718],[-118.273306672326,34.4165651638306],[-118.273295721863,34.4165660738588],[-118.272776412085,34.4166106837545],[-118.272175652061,34.4166622840875],[-118.271265011891,34.4168426441572],[-118.270558701617,34.4169825152058],[-118.27051450181,34.4169908551127],[-118.26946901194,34.4171879350073],[-118.269468982296,34.4171879550159],[-118.26874259198,34.417805254797],[-118.268394862219,34.4184760448381],[-118.268011322017,34.4189424149186],[-118.267779971695,34.4192237348458],[-118.266953772264,34.4196825051203],[-118.266759731671,34.4197902452599],[-118.26635470197,34.4197316848124],[-118.266042591308,34.4196865548911],[-118.265261401065,34.419549024861],[-118.264579490832,34.4194289653638],[-118.263471270707,34.4187900953601],[-118.262458341172,34.4181473447772],[-118.262064391292,34.4178973551996],[-118.261992300593,34.4178516151421],[-118.261992261067,34.4178515847588],[-118.261470521346,34.4179437051189],[-118.261235540034,34.4174191149571],[-118.261190510184,34.4173185748526],[-118.260929260336,34.4167353352242],[-118.261221009785,34.4152583153404],[-118.261329609814,34.4149276647079],[-118.261421040344,34.4146492850232],[-118.261763770083,34.4130850146661],[-118.261763779964,34.4130849850223],[-118.261754689912,34.4124781947917],[-118.261836239871,34.4113635239904],[-118.261884839627,34.410699294336],[-118.261889239575,34.4106921640462],[-118.262855150389,34.4091285237546],[-118.262855180034,34.4091284740988],[-118.263077150147,34.4088329741923],[-118.264496119987,34.4069438442665],[-118.264518639853,34.4069061441528],[-118.265720609957,34.4048935728846],[-118.26585362979,34.4045748830702],[-118.266629319648,34.4027164629919],[-118.266849660217,34.4021984828933],[-118.267185030059,34.401410062983],[-118.267027530237,34.4010645832177],[-118.266752249603,34.4004607432633],[-118.266057119761,34.400362023196],[-118.26476046992,34.4001778429685],[-118.263032829068,34.4000656532734],[-118.263032778762,34.4000656532734],[-118.262056609187,34.4000512330027],[-118.261306428788,34.4000401526295],[-118.259440558773,34.400208253347],[-118.258590259339,34.4002848433054],[-118.258096088915,34.400377962891],[-118.257129868182,34.4005600443206],[-118.256090877622,34.4008326739329],[-118.255410607712,34.4010111743622],[-118.254701888157,34.4010969441185],[-118.253844257572,34.4012007242424],[-118.252017808326,34.4014795541204],[-118.251429948109,34.401861753974],[-118.251137146734,34.402052134288],[-118.251090677783,34.4024427640501],[-118.251090677783,34.4024428040744],[-118.251077618075,34.4026420639894],[-118.251048007807,34.4030935637746],[-118.25163880821,34.4041280043551],[-118.25181122815,34.4051667738983],[-118.251820908396,34.4058169343064],[-118.251903187788,34.4062556742533],[-118.252104947604,34.4073314947539],[-118.251961798368,34.4080236247274],[-118.251763488083,34.4089824051646],[-118.250266107895,34.4102983148345],[-118.25026605759,34.4102983548551],[-118.249974717773,34.4106135447992],[-118.249974717773,34.4106135848196],[-118.249970978087,34.4106803046857],[-118.249960617817,34.4108650650617],[-118.249190218137,34.4118267751364],[-118.247879657885,34.4126178952757],[-118.247583037771,34.4127969352777],[-118.245813078184,34.4133785556629],[-118.245192496832,34.4138617857925],[-118.244884027042,34.4141278660568],[-118.244653666664,34.4143265660408],[-118.244309487044,34.4146234457033],[-118.243295367242,34.4150566362107],[-118.24289986687,34.4153254761471],[-118.242663886631,34.4154858760274],[-118.242272756563,34.415762815988],[-118.241906407421,34.4160221961181],[-118.241906357115,34.4160222257609],[-118.241679006992,34.4159153663463],[-118.241432677262,34.4157995857699],[-118.241135657399,34.4156599661899],[-118.240144486857,34.416361715961],[-118.239999446668,34.4164643959331],[-118.239999436786,34.4164644263168],[-118.239446537204,34.41789723589],[-118.237552707125,34.4192378768852],[-118.235389156086,34.421126237097],[-118.235285606385,34.4212166072557],[-118.235285556079,34.421216647271],[-118.234086995979,34.4221273572023],[-118.233405586107,34.4235085966717],[-118.231685115607,34.4236316580409],[-118.230414196211,34.423961628105],[-118.229278255873,34.4241527576578],[-118.229077865987,34.4241864678757],[-118.229077815682,34.4241864782497],[-118.228312466331,34.424194188331],[-118.228019326291,34.4245683283433],[-118.22781158639,34.4248334779402],[-118.227800216413,34.4251707879445],[-118.227783735921,34.425660057868],[-118.227767046121,34.4261554180093],[-118.227743606381,34.4269353280076],[-118.227730526012,34.4273706383702],[-118.227724146177,34.427583108151],[-118.227545165839,34.4275848879552],[-118.227086345918,34.4275894582435],[-118.226544104846,34.4271509480237],[-118.226401885367,34.4270359276821],[-118.226311654987,34.42696295816],[-118.225783664789,34.4257524682417],[-118.225259265157,34.4254881277525],[-118.22475544503,34.4252341580438],[-118.22424984534,34.4255563681099],[-118.22424983456,34.4255563977493],[-118.22406924534,34.4262982077567],[-118.224215274575,34.4275654279199],[-118.22421532488,34.4275654182873],[-118.225491744661,34.4276054883349],[-118.226077425565,34.4283925580432],[-118.225938586446,34.42897357796],[-118.225836865715,34.4293992579347],[-118.225517635904,34.4295802788719],[-118.225077665332,34.4298297489382],[-118.223996565346,34.4292653589902],[-118.223984835145,34.4292592387203],[-118.223091915142,34.4292681886886],[-118.221759355148,34.4297572590258],[-118.220807204727,34.4300838788071],[-118.22013009509,34.4313314186752],[-118.22002060483,34.4315331489433],[-118.219999495319,34.4315720486387],[-118.21964519528,34.4315583287943],[-118.219354504945,34.4315470688436],[-118.218914375372,34.4315300288759],[-118.218333303724,34.4315567291212],[-118.217448064317,34.4315974188975],[-118.21686092365,34.4307046687854],[-118.216160294323,34.4305958090713],[-118.214942804025,34.430406639224],[-118.21414225419,34.4302904689721],[-118.213919894207,34.4302581986468],[-118.213615004203,34.4302745290497],[-118.213354933844,34.4302884491596],[-118.212708813389,34.4303230289937],[-118.21259195335,34.4303311193539],[-118.211842873388,34.4303829386889],[-118.211633703369,34.4303974093012],[-118.210924252585,34.4304464893317],[-118.209215762916,34.4314148797101],[-118.207819373129,34.4319044198315],[-118.207121272559,34.4319576296555],[-118.207061702578,34.4319621700675],[-118.206226192108,34.4320258402808],[-118.2059909422,34.431835500037],[-118.205263501754,34.4312469202477],[-118.205258061557,34.4312425102015],[-118.203982292157,34.4312550401559],[-118.203488682281,34.432422839819],[-118.202874662225,34.4332646201941],[-118.202508002265,34.4337672903119],[-118.202362441951,34.433966820122],[-118.202022641619,34.4342711902778],[-118.201976911981,34.4343121499048],[-118.201642052382,34.4346120800391],[-118.201228681825,34.4349823311047],[-118.20122865218,34.4349823111003],[-118.200487871753,34.4344351309108],[-118.200251382169,34.4342604396967],[-118.199809201742,34.4339338199367],[-118.199745631562,34.4338868602209],[-118.199745631562,34.4338868202117],[-118.199798211753,34.4332170103174],[-118.199799622108,34.4331991297484],[-118.200169072235,34.4326039001452],[-118.200293432308,34.4324035498409],[-118.200360841887,34.4322949501818],[-118.200390602174,34.4320866801017],[-118.200534841065,34.4310775200669],[-118.200499310899,34.4308875599877],[-118.200327621289,34.4299694700774],[-118.199606361252,34.4291765602026],[-118.198707291383,34.4281881401347],[-118.198707260841,34.4281881001227],[-118.197592781255,34.4264873498531],[-118.197468281045,34.4262973497029],[-118.197764640647,34.4254421302791],[-118.198019680441,34.4247061398456],[-118.197994140439,34.4244678798264],[-118.19797848999,34.4243218902936],[-118.197900159592,34.4235910888755],[-118.197854199986,34.4231623093325],[-118.197780989985,34.4224792590368],[-118.197768090178,34.4223589488382],[-118.197725369896,34.4219603186884],[-118.196587149634,34.4226586491732],[-118.195845090005,34.4243045302245],[-118.195541199826,34.4253647097371],[-118.194604070135,34.4267482001541],[-118.194809719656,34.427750519992],[-118.194809709775,34.4277505496306],[-118.194564290039,34.4284401002769],[-118.193304419921,34.4295624797704],[-118.193304380395,34.4295625197816],[-118.193310590449,34.4299979898442],[-118.193320949821,34.4307252513546],[-118.19344447985,34.431156380884],[-118.193473870032,34.4312589508113],[-118.193544139846,34.4315041710628],[-118.193925129731,34.4328337008475],[-118.193925090206,34.4328337312252],[-118.193390850428,34.4331864911704],[-118.193356290442,34.4332093107002],[-118.19202910956,34.433181561102],[-118.191633220218,34.4331732709699],[-118.191200809868,34.4326377210572],[-118.190958710305,34.4323378512614],[-118.190958679763,34.4323378712664],[-118.189729249956,34.4328998413668],[-118.18777787919,34.4332231806798],[-118.186039799016,34.4334406212059],[-118.184288478572,34.4338862208141],[-118.181861589102,34.4340763719008],[-118.180208647657,34.4352121319351],[-118.178382617924,34.4358379122734],[-118.17791806765,34.4359971021903],[-118.177814428117,34.436032622078],[-118.17765069758,34.4359409121006],[-118.176276377604,34.4351711119953],[-118.175181236949,34.4338123718819],[-118.173741696588,34.4324400122302],[-118.172177666796,34.4308339219606],[-118.171768856985,34.4302691416472],[-118.171410536086,34.4297741022626],[-118.171735346232,34.4289290020755],[-118.171515176342,34.4280776811083],[-118.17150407586,34.4280347911795],[-118.171504065979,34.4280347407939],[-118.167959475564,34.4282213419074],[-118.166185715205,34.4286596716459],[-118.165734395318,34.4287712020682],[-118.164897555342,34.4295375519822],[-118.164159504894,34.4302134419162],[-118.162712495041,34.4306544619361],[-118.162190215434,34.4308136320891],[-118.162190165128,34.4308136520945],[-118.161035514679,34.4303488819855],[-118.161238895056,34.4302293218337],[-118.161858114561,34.4298653121992],[-118.161858154985,34.4298652921936],[-118.162873525243,34.4294856521003],[-118.162873564769,34.4294856320947],[-118.163570814634,34.4291618322681],[-118.164139025103,34.4287335518055],[-118.164212184798,34.4286087618806],[-118.164505874607,34.4281077523562],[-118.164575305395,34.4279893123002],[-118.165330365442,34.4272421623045],[-118.164968035362,34.4269161019687],[-118.164749025198,34.4267190220333],[-118.164173694683,34.426661042177],[-118.163790785098,34.426622452147],[-118.163275594994,34.4266645321731],[-118.162475984797,34.4267298321214],[-118.162325225034,34.4267421523154],[-118.160892343884,34.4267267919001],[-118.159926704361,34.4267164323246],[-118.159709413572,34.4267141019571],[-118.159709374046,34.4267141019571],[-118.158327123742,34.4267272016594],[-118.158226424395,34.4267281523306],[-118.156711524365,34.4267424820494],[-118.156599773943,34.426750162256],[-118.15620435442,34.4267773523305],[-118.155819234081,34.426803822169],[-118.15515716314,34.4268100419092],[-118.154479843298,34.4268164016931],[-118.152693873037,34.4268332818304],[-118.152693832613,34.4268332818304],[-118.152460663203,34.4268354921566],[-118.15214526291,34.4268384619816],[-118.151418242876,34.4268453330355],[-118.151209283062,34.4271414532145],[-118.150842933022,34.4276606333377],[-118.150744142595,34.4278006233684],[-118.150667272858,34.4279095726747],[-118.150667233332,34.4279096230603],[-118.150106183334,34.4288662927463],[-118.150119962593,34.4298705632935],[-118.150144543194,34.4302287927995],[-118.150199692566,34.4310327230234],[-118.150021073351,34.4312794932336],[-118.150014002712,34.4312892528273],[-118.149698853049,34.4317246627694],[-118.149452093027,34.4315447830668],[-118.149054483411,34.4312549430934],[-118.149014582941,34.4308811931041],[-118.148981192561,34.4305684127753],[-118.149000182947,34.43028423319],[-118.149019812932,34.4299903729164],[-118.149034193163,34.4297750528992],[-118.149015282728,34.4295631132827],[-118.148958773307,34.4289299430893],[-118.148790862011,34.4281740529584],[-118.148717872097,34.4278454932768],[-118.148618972076,34.4274002727006],[-118.148618931652,34.4274002927068],[-118.148100601936,34.4276452427114],[-118.148048471802,34.4276698828278],[-118.148048432276,34.4276699028339],[-118.146848831927,34.428579733342],[-118.146301361762,34.428604622886],[-118.145997841689,34.4286184232387],[-118.145382502007,34.4286463833021],[-118.145410101846,34.4285627727929],[-118.145493091805,34.4283113628137],[-118.145627541756,34.427904033222],[-118.145627551637,34.4279039932099],[-118.146641551964,34.4274187532132],[-118.14784410238,34.426720323186],[-118.148081872063,34.4254494630825],[-118.147302041869,34.424399542251],[-118.14596567212,34.4237671132206],[-118.145440101983,34.4235183831078],[-118.144442041363,34.4241808629685],[-118.143986150848,34.4244834533224],[-118.143691710946,34.4262834526397],[-118.143008761361,34.4276642433286],[-118.142503291029,34.4282216827499],[-118.142380271242,34.4283573431482],[-118.141482760849,34.4282066730814],[-118.140589990865,34.4280568029837],[-118.140322651338,34.4271607229189],[-118.140182490798,34.4270699531325],[-118.139778221072,34.4268081331588],[-118.139678980589,34.426743863227],[-118.139411921337,34.4267463232643],[-118.139190021292,34.4267483527949],[-118.138087300653,34.4269700833575],[-118.136692180186,34.4271071232538],[-118.136303519587,34.4271452929291],[-118.136311260369,34.4277194927689],[-118.136312069752,34.4277795043606],[-118.136620630272,34.4281361341983],[-118.136765739631,34.4283038739185],[-118.136263990121,34.4289429238914],[-118.135181070148,34.4290586736722],[-118.134263089844,34.4290671739026],[-118.133458810203,34.429074604194],[-118.132950179598,34.4290582639243],[-118.132182410186,34.4290336042114],[-118.132182369762,34.4290336042114],[-118.130712690024,34.4293402840978],[-118.130592030112,34.4293654638684],[-118.129836388854,34.4293452240251],[-118.129124279057,34.4293261637728],[-118.129124228752,34.4293261741462],[-118.127917209217,34.4294708642032],[-118.127213509447,34.4295552140133],[-118.127213478905,34.4295552436513],[-118.126270149042,34.4305682542139],[-118.125481489308,34.4308569836788],[-118.125151589308,34.4309777551066],[-118.1245591387,34.4311946546642],[-118.124492619351,34.4312190047694],[-118.122113088165,34.4311619853235],[-118.121301728004,34.4311425350122],[-118.120522727854,34.4313385953658],[-118.11977580834,34.4315265850208],[-118.118897688081,34.4325479248646],[-118.117577018188,34.4340839447425],[-118.115990658075,34.4347327452779],[-118.115079186964,34.4350391160419],[-118.114212266901,34.4353304958162],[-118.113342246751,34.4357616460432],[-118.112691047222,34.4360843356348],[-118.11200168726,34.4368775259691],[-118.111811216572,34.4370966758363],[-118.109565246902,34.4364220262491],[-118.109249066871,34.4363270560417],[-118.108484615836,34.4364560856639],[-118.108340966238,34.4364803356981],[-118.107593985639,34.4366064259824],[-118.107001485623,34.4361507758654],[-118.106110765595,34.4354657660775],[-118.10526888607,34.434818315973],[-118.105080326099,34.4346732958388],[-118.104233195921,34.434849876234],[-118.103489654971,34.4350048656378],[-118.102545504946,34.435275095818],[-118.101392235208,34.4356051562457],[-118.101019334652,34.4358984062853],[-118.10059952497,34.4362285368585],[-118.10050818517,34.436300366952],[-118.100508144746,34.4363003573205],[-118.099234534896,34.4361946870231],[-118.098783725252,34.4361572771898],[-118.098783684828,34.4361572771898],[-118.098177375012,34.4362130166721],[-118.098171525183,34.4362135567818],[-118.096872014208,34.4363329972395],[-118.096871983665,34.436333006871],[-118.095402463828,34.4367126573512],[-118.094964364447,34.4368258269799],[-118.091252793391,34.4359604168622],[-118.091252743085,34.4359604072306],[-118.089173063252,34.4355609069292],[-118.088886223097,34.4355058071473],[-118.088166753403,34.4355749973058],[-118.087675632759,34.4356222272411],[-118.085881483338,34.435435776753],[-118.084864662301,34.4353300972125],[-118.082953252193,34.434848567058],[-118.082432341617,34.4347173270586],[-118.082257341715,34.4345282873075],[-118.08180283191,34.4352365668143],[-118.08084941217,34.4353109079268],[-118.080233932352,34.4353163179722],[-118.079258980892,34.4353248879516],[-118.078129971057,34.4353348582292],[-118.077270880709,34.4353424479975],[-118.075570730999,34.4352166780975],[-118.074882571186,34.4351657678807],[-118.074783661283,34.4351285880069],[-118.073878091205,34.4358438683239],[-118.073589631387,34.4364855182149],[-118.073239569599,34.4365717079794],[-118.072761520341,34.4366894179542],[-118.072761479917,34.4366894283266],[-118.072239570415,34.4365503378041],[-118.072144180112,34.4365249283],[-118.071332589982,34.4363086278793],[-118.071342009716,34.4370459682851],[-118.071108560031,34.4378982981053],[-118.071058559802,34.4380808483214],[-118.069949419803,34.437849378035],[-118.069928189918,34.4378449483335],[-118.068200109789,34.4372701586703],[-118.06682246874,34.4362497878327]],[[-118.052613859909,34.3572570907791],[-118.053770790282,34.3562348599245],[-118.053770810045,34.3562348302605],[-118.054439901319,34.35622909028],[-118.055351381414,34.3562212500891],[-118.057345620684,34.3555272797826],[-118.057472790687,34.3547910600216],[-118.057472800568,34.3547910199745],[-118.058248700632,34.3546553700774],[-118.059168750654,34.3544944998661],[-118.059906881052,34.3545220797787],[-118.060356760939,34.3545388899567],[-118.060949590637,34.3545610397547],[-118.060962941398,34.3545266303261],[-118.061310780754,34.3536301699251],[-118.061310780754,34.3536301298775],[-118.061294201448,34.3523145997892],[-118.061176831166,34.3515969988813],[-118.060860160655,34.35125003869],[-118.060860131011,34.3512499986412],[-118.060333551168,34.3508222887083],[-118.05933496144,34.3500111390859],[-118.058297260861,34.3496247687926],[-118.05852401091,34.3487002788435],[-118.059376341435,34.346979488857],[-118.061630261195,34.3455782889436],[-118.061765880752,34.344792408769],[-118.061621800862,34.34235035837],[-118.061378660152,34.3410367778369],[-118.060640919623,34.3404374383354],[-118.05954733036,34.3395489783397],[-118.059013089684,34.3386854081593],[-118.05891739036,34.3385306980013],[-118.058506459626,34.3378664282812],[-118.0591233498,34.3373212277291],[-118.059123380343,34.3373211980584],[-118.059402609971,34.3364357077551],[-118.059707700299,34.3359159980524],[-118.059672610307,34.3357014581579],[-118.059592079935,34.335209057936],[-118.059503189841,34.3344232482342],[-118.059332809076,34.3334414378971],[-118.059875959243,34.3326502068227],[-118.060422429583,34.3321210667385],[-118.060478290421,34.3321089670289],[-118.062628890449,34.3316430567806],[-118.063012039884,34.3315866972124],[-118.063123400436,34.3315703067524],[-118.063468949987,34.3313262973411],[-118.064089579847,34.3308151270216],[-118.066299040187,34.3289952170363],[-118.067057360221,34.3280548073359],[-118.067315800138,34.3277343058027],[-118.067297409828,34.3262847256467],[-118.068884979971,34.3262049959566],[-118.069091550266,34.3262398361609],[-118.071113751395,34.3265809159746],[-118.071113790921,34.3265809159746],[-118.071837381188,34.3265505656613],[-118.072201971429,34.3265352758828],[-118.072202020836,34.3265352758828],[-118.073862631199,34.3249520060917],[-118.074761551049,34.3243802357083],[-118.075060971212,34.3234744457443],[-118.075197740612,34.3230607160835],[-118.076426770668,34.3217342448378],[-118.076291311011,34.3214439147918],[-118.076077431125,34.3209855150421],[-118.074920921164,34.3191161649647],[-118.074290841027,34.3185361453332],[-118.073201850239,34.317533624755],[-118.073182729598,34.3160337152168],[-118.073156140364,34.3160321853055],[-118.073182130422,34.3159878846419],[-118.073202540145,34.3159531047316],[-118.073202520382,34.3159530750533],[-118.07318147016,34.3159359751976],[-118.072721029678,34.3155618846526],[-118.07263324002,34.3149037249354],[-118.072633230139,34.3149036952568],[-118.072221920316,34.3137870549588],[-118.071811489944,34.3127362947064],[-118.071811499826,34.3127362546392],[-118.072270309866,34.3113483639893],[-118.07266653967,34.3106157839944],[-118.072735859965,34.3104876140225],[-118.071134358748,34.3094473141885],[-118.070809179395,34.3088570739686],[-118.070244168726,34.3081371237606],[-118.069806128633,34.3081182340326],[-118.068972908868,34.3080823036908],[-118.068972869342,34.3080823036908],[-118.068591698896,34.3082766539924],[-118.067789409024,34.3086857239228],[-118.065945478563,34.3096495852713],[-118.065738118649,34.3097579752669],[-118.064476018014,34.3104279153234],[-118.062829497727,34.311108094809],[-118.061868877989,34.3115049250929],[-118.061652578042,34.3117012448843],[-118.061567247971,34.3117787052417],[-118.061567218327,34.3117787453093],[-118.061510528344,34.311857064822],[-118.060890158097,34.3127801452178],[-118.060264267703,34.3132141348665],[-118.060028678231,34.3133775053377],[-118.059937907964,34.3134107148052],[-118.058993298001,34.3137563550001],[-118.058927837767,34.3137803148586],[-118.058927798241,34.3137803148586],[-118.057189276993,34.3137297863494],[-118.056475817028,34.3135392557551],[-118.056049006776,34.3131538860725],[-118.055756747084,34.3128900062337],[-118.055163056801,34.3124477447258],[-118.054812657247,34.3121867148733],[-118.054812626704,34.3121866948396],[-118.054229027196,34.3124623759608],[-118.05401987694,34.3125611662243],[-118.052121305554,34.3125774861988],[-118.05124057569,34.3125850359017],[-118.047650036448,34.3112319357626],[-118.045938125096,34.3107023259761],[-118.045577225134,34.3105906760959],[-118.045577194592,34.3105906657079],[-118.04405057514,34.3109045057374],[-118.042567074822,34.3112094562042],[-118.041222534895,34.313823166127],[-118.041171115328,34.3139231263656],[-118.041171094667,34.3139231656902],[-118.041149574626,34.3139391062514],[-118.041060565056,34.3140050661898],[-118.040917824554,34.3141108269494],[-118.040833774583,34.314173116962],[-118.040799905402,34.3141711870942],[-118.04074040459,34.3143035072184],[-118.040738595383,34.3143075272136],[-118.040621994958,34.3145668372677],[-118.040621895245,34.3145671971222],[-118.040531004603,34.3148944770829],[-118.040232805251,34.3157155969419],[-118.040238774556,34.3161997668147],[-118.040238774556,34.3162000673059],[-118.040239754618,34.3162783871455],[-118.040241375179,34.31640855674],[-118.040247384908,34.316892296738],[-118.040163005255,34.3169802671745],[-118.040160745094,34.3170034366818],[-118.040154404785,34.3170681870664],[-118.040033955078,34.3175959767767],[-118.039977654964,34.3181758470985],[-118.039977645083,34.3181758871631],[-118.040278834926,34.3186149971842],[-118.040300894855,34.3186471569719],[-118.040300925397,34.3186471970362],[-118.040433705379,34.3191200971818],[-118.040633865296,34.3199084866817],[-118.040636104796,34.3200884772125],[-118.040639765431,34.3203824569837],[-118.040627655243,34.320619596933],[-118.040643514999,34.3206979371319],[-118.040643624593,34.3206984772451],[-118.040595864763,34.32124066684],[-118.040589274722,34.3213160173105],[-118.040587964978,34.3213310372435],[-118.040546374777,34.3213898972524],[-118.040546364896,34.3213899269287],[-118.040213625321,34.3218609568618],[-118.040213584897,34.3218609568618],[-118.040154644635,34.3218614569047],[-118.039642234817,34.321865767364],[-118.039445964605,34.3218674366469],[-118.039013134742,34.321871146906],[-118.039007454694,34.3218711973555],[-118.038563174904,34.3218749269039],[-118.037925074609,34.3216169978557],[-118.037604484748,34.3213563867593],[-118.037604445222,34.321356357083],[-118.037328704651,34.3211117867599],[-118.037283814938,34.3210957073398],[-118.037283775412,34.3210956969531],[-118.036646435091,34.3208904071578],[-118.035879544231,34.3204755570776],[-118.035160153589,34.3199395568345],[-118.035110624077,34.319902656668],[-118.034284193779,34.3198042578759],[-118.034189463737,34.3203071583511],[-118.034105323934,34.3207538878008],[-118.034106763934,34.3208689681211],[-118.034108624345,34.3210172480645],[-118.034306163876,34.3215949380293],[-118.03449410401,34.3215933577698],[-118.034813943777,34.3215906876505],[-118.035963014789,34.322107657968],[-118.035963065095,34.3221076683546],[-118.036790865324,34.3223113578626],[-118.036989055235,34.3229417779525],[-118.037023295421,34.3232671082132],[-118.037054864915,34.323567138079],[-118.037056365101,34.3235818178242],[-118.037058185088,34.3235995578556],[-118.037060874644,34.3236247382776],[-118.037060905187,34.3236250179693],[-118.0370610049,34.3236259082348],[-118.036735584798,34.3236286576714],[-118.036172315064,34.323633378304],[-118.035639805441,34.3232873277106],[-118.035532295068,34.3232174578791],[-118.034384484392,34.3228057983227],[-118.033916884337,34.3227838678986],[-118.03388447402,34.322782347755],[-118.033431663828,34.3227611080295],[-118.033013904102,34.3227839279921],[-118.032289623929,34.3228234880692],[-118.032001433606,34.3229058576646],[-118.031720243854,34.3229862181313],[-118.031720243854,34.3229862581936],[-118.031659933661,34.3232501077772],[-118.031629104379,34.3237767977156],[-118.031607493608,34.3241460182774],[-118.031553673743,34.3249365379716],[-118.031499843996,34.325727128115],[-118.031321673939,34.3267294180279],[-118.031104604136,34.3276796988307],[-118.031020314314,34.3280487590428],[-118.030123893577,34.3283924887949],[-118.030123793864,34.3283925288546],[-118.030071653848,34.3284500293011],[-118.03005457418,34.3284688588156],[-118.029189863972,34.3289923691108],[-118.028639513808,34.3295300392682],[-118.028565054251,34.3297549190469],[-118.028533534164,34.3300138089757],[-118.028507273714,34.3302295088014],[-118.028513744279,34.330756128968],[-118.028581173621,34.3308291986867],[-118.028724863642,34.3309848992884],[-118.028724904066,34.3309849393469],[-118.028967603703,34.3310205490619],[-118.029215064411,34.3310568486564],[-118.029542973744,34.3308944888374],[-118.02995728394,34.3306893387385],[-118.031067723802,34.3299056691694],[-118.031339844163,34.3297650688153],[-118.03133989357,34.3297650487858],[-118.031629523892,34.3298344888369],[-118.032114344651,34.3298303991113],[-118.032184984572,34.3298298093541],[-118.032501265214,34.3298271691702],[-118.032756324771,34.3298250393673],[-118.032848675175,34.3298242292855],[-118.033010245264,34.3298228287046],[-118.033026395176,34.3298300986689],[-118.03345232508,34.3300217087384],[-118.033516745065,34.3300238593075],[-118.033647744587,34.330028228694],[-118.034158774592,34.3302872386977],[-118.03460641498,34.3305467886934],[-118.034612284572,34.3310208190853],[-118.03461227469,34.3310208487582],[-118.034427634967,34.3314964187117],[-118.033794054994,34.3316071290903],[-118.033756104766,34.3316106089554],[-118.033617075204,34.3316233689542],[-118.033288765223,34.3318220792949],[-118.033224214981,34.3320603189238],[-118.0332242051,34.3320603693671],[-118.033366835109,34.332586268872],[-118.033404470028,34.3327250292664],[-118.033704595368,34.3331038086572],[-118.033973294944,34.3334429393026],[-118.034164354927,34.3338026386363],[-118.034195565095,34.3341583893377],[-118.034236775308,34.3346279493203],[-118.034240454808,34.3349306186424],[-118.034243665386,34.3351956887348],[-118.034063385187,34.3357134089931],[-118.03400817473,34.3362816988764],[-118.034016405094,34.3369526689467],[-118.034212575593,34.3377252990405],[-118.034401655689,34.3379555197844],[-118.034465196224,34.3380328698663],[-118.034714146338,34.3383692197623],[-118.035224586151,34.339058829668],[-118.035281365965,34.3391955402839],[-118.035352775742,34.3393675097101],[-118.035545856036,34.3396395196532],[-118.035732796345,34.3399028799794],[-118.035734836419,34.3400705399149],[-118.035738165575,34.3403450197975],[-118.035747066083,34.3410675597907],[-118.035693096199,34.3417390701223],[-118.035492656008,34.3422908796341],[-118.035392165969,34.3425675099144],[-118.035392136324,34.3425675499673],[-118.034531775759,34.3434523198576],[-118.03379139598,34.3439747998681],[-118.033791345675,34.3439748399203],[-118.03298502596,34.3441881296448],[-118.032161056148,34.3448488499515],[-118.031814086361,34.3451270701522],[-118.030554536043,34.34548717107],[-118.030325726157,34.3455525907331],[-118.029648785403,34.3461777608085],[-118.028746284868,34.3463998213066],[-118.028345725185,34.3464983713624],[-118.027489154612,34.3467432407485],[-118.026857314675,34.3469238508668],[-118.026644584633,34.3471296510217],[-118.025996124965,34.3477569312692],[-118.02584365481,34.3483964310107],[-118.025700134571,34.3489983613663],[-118.02533370458,34.349464281265],[-118.025209794563,34.3496218607516],[-118.025080174854,34.3497654211471],[-118.025080145209,34.3497654708382],[-118.02510149457,34.3498111509484],[-118.02511883475,34.3498482508157],[-118.025217064628,34.3500590707243],[-118.025219075058,34.3502255911998],[-118.025220875282,34.3503750711646],[-118.024989004836,34.3508905410077],[-118.02461137465,34.3511702719142],[-118.024611345005,34.3511702919386],[-118.024472255257,34.3512586321141],[-118.024212724784,34.3514234622295],[-118.024212714903,34.3514235022782],[-118.024056924575,34.3520576120202],[-118.024056614656,34.3520580117623],[-118.023639404699,34.3526094522632],[-118.023639375054,34.3526094819285],[-118.023063184851,34.3533710317691],[-118.023063165088,34.3533710621756],[-118.022935174923,34.3536089921485],[-118.02246269522,34.3544873321577],[-118.022213384881,34.3558487422806],[-118.022148495076,34.356203062356],[-118.022148485195,34.35620309202],[-118.022388624633,34.3575900620146],[-118.022761445239,34.3581506320829],[-118.023184855368,34.3587872523417],[-118.023926896132,34.3601238228669],[-118.023926915895,34.3601238532711],[-118.02444958627,34.361786283366],[-118.025698125938,34.3634426733007],[-118.02643749601,34.3645477233304],[-118.027729446764,34.3651851032495],[-118.029350226725,34.3653103926529],[-118.029589457069,34.3652576728453],[-118.029851377059,34.365199952934],[-118.030772307431,34.3649969526394],[-118.030904996683,34.3649677129396],[-118.030905087413,34.3649676929185],[-118.030908636657,34.3649672628356],[-118.031568857068,34.3648869233112],[-118.032367268014,34.3647897733665],[-118.032666807653,34.3648615328198],[-118.032752408116,34.3648820329671],[-118.033266287578,34.3650051427493],[-118.033616387993,34.365089002903],[-118.033702557989,34.3651096527819],[-118.034040838372,34.3655483932856],[-118.03418336777,34.3655472031506],[-118.034440098193,34.3655450727719],[-118.035508368441,34.3659975831199],[-118.035845318419,34.3661403131522],[-118.035845357945,34.3661403531939],[-118.036518478164,34.3667418231908],[-118.037588168648,34.3671191928144],[-118.039386619203,34.3672143016682],[-118.039418188697,34.3671666319512],[-118.039737378982,34.3666847019567],[-118.039974828864,34.3663261617716],[-118.041027438782,34.3662807917152],[-118.04157156901,34.3662573421801],[-118.041834398995,34.365979112026],[-118.041834439419,34.3659790719842],[-118.04309697933,34.3658027421631],[-118.043374258715,34.3658884723586],[-118.043965669972,34.3660713421395],[-118.044764389939,34.3660645320887],[-118.044764430364,34.3660645320887],[-118.044802640204,34.3660496121137],[-118.046354319957,34.3654437822123],[-118.046778230448,34.3653931921296],[-118.047351319667,34.3653247922131],[-118.047500909823,34.3654130818773],[-118.048088939822,34.3657601221033],[-118.048961830088,34.3663598218796],[-118.049614600771,34.3667304818476],[-118.049632190682,34.3667404617848],[-118.050259990895,34.3669080517372],[-118.050433640629,34.3669544017231],[-118.050433681054,34.3669544121041],[-118.051502810989,34.3672764721687],[-118.051979731065,34.3681555016358],[-118.052780551293,34.3683142420096],[-118.0527806007,34.3683142620299],[-118.053630930677,34.3688730423324],[-118.053630971101,34.3688730623526],[-118.053902930663,34.3684569718027],[-118.05431123113,34.3678322919226],[-118.053986070641,34.3671140423331],[-118.053502830917,34.3663971620863],[-118.053260490607,34.365353781155],[-118.053168571393,34.3649580212434],[-118.053311071147,34.3637113609284],[-118.053311071147,34.3637113312671],[-118.053215631436,34.3624012110323],[-118.053215620656,34.3624011709889],[-118.052807340851,34.3613559412872],[-118.051207840182,34.3598620610995],[-118.051009539778,34.3594110608274],[-118.050719749556,34.3587519406655],[-118.050719729793,34.3587519013619],[-118.051972779901,34.3578235008354],[-118.051972830207,34.3578234607898],[-118.052148999716,34.3576678107562],[-118.052613859909,34.3572570907791]]]},"properties":{"family":"historical_fire_perimeters","incident_name":"Station","fire_year":"2009","acres":160832,"agency":"BLM"}},{"type":"Feature","geometry":{"type":"MultiPolygon","coordinates":[[[[-118.052409774354,34.181883448149],[-118.052383786093,34.1818512613178],[-118.052370791963,34.1818190752174],[-118.052364352839,34.1817868868754],[-118.052351358708,34.1817547044662],[-118.052331930843,34.1817225160996],[-118.052305941684,34.1816903299501],[-118.052267079666,34.181647451479],[-118.052267081463,34.1816044971857],[-118.052267085056,34.181572310248],[-118.052312498487,34.1815454924972],[-118.052331930843,34.1815133033077],[-118.052344926771,34.1814811178215],[-118.052370792861,34.1814489330662],[-118.052416211682,34.181443563861],[-118.052461629604,34.1814328373398],[-118.052507052018,34.1814167430967],[-118.052507046628,34.1813845568306],[-118.052507047527,34.1813523698091],[-118.052507050222,34.1813201842616],[-118.052507050222,34.1812879994449],[-118.052513488447,34.1812558138728],[-118.052552469941,34.1812236268021],[-118.05259777198,34.1812236268021],[-118.052643187208,34.1812343548362],[-118.052688607825,34.1812343518636],[-118.052734023053,34.1812343533499],[-118.052779322398,34.181234354093],[-118.052824743913,34.1812504461415],[-118.05286372361,34.1812879979586],[-118.052876598265,34.1813255482726],[-118.05287660096,34.1813631000562],[-118.05285072948,34.1814006503368],[-118.052811749783,34.1814167438399],[-118.052779322398,34.1814542940965],[-118.052766448641,34.1814918473091],[-118.05275989094,34.181529395303],[-118.052734026646,34.1815669492252],[-118.052759893635,34.1816044994151],[-118.052779319703,34.1816420510745],[-118.052766446845,34.1816796019741],[-118.052727469843,34.1817010601543],[-118.052688607825,34.1817225138702],[-118.052675612796,34.1817600699359],[-118.052675611,34.1817976163241],[-118.052675613695,34.1818351693839],[-118.052675608305,34.1818727194543],[-118.052643184513,34.1819102695081],[-118.052604324292,34.1819102702512],[-118.052565344595,34.1818834488921],[-118.052526480781,34.1818888173262],[-118.052487616069,34.1819156334816],[-118.052448636372,34.1819102732237],[-118.052409774354,34.181883448149]]],[[[-118.048334604797,34.1822589575474],[-118.048243768952,34.1822374995091],[-118.04816592095,34.1822375024817],[-118.048088197813,34.1822375017385],[-118.048010356997,34.1822374995091],[-118.047932509893,34.1822375017385],[-118.047854669975,34.1822374995091],[-118.047776944144,34.1822696854499],[-118.047699098836,34.18229114348],[-118.047621257122,34.1823126022478],[-118.047543411814,34.182334060267],[-118.047452691852,34.1823555153082],[-118.047374851036,34.1823984335487],[-118.047284011598,34.1824306224005],[-118.047206291156,34.1824413465654],[-118.047128444052,34.1824413487949],[-118.047050601439,34.1824520774172],[-118.046972753437,34.1824520789034],[-118.046894912621,34.1824520766741],[-118.046804195353,34.1824520789034],[-118.046726353639,34.1824520759309],[-118.046648505636,34.1824520766741],[-118.046570784296,34.1824520759309],[-118.046492939887,34.182484263276],[-118.046415093681,34.1825379078331],[-118.046337249272,34.1825915516129],[-118.046259529729,34.1826344675039],[-118.046181687116,34.1826881104792],[-118.046103837317,34.1827095676597],[-118.046025992908,34.1827524857202],[-118.045948152092,34.1827739443706],[-118.045870432548,34.1827954030156],[-118.045792583647,34.1828168594258],[-118.04571474373,34.1828383143442],[-118.04563689932,34.1829026894705],[-118.045559173489,34.1829563315321],[-118.045546179358,34.1830314336308],[-118.045598035506,34.1831065386352],[-118.045688872249,34.1831279949662],[-118.045779591313,34.183138722758],[-118.045870424463,34.1831601827965],[-118.04596114712,34.1832245547047],[-118.046013001472,34.1832996535921],[-118.046051986559,34.1833854853751],[-118.046090845881,34.1834605908074],[-118.046181687116,34.1834820470483],[-118.04627240079,34.1835249595139],[-118.046363243821,34.1835786056385],[-118.04638910542,34.1836537094126],[-118.04638911081,34.183728807918],[-118.046389109013,34.1838039115584],[-118.046389107217,34.1838790136456],[-118.046389107217,34.1839541126935],[-118.046389109912,34.1840292161333],[-118.046337251069,34.1841043165338],[-118.046272401688,34.1841794235554],[-118.046194675857,34.1842545238222],[-118.046116834142,34.1842759806042],[-118.046038989733,34.1842759776318],[-118.045961145324,34.184275979118],[-118.045883303609,34.1842759806042],[-118.045805578676,34.1842759776318],[-118.045727736962,34.1842759798612],[-118.045649892553,34.1842867075071],[-118.04557204994,34.1842974366378],[-118.045494322312,34.1843510830144],[-118.045429472033,34.1844261838714],[-118.04535162942,34.1844905577861],[-118.045286778243,34.1845656607483],[-118.045260790881,34.1846407606711],[-118.045247799445,34.184715859784],[-118.045195942398,34.1847909670043],[-118.045118216567,34.1848660682128],[-118.045053371678,34.1849411671251],[-118.0448716937,34.1850269987241],[-118.044780973738,34.1850591873161],[-118.044716123459,34.1851342867996],[-118.044638398526,34.1851664753507],[-118.044560553218,34.1851664753507],[-118.044482714199,34.1851664753507],[-118.044404870688,34.1851664760938],[-118.044327145755,34.1851664731214],[-118.044249301345,34.1851664738644],[-118.044171458733,34.1851664731214],[-118.044093612527,34.1851664731214],[-118.044015887593,34.1851557441011],[-118.043938043184,34.1851450143364],[-118.04386020686,34.1851342867996],[-118.043782360654,34.1850913706941],[-118.043717510375,34.1850269987241],[-118.043639783645,34.1849626281913],[-118.043561939236,34.1849411671251],[-118.043484097522,34.1849626267051],[-118.043406253112,34.1849840840502],[-118.043328526382,34.1850162711724],[-118.043250685566,34.1850484560529],[-118.043172840259,34.1850699111469],[-118.043094996748,34.1850913721803],[-118.043017270018,34.1851020982363],[-118.042939428304,34.1851021019519],[-118.042861582996,34.185091369951],[-118.042783743977,34.185091369951],[-118.042706019043,34.1850913714371],[-118.042615180504,34.1850806438936],[-118.042524345557,34.1850591858299],[-118.042446618827,34.1850269994673],[-118.042368774418,34.185026997981],[-118.04227793498,34.1850270002103],[-118.042200210046,34.1850270009534],[-118.042122366535,34.1850269994673],[-118.042044523024,34.185026997981],[-118.041966683107,34.1850269964948],[-118.041888959072,34.1850377270177],[-118.041811115561,34.1851128280064],[-118.041733269355,34.1851879304146],[-118.041668421771,34.1852630320129],[-118.041590576464,34.1853274082613],[-118.041512848835,34.1853810510104],[-118.040955192673,34.1853703220174],[-118.040877348264,34.1853381342873],[-118.040799504753,34.1853059502604],[-118.040721660344,34.1852737610194],[-118.040643936309,34.1852415754818],[-118.040566091001,34.1852093899318],[-118.04048824749,34.1851664723782],[-118.040410405776,34.1851128309789],[-118.040332680843,34.1850591836006],[-118.04025483284,34.185037729247],[-118.040176994719,34.1850055399037],[-118.040099151208,34.1850377285038],[-118.0400213059,34.1850699126331],[-118.039943580069,34.1851128272634],[-118.039865737456,34.1851557463304],[-118.039787892149,34.1852093899318],[-118.039710052231,34.1852630349853],[-118.039619330472,34.185284492254],[-118.039541486063,34.185316675546],[-118.039463644348,34.1853488640275],[-118.039385919415,34.185381048038],[-118.038776282239,34.1853810495242],[-118.038724427888,34.1853166814909],[-118.038646585275,34.1852630334991],[-118.038581852676,34.1851986601739],[-118.038504010961,34.1851450150795],[-118.038426164755,34.1850913721803],[-118.038387305433,34.1850270024397],[-118.038387300941,34.1849626244757],[-118.03842616745,34.1848982546369],[-118.038465026773,34.1848338810334],[-118.03852987795,34.1847695066376],[-118.038607719664,34.1847051373945],[-118.038672570841,34.1846407614142],[-118.038737420222,34.1845763831555],[-118.038750413454,34.1845120145082],[-118.038763406686,34.1844476420961],[-118.038763410279,34.1843832696349],[-118.038763405788,34.1843188986109],[-118.038763410279,34.1842545245652],[-118.038789272776,34.1841901482411],[-118.038815261936,34.1841150479171],[-118.038815265529,34.1840506752021],[-118.038815260139,34.183986302438],[-118.038815265529,34.1839219311111],[-118.038815262834,34.1838575575056],[-118.038815265529,34.1837931838511],[-118.038776279544,34.1837288108905],[-118.038776282239,34.1836644378808],[-118.038776279544,34.1836000663082],[-118.038789279065,34.1835356894846],[-118.038789275471,34.1834713163276],[-118.038854124852,34.1834069460939],[-118.038931971956,34.1833425713523],[-118.038957958421,34.1832781958185],[-118.038957955726,34.1832138254375],[-118.038957957522,34.1831494520348],[-118.038944965188,34.1830850822987],[-118.038893106345,34.1830207080546],[-118.03884113162,34.1829563330184],[-118.038802268704,34.1828919601624],[-118.038724426989,34.1828383158304],[-118.038659579406,34.1827739473431],[-118.038659576711,34.1827095669166],[-118.038672569045,34.1826451968449],[-118.038711431062,34.1825808282102],[-118.038763406686,34.182516451352],[-118.038776283137,34.1824520781603],[-118.038776282239,34.1823877049195],[-118.038763407584,34.1823233323728],[-118.03873742112,34.1822589597769],[-118.03867257174,34.1821945849024],[-118.038594725534,34.1821623996762],[-118.038517004194,34.1821409423565],[-118.038439156191,34.1821409423565],[-118.038361315375,34.1821409430996],[-118.038283468271,34.1821409430996],[-118.038205746033,34.1821409408702],[-118.038127905217,34.1821409430996],[-118.038050058112,34.1821409430996],[-118.037972218195,34.1821409430996],[-118.037894495058,34.182151671017],[-118.037816650649,34.1822053142993],[-118.037738804443,34.1822696884224],[-118.037660959135,34.1823447911323],[-118.037596108857,34.1824198930323],[-118.037518387516,34.182484263276],[-118.037440540412,34.1824842669917],[-118.037362699596,34.1824735354009],[-118.037284854289,34.182452081876],[-118.037207131152,34.1824413532536],[-118.037129284048,34.1824413473086],[-118.037051441435,34.1824413532536],[-118.036973601517,34.1824413510242],[-118.036895877482,34.1824520789034],[-118.036818032175,34.1825057219947],[-118.036740185969,34.1825593680244],[-118.036662346051,34.1826130103043],[-118.036610489005,34.1826881134518],[-118.036571622496,34.1827632165323],[-118.036571625191,34.1828383150873],[-118.036558633755,34.1829241473396],[-118.036519767246,34.182999249467],[-118.036467796114,34.1830743515275],[-118.036428928706,34.1831494490623],[-118.036390069384,34.1832245539616],[-118.03635108789,34.1832996543353],[-118.036338092861,34.1833747583577],[-118.036364083817,34.1834498600839],[-118.036441927328,34.1835249595139],[-118.036532647291,34.18358933263],[-118.036597493976,34.1836644341651],[-118.036597493976,34.1837395371197],[-118.036584498049,34.1838146392643],[-118.036519771738,34.183889741342],[-118.036441923735,34.1839541134367],[-118.036364081122,34.1840184854822],[-118.036286236713,34.1840292153902],[-118.03620851178,34.1839541141798],[-118.036117677732,34.1838897420851],[-118.03605282386,34.1838253714276],[-118.035974981247,34.1837717276892],[-118.035897143126,34.1837180787149],[-118.035845284283,34.1836537094126],[-118.035767560248,34.1835893341162],[-118.035702704579,34.1835249610001],[-118.035624867357,34.1834927710796],[-118.035560014383,34.1834284016054],[-118.035482172669,34.1833854883476],[-118.035417319695,34.1833211150759],[-118.035339477981,34.1832674650719],[-118.035274629499,34.1832030946826],[-118.035196900074,34.1831494535211],[-118.035170913609,34.1830850800693],[-118.035157919479,34.1830207065684],[-118.035145050214,34.1829563315321],[-118.035145050214,34.1828812330822],[-118.035132056083,34.1828168594258],[-118.035132056083,34.182752484977],[-118.035132056083,34.1826881119655],[-118.035132056083,34.1826130103043],[-118.035132056083,34.1825486364431],[-118.035132049795,34.182484263276],[-118.03513205788,34.1824198900598],[-118.035132056083,34.1823555234826],[-118.035132056083,34.18229114348],[-118.035106066924,34.1822267723458],[-118.035041215747,34.182162398933],[-118.034963371338,34.1821623974468],[-118.034885651794,34.1821624019056],[-118.03480780469,34.1821624004193],[-118.034729960281,34.1821302122083],[-118.03465211677,34.182076567392],[-118.034574392735,34.1820336549329],[-118.034496552817,34.1820336519603],[-118.034418704815,34.1820336564191],[-118.034340860405,34.1820121983235],[-118.034263139964,34.1819585504596],[-118.034185295554,34.1819263658865],[-118.034133438508,34.1818619915014],[-118.034055594997,34.1817976200398],[-118.034016732979,34.1817332470428],[-118.034016733878,34.1816688739966],[-118.034016729386,34.1816045001582],[-118.034003741544,34.1815401255275],[-118.034016730284,34.1814757545635],[-118.034016731183,34.181411382064],[-118.034016732081,34.1813470095154],[-118.034016729386,34.1812826361746],[-118.033990744718,34.1812182635278],[-118.033964756457,34.1811538908318],[-118.034003737052,34.181089514371],[-118.034016731183,34.1810251430631],[-118.034068588229,34.1809607731924],[-118.034107449348,34.1808963980706],[-118.034107451145,34.1808320258722],[-118.034133436711,34.1807676491659],[-118.034146313163,34.1807032753829],[-118.034237148109,34.1806496318888],[-118.034276009228,34.1805852587589],[-118.034340861304,34.1805208863232],[-118.034418700323,34.1804565153246],[-118.034457687206,34.1803921442769],[-118.034470559166,34.1803277657486],[-118.034483554195,34.1802633953458],[-118.034483554195,34.1801990219213],[-118.034496551919,34.1801239210169],[-118.034496547427,34.1800595467429],[-118.034470562759,34.1799951753923],[-118.034405714277,34.1799308017632],[-118.034327987547,34.1798771592642],[-118.034250144036,34.1798127833155],[-118.034172299627,34.179748413263],[-118.034094454319,34.1796947669323],[-118.034016731183,34.1796625807524],[-118.033938889468,34.1796411220537],[-118.033848048234,34.1795982113284],[-118.033770326894,34.1795660228823],[-118.033692483383,34.1795123771787],[-118.033614636278,34.1794694626721],[-118.033536790971,34.1794158169072],[-118.033471945184,34.1793514443223],[-118.0334070976,34.1792870709452],[-118.033368232888,34.1792226960326],[-118.033303384406,34.1791583270162],[-118.03326452149,34.1790832229561],[-118.0332255382,34.1790188523469],[-118.033199672109,34.1789544757434],[-118.033172551971,34.1789119682075],[-118.033139793107,34.1788797118714],[-118.033087748313,34.1788255782148],[-118.033038525127,34.178780358801],[-118.032970080689,34.1787107278272],[-118.032901766507,34.1786647986272],[-118.03284990946,34.1786004276989],[-118.032797937429,34.1785360552351],[-118.032720212496,34.1785038656405],[-118.03264236629,34.178460950621],[-118.032564522779,34.1784180348365],[-118.032486799643,34.1783965780508],[-118.032408953437,34.1783429353196],[-118.032331110824,34.1783214762853],[-118.032253390382,34.1782571021223],[-118.032214408889,34.1781927301398],[-118.032201412063,34.1781283588513],[-118.03220141386,34.1780639860274],[-118.032201410267,34.177999611668],[-118.032201412962,34.1779352380027],[-118.032201409368,34.1778708650314],[-118.032201412063,34.1778064912679],[-118.032162549148,34.1777421181984],[-118.032110692999,34.177677745823],[-118.032045840924,34.1776133711689],[-118.031980996035,34.1775490009248],[-118.031929138989,34.1774846261725],[-118.031929137192,34.1774202558302],[-118.031929140786,34.1773558817228],[-118.031929135396,34.1772915090528],[-118.031929138989,34.1772271370767],[-118.031929137192,34.1771627628221],[-118.031942134916,34.177098391491],[-118.031980996035,34.1770340141654],[-118.032032850387,34.1769696434793],[-118.032084704738,34.1769052697714],[-118.032162550046,34.176840894528],[-118.032247591757,34.1768208077714],[-118.032315285204,34.1767018827478],[-118.032448218798,34.1765286314278],[-118.032544644859,34.176402963057],[-118.032615309034,34.1763108583541],[-118.032734689745,34.1762155504076],[-118.032793647974,34.1761684775679],[-118.032785060978,34.176154253671],[-118.032759074514,34.1760898785978],[-118.03275907092,34.176025504962],[-118.032759072717,34.1759611320201],[-118.032759077209,34.1758860273437],[-118.032759071819,34.1758216587547],[-118.032759077209,34.1757465546973],[-118.032759071819,34.1756821807996],[-118.032772067746,34.1756178105686],[-118.032772065949,34.1755534365726],[-118.032772067746,34.1754890632707],[-118.032785056487,34.175424691406],[-118.032810927967,34.1753603165195],[-118.032823925691,34.1752959452999],[-118.032836914431,34.1752315695719],[-118.032836917126,34.1751671952812],[-118.032836914431,34.1751028283735],[-118.032836917126,34.1750384547278],[-118.032836917126,34.1749740802899],[-118.032836918923,34.174909706546],[-118.032836917126,34.1748453334962],[-118.032836918923,34.1747809596541],[-118.032823919402,34.1747165887357],[-118.032772065949,34.1746522118226],[-118.032694220642,34.1745878393196],[-118.03266835545,34.1745234675107],[-118.032694226032,34.1744590986255],[-118.032720208903,34.1743947185431],[-118.032746079485,34.1743303488166],[-118.032772065051,34.1742659745816],[-118.032772066848,34.174201601784],[-118.032772062356,34.1741372296805],[-118.032707214772,34.1740728575279],[-118.032629369465,34.1740192113047],[-118.032577516012,34.1739548398053],[-118.032577518707,34.1738904675135],[-118.032577513317,34.1738260921998],[-118.03257751691,34.1737617183234],[-118.032616495708,34.1736973473708],[-118.032655360421,34.1736329741395],[-118.032720212496,34.1735686023454],[-118.032810928865,34.1734935022285],[-118.032888776868,34.173429126612],[-118.032979489643,34.1733754814661],[-118.033070326387,34.1733754822093],[-118.033161046349,34.1733754814661],[-118.033251885787,34.1733754822093],[-118.033342604851,34.1733647554057],[-118.033433438899,34.1733325690409],[-118.033498291873,34.1732681962745],[-118.033589005547,34.1732467374361],[-118.033679844985,34.1732467329768],[-118.033770563151,34.1732467374361],[-118.033861400792,34.1732467359496],[-118.033952120754,34.1732360091297],[-118.034042957498,34.173193091431],[-118.034133676561,34.1731394461351],[-118.034198520552,34.1730750732214],[-118.034289364482,34.17302143008],[-118.034380081749,34.1729785145019],[-118.034470917594,34.1729248712992],[-118.034561635759,34.1729248683264],[-118.034652474299,34.172924870556],[-118.034743194261,34.172924870556],[-118.034834030106,34.1729248712992],[-118.034924750069,34.1729248720425],[-118.035015585015,34.1729248712992],[-118.035106304079,34.172935598902],[-118.035197140822,34.1729463294762],[-118.035287857191,34.1729463302195],[-118.035391572182,34.172978511529],[-118.035601503973,34.1729821644414],[-118.035719803112,34.1730321301715],[-118.035813642924,34.1730939189554],[-118.035965069236,34.1731936191138],[-118.03609195627,34.1732497571178],[-118.0362013558,34.173298164169],[-118.036352342837,34.1732956075116],[-118.036381522812,34.1732190155192],[-118.036439474029,34.1730668948686],[-118.036467109801,34.1729943539447],[-118.036468434816,34.1729908920398],[-118.036488136667,34.172939169319],[-118.036530879406,34.1728269753579],[-118.036681540354,34.1728968534759],[-118.036771101489,34.1729725992363],[-118.036768798209,34.1729785159883],[-118.036778091281,34.1729785137587],[-118.036813340274,34.1730083234509],[-118.036862053217,34.1730495229268],[-118.036963345452,34.173135191968],[-118.037373622212,34.1731490908453],[-118.037490559506,34.1730542170824],[-118.037517829663,34.1730320833488],[-118.037579189986,34.1730060819087],[-118.037673614601,34.1729888244099],[-118.037847553593,34.1729570273476],[-118.037849975451,34.1729579363024],[-118.037881495537,34.1729355981588],[-118.037972216398,34.1729141407222],[-118.038063052243,34.1728926862531],[-118.038148471247,34.1728926847666],[-118.038158268273,34.1729021563354],[-118.038230830589,34.1730023390681],[-118.038331342187,34.1730543122141],[-118.038330109699,34.1729540671128],[-118.038436451364,34.1728998003348],[-118.038706700534,34.1728322938293],[-118.038818797705,34.1726653281513],[-118.038782477021,34.1726122718936],[-118.038778777759,34.1725612007455],[-118.038777463524,34.172543089938],[-118.038773890924,34.1724937601159],[-118.038809049187,34.1724519561293],[-118.038966408872,34.1724862022968],[-118.039017644285,34.1725924918237],[-118.039048990098,34.1727872926829],[-118.039042613856,34.172790159278],[-118.039052177321,34.1728040076733],[-118.039063786249,34.1728648482779],[-118.039178852352,34.1729409493249],[-118.039346014454,34.1730165969411],[-118.039428071063,34.1729925070504],[-118.039468413504,34.1729806631428],[-118.039469572331,34.1729828987399],[-118.039471814526,34.1729799778965],[-118.039613963937,34.1729372666822],[-118.039736097086,34.1730073840247],[-118.039751344191,34.1731274729284],[-118.039751885875,34.1731317627703],[-118.039746077369,34.1731626760834],[-118.039725101707,34.1732742943502],[-118.039797518495,34.1733626156932],[-118.039923521587,34.1733237359414],[-118.039991647123,34.1733296838839],[-118.040064834666,34.1733393278292],[-118.040125814104,34.1733473627153],[-118.040154104747,34.1733847961626],[-118.04018327035,34.1734233912355],[-118.04023433598,34.1734909671302],[-118.040323410229,34.1735552951339],[-118.040378201173,34.1735948629931],[-118.040515427816,34.173693964275],[-118.040456309687,34.1738052198959],[-118.040399490347,34.1739121513805],[-118.040361670375,34.1740366893255],[-118.040367795089,34.1740425933685],[-118.04036414703,34.1740649007476],[-118.040388671038,34.1740879438962],[-118.040431851257,34.1741285088895],[-118.040506722242,34.1741988496907],[-118.040572807704,34.1742609363892],[-118.040644012665,34.1743278293507],[-118.040754721939,34.1743356471267],[-118.040778479684,34.1743319831249],[-118.040795038329,34.1743328348381],[-118.04079926131,34.1743428198],[-118.040799264903,34.1743732607344],[-118.040877108414,34.1744483630412],[-118.040967946954,34.1744805541828],[-118.041058666916,34.174491282331],[-118.041149499167,34.1745020127075],[-118.041240220926,34.1745020082483],[-118.041331060364,34.1745234682539],[-118.041421771344,34.1745771126701],[-118.041421771344,34.1746522118226],[-118.041421777632,34.1747273161107],[-118.041421774937,34.1748024151296],[-118.041460639649,34.1748775170544],[-118.041551478189,34.1748882458954],[-118.04164219366,34.1749204338965],[-118.041733031301,34.1749955357163],[-118.041758900985,34.1750706359828],[-118.041758900985,34.1751457413849],[-118.041758899188,34.1752208392882],[-118.041784888348,34.1752959423271],[-118.04187560292,34.1753388604427],[-118.041940453199,34.1754139589173],[-118.041992429721,34.1754890602979],[-118.041992430619,34.1755641638412],[-118.042005306172,34.1756392658313],[-118.042005306172,34.1757143670114],[-118.042005305274,34.1757894688678],[-118.042096139322,34.175832385246],[-118.042186862878,34.1758323859892],[-118.042277696028,34.1758109292892],[-118.042290691057,34.1758860280869],[-118.042381407426,34.1758860288301],[-118.042485122417,34.1758860280869],[-118.042575958262,34.1758860288301],[-118.042666680919,34.1759074862542],[-118.042757515865,34.1759289451592],[-118.042770508199,34.1760040453383],[-118.04283535758,34.1760791491665],[-118.042926077542,34.1760791491665],[-118.043016915183,34.1760791469369],[-118.043107631552,34.1760791484233],[-118.043198351515,34.1760791469369],[-118.043276198619,34.1760147747792],[-118.043367032667,34.1759718599801],[-118.043418889714,34.1759074899702],[-118.043509609676,34.1758431161951],[-118.043548585779,34.175778742371],[-118.043587448695,34.1757143692409],[-118.043678287235,34.1756607240613],[-118.043769006299,34.1755963508413],[-118.043859722668,34.175542707073],[-118.04391170458,34.1754783337629],[-118.043937567077,34.1754139596605],[-118.043937568874,34.1753495869954],[-118.043976550367,34.1752852127948],[-118.044002418254,34.1752208407746],[-118.044054274402,34.1751564679622],[-118.044093255896,34.1750920936142],[-118.044093254099,34.17502772219],[-118.044106131449,34.1749633462574],[-118.044106131449,34.1748989777078],[-118.044132117913,34.174834601677],[-118.04419696909,34.1747702270835],[-118.044235827514,34.1747058561569],[-118.044261819369,34.1746414851813],[-118.044300680488,34.1745771148997],[-118.044391514536,34.1745449230516],[-118.044482231804,34.1744912778718],[-118.044573075733,34.1744269067325],[-118.044663789407,34.1743947244888],[-118.044767501703,34.174373262964],[-118.044858339345,34.1743410769838],[-118.044936181958,34.1742767027571],[-118.045026905513,34.1742230588932],[-118.045117736866,34.1742016040136],[-118.045208457727,34.174201601784],[-118.045299297165,34.1741908706261],[-118.045390014432,34.1741694149952],[-118.04549372583,34.1741372267076],[-118.045558575211,34.1740728575279],[-118.045649411954,34.1740406699467],[-118.045740130119,34.1740299439708],[-118.045830966863,34.1739977548869],[-118.045921688622,34.1739333803982],[-118.046012527161,34.1739011949935],[-118.046103241734,34.1738368234041],[-118.046129231792,34.173772446563],[-118.046219948161,34.1737724487927],[-118.046310789395,34.1737617175802],[-118.046401510256,34.1737617205531],[-118.046492341609,34.1737617198099],[-118.046501481967,34.1737573928396],[-118.046508109737,34.1737621189138],[-118.046729594761,34.1737898748399],[-118.046914541708,34.1737467946599],[-118.046920430165,34.1736459454071],[-118.046990295737,34.1735267684195],[-118.047104279371,34.1735139338846],[-118.047133101816,34.1733471523857],[-118.047284150837,34.1732422647692],[-118.047357103919,34.173191599798],[-118.047353068687,34.1731303618084],[-118.047389799002,34.1730645581962],[-118.047455720971,34.1730899613293],[-118.047606243578,34.1731479678465],[-118.047684339516,34.17311765356],[-118.047791554343,34.1731345282763],[-118.04783711959,34.173104427288],[-118.047872789893,34.1730411922122],[-118.047941895491,34.1729186624588],[-118.047994776617,34.1728951515069],[-118.048064283762,34.1728642522169],[-118.048160630771,34.1727886661514],[-118.048194813464,34.1727396575435],[-118.048221357783,34.1727015935598],[-118.048229937592,34.1726995623406],[-118.048294854346,34.1726688956069],[-118.048323122531,34.1726784556439],[-118.04838240595,34.1726824251808],[-118.048492284282,34.1726897830563],[-118.048515238035,34.1727208496345],[-118.048648733076,34.1727641213456],[-118.048793183072,34.1727939385457],[-118.048928027382,34.1728049604797],[-118.048973474051,34.1727636456854],[-118.04902055745,34.1727208407159],[-118.049097987736,34.1726838974991],[-118.049133804464,34.1726487246165],[-118.049292119957,34.1727600232356],[-118.049463311002,34.1727585605804],[-118.049529120682,34.1728884424786],[-118.049600114539,34.1728444662603],[-118.049642069456,34.1727926066976],[-118.049719356011,34.1726970792438],[-118.049719881525,34.1726942839947],[-118.049799087781,34.1727317511765],[-118.049889928117,34.1727532094027],[-118.049980645384,34.1727532094027],[-118.050071482128,34.1727532116323],[-118.050162200293,34.1727532086594],[-118.050214058238,34.1728283086918],[-118.050214058238,34.1729034123735],[-118.05027890672,34.1729785122723],[-118.050291901749,34.1730536173067],[-118.050278909415,34.1731287193014],[-118.050265910793,34.1732038197429],[-118.050265913488,34.1732789223472],[-118.050265911691,34.173354022655],[-118.050265911691,34.1734291251256],[-118.050240047398,34.1735042245565],[-118.050162203887,34.1735793306095],[-118.050084354986,34.1736437016522],[-118.050045493867,34.1737188053514],[-118.050019507402,34.1737939045246],[-118.050006634544,34.1738690103197],[-118.050006632747,34.1739441093592],[-118.050084360376,34.1740192113047],[-118.050175198017,34.1740084823533],[-118.050265914386,34.1740084823533],[-118.050356748434,34.1740084823533],[-118.05044747199,34.1739870266759],[-118.050499326341,34.1739226521791],[-118.050538306038,34.173858280606],[-118.050564173925,34.1737939052678],[-118.050577166259,34.1737295321101],[-118.050551183388,34.17366515816],[-118.050577169852,34.1736007856473],[-118.050616032768,34.1735364115991],[-118.050616030971,34.1734720382449],[-118.050629023305,34.1734076655849],[-118.050642021029,34.173343293619],[-118.050642021928,34.1732789193743],[-118.050642018334,34.1732145502831],[-118.050642018334,34.1731501774266],[-118.050642023724,34.1730858045211],[-118.050680884843,34.1730214293368],[-118.050732737398,34.1729570563331],[-118.050771716197,34.1728926832802],[-118.050810576418,34.1728283094351],[-118.050849445622,34.1727639355408],[-118.050901418551,34.1726995645703],[-118.050979145281,34.1726351935507],[-118.051056986995,34.1725708202524],[-118.051108842245,34.1725064461617],[-118.05117368893,34.1724420712787],[-118.051264528368,34.1723776993195],[-118.051329264561,34.1723133273112],[-118.051342255997,34.1722489552538],[-118.051342252403,34.1721845809176],[-118.051342252403,34.1721202080188],[-118.051355249229,34.1720558343276],[-118.051381234795,34.1719914620738],[-118.051407105377,34.1719270860548],[-118.051407104479,34.1718627151893],[-118.051407101784,34.1717983398152],[-118.051407101784,34.1717339710812],[-118.051433090943,34.1716695918928],[-118.051523810905,34.1716803218848],[-118.051614647649,34.1717017840944],[-118.051705366713,34.1717661550827],[-118.051783207529,34.1718412552502],[-118.051848057807,34.1719163583238],[-118.051886918028,34.1719914613306],[-118.051899915752,34.1720665650138],[-118.051964767827,34.1721416641708],[-118.052042490964,34.1722167654905],[-118.052133327707,34.1722382260773],[-118.052224048568,34.1722489545106],[-118.052314882616,34.1722489530241],[-118.052405602578,34.1722704121162],[-118.052496441118,34.1723133243383],[-118.052587156589,34.1723562395115],[-118.052664999201,34.1724313421268],[-118.052716858943,34.1725064431888],[-118.052755838639,34.172581544184],[-118.052768712396,34.1726566473421],[-118.05283355998,34.1727317504333],[-118.052885418823,34.1728068519712],[-118.052885419721,34.1728819571585],[-118.052885417026,34.1729570563331],[-118.052885417924,34.1730321591569],[-118.052885420619,34.1731072604275],[-118.052898412953,34.1731823631178],[-118.052976257362,34.1732574649979],[-118.053066973731,34.1732574620251],[-118.053157814068,34.1732574612819],[-118.053248533132,34.1732681933016],[-118.053339368977,34.1732681925584],[-118.053430085346,34.1732789208608],[-118.053520924784,34.1733003789478],[-118.053611642051,34.173332566068],[-118.053650623545,34.1734076663281],[-118.053715353449,34.1734827732102],[-118.053767329073,34.173557871107],[-118.053858049035,34.1736115153938],[-118.053948886677,34.1736437001658],[-118.054000744621,34.1737188023786],[-118.054013617479,34.1737939045246],[-118.054013618378,34.1738690080901],[-118.054013617479,34.1739441115889],[-118.054013617479,34.1740192113047],[-118.054013618378,34.1740943139265],[-118.054052598075,34.1741694135087],[-118.054130326601,34.1742445182266],[-118.054221159751,34.1742874331608],[-118.054311877917,34.1743303465869],[-118.054402718253,34.1743303451005],[-118.054493432826,34.1743303451005],[-118.054532414319,34.1742659775544],[-118.054623130688,34.1742445159969],[-118.054713970126,34.1742445145105],[-118.054804688292,34.1742445145105],[-118.054895528628,34.1742445174833],[-118.054986246794,34.1742445174833],[-118.05498624859,34.1743196213911],[-118.054908400588,34.1743732622208],[-118.054895526832,34.174448362298],[-118.05489552773,34.1745234660243],[-118.054934386154,34.1745985674542],[-118.054962405506,34.1746307563089],[-118.055066118701,34.1746951295224],[-118.055066113311,34.1747702270835],[-118.055130964488,34.174845329037],[-118.055208686726,34.1749204331532],[-118.055260664147,34.1749955372026],[-118.055325515324,34.1750706374692],[-118.055377367879,34.1751457384121],[-118.055416232591,34.1752208400314],[-118.055416228998,34.1752959430702],[-118.055429224027,34.1753710430695],[-118.055455096405,34.1754461496906],[-118.055494078797,34.1755212480698],[-118.055532939018,34.1755963486117],[-118.055597791093,34.1756714505731],[-118.055688628735,34.1757465546973],[-118.055792341031,34.1758001953632],[-118.055870182745,34.1758753016024],[-118.055870183643,34.1759504003428],[-118.05587018005,34.1760255042187],[-118.055870182745,34.1761006035687],[-118.055883059196,34.1761757095405],[-118.055909044763,34.1762508087567],[-118.055909044763,34.1763259116221],[-118.055922036198,34.1764010144206],[-118.055922038893,34.1764761134364],[-118.055922038893,34.1765512175876],[-118.055922033503,34.1766263224151],[-118.055922038893,34.1767014182576],[-118.055922037995,34.1767765222083],[-118.055883059196,34.1768516231194],[-118.055857188615,34.1769267232205],[-118.055831203947,34.177001828457],[-118.055805328873,34.1770769284243],[-118.055805329772,34.177152032784],[-118.055805331568,34.1772271318745],[-118.055805334263,34.1773022346141],[-118.055805328873,34.1773773372868],[-118.055844197179,34.1774524384064],[-118.05585718592,34.1775275424317],[-118.055857188615,34.1776026404449],[-118.055844196281,34.1776884743079],[-118.055805334263,34.1777635766368],[-118.05576635277,34.1778386766695],[-118.055727488956,34.1779137773784],[-118.055701500694,34.17798888025],[-118.055688628735,34.1780639815683],[-118.055688625141,34.1781390843063],[-118.055688624243,34.1782141884637],[-118.055688627836,34.1782892866089],[-118.055688626938,34.1783643928621],[-118.055688623345,34.1784394893872],[-118.055636654009,34.1785145925341],[-118.055558923686,34.1785896978436],[-118.055494077899,34.1786647986272],[-118.055442219056,34.178739899344],[-118.055416237981,34.1788150029666],[-118.055416232591,34.1788901020634],[-118.055416232591,34.1789652048091],[-118.055416235286,34.1790403089744],[-118.055429225823,34.1791154063843],[-118.055468086044,34.1791905074432],[-118.055558927279,34.1792119699723],[-118.05564964275,34.1792441578104],[-118.055740482188,34.1792548838666],[-118.055831201252,34.1792763389477],[-118.05587018005,34.1793514420928],[-118.055870182745,34.1794265459143],[-118.055857187716,34.1795016429804],[-118.055740126455,34.1795660213959],[-118.055753116992,34.1796411198242],[-118.055753121484,34.1797162226446],[-118.055753119687,34.1797913261414],[-118.055740121963,34.1798664258555],[-118.055675275278,34.1799415299617],[-118.055649286118,34.180016629542],[-118.055610421406,34.1800917305419],[-118.055584440331,34.1801668351907],[-118.055519590053,34.1802419367999],[-118.055519586459,34.1803170398287],[-118.055519588256,34.1803921435337],[-118.055519589154,34.1804672419699],[-118.055519590951,34.1805423447981],[-118.055519587358,34.1806174475594],[-118.055532582387,34.1806925457951],[-118.055558567953,34.180767649909],[-118.055636294683,34.1808427517266],[-118.055727128731,34.1808963958411],[-118.055714133702,34.1809714990305],[-118.055714136397,34.1810465976941],[-118.055688266714,34.1811216992634],[-118.055636293785,34.1811968029953],[-118.05555856975,34.1812075340054],[-118.055480723544,34.1811753461732],[-118.055402879134,34.1811538878592],[-118.055325039217,34.1811538900887],[-118.055247313385,34.1811538841435],[-118.055169468976,34.1811324258242],[-118.055104618697,34.1810680567784],[-118.055104620494,34.1810036839678],[-118.055104619595,34.1809393096219],[-118.055104621392,34.1808749389426],[-118.055052760752,34.1808105637552],[-118.054974922631,34.1807783802305],[-118.054961927602,34.1807140071989],[-118.054884081397,34.1807032776124],[-118.054806240581,34.1807032768692],[-118.054728514749,34.1806603599958],[-118.054676659499,34.1805959891037],[-118.054598815988,34.1805638002949],[-118.054585820959,34.1804994270997],[-118.054585821858,34.1804350545984],[-118.054430379177,34.1804235260885],[-118.054352413496,34.180435057571],[-118.054274568188,34.1804350545984],[-118.054197972437,34.1804242068153],[-118.054118877573,34.1804028679578],[-118.054041153538,34.1803814109337],[-118.053963312722,34.180359953161],[-118.053885463821,34.1803492242726],[-118.053807626598,34.1803492272452],[-118.053729782189,34.1803492279884],[-118.053652055459,34.1803492257589],[-118.05357421105,34.1803599539041],[-118.053496365742,34.1803599568767],[-118.053418520435,34.1803599516747],[-118.053340799993,34.180424327949],[-118.053262954685,34.1804672397404],[-118.053198109797,34.1805423418255],[-118.053120262692,34.1806174460732],[-118.053042418283,34.1806603592527],[-118.052964691553,34.1807032761261],[-118.052886851635,34.1807461929777],[-118.052809003633,34.1808105667279],[-118.052731163715,34.1808534798091],[-118.052653320204,34.1809071239168],[-118.052575596169,34.1809714990305],[-118.052497750862,34.1810465991804],[-118.052419905554,34.1810680560353],[-118.052342061145,34.1811217052086],[-118.052264338008,34.1811860749565],[-118.052186494497,34.1812504491142],[-118.052173504858,34.1813255512452],[-118.052160506236,34.1814006488505],[-118.052160505338,34.1814757530772],[-118.052160508931,34.1815508564939],[-118.052160508033,34.1816259538987],[-118.052160509829,34.1817010571817],[-118.0521475148,34.181776161141],[-118.052121646015,34.1818512605746],[-118.052069787172,34.1819263658865],[-118.052004939588,34.1820014644433],[-118.051953081644,34.1820765681352],[-118.051927094281,34.1821516702739],[-118.051888231365,34.1822267701164],[-118.051823383781,34.1823018743508],[-118.051823382883,34.1823769725734],[-118.051823386476,34.1824520766741],[-118.051823383781,34.1825379041174],[-118.051823383781,34.1826237381616],[-118.051823380188,34.1826988412996],[-118.05182338468,34.1827739451137],[-118.05182338468,34.1828490414298],[-118.051823386476,34.1829241465965],[-118.051823385578,34.182999249467],[-118.051823382883,34.1830743470687],[-118.051823385578,34.1831494512917],[-118.051836259334,34.1832245524754],[-118.051836257538,34.1833103865641],[-118.051875236336,34.183385484632],[-118.051953084339,34.1834605870917],[-118.052030807475,34.1835464187109],[-118.052095658652,34.1836215202843],[-118.05218649809,34.1836858940699],[-118.052212364181,34.183760994776],[-118.052238352442,34.1838360976445],[-118.052238348849,34.1839112004463],[-118.05223834795,34.1839862994656],[-118.052238351544,34.1840614021336],[-118.052238350645,34.1841365062209],[-118.052238354239,34.1842116087552],[-118.052264338008,34.1842867067639],[-118.052303199127,34.1843618076783],[-118.052303201822,34.1844369114982],[-118.052303201822,34.1845120145082],[-118.052303206314,34.1845871174513],[-118.05238104713,34.1846622143825],[-118.052381043537,34.1847373194213],[-118.052381042638,34.1848124206775],[-118.052394035871,34.1848875233532],[-118.052432903278,34.1849626252189],[-118.052523742716,34.1850377277608],[-118.052614458187,34.1850913714371],[-118.052692299901,34.1851664738644],[-118.052770146107,34.1852523052342],[-118.052834994589,34.1853381335442],[-118.052860864273,34.1854132335225],[-118.05287385481,34.1854883364063],[-118.052873858403,34.1855634407095],[-118.052873858403,34.1856385434596],[-118.052873855708,34.1857136446566],[-118.052873855708,34.1857887443005],[-118.052860863374,34.18586384685],[-118.05284786565,34.1859389478465],[-118.05278301627,34.1860140524916],[-118.052705295828,34.1860569673846],[-118.052627451419,34.186132067466],[-118.052627455012,34.1862071704529],[-118.052627452317,34.1862822726299],[-118.052627451419,34.1863573777124],[-118.052627452317,34.1864324738108],[-118.052614458187,34.1865075765303],[-118.052575594373,34.1865826806691],[-118.052497749065,34.1865934080216],[-118.052419907351,34.1866148649519],[-118.052342062942,34.186625596759],[-118.052264338906,34.1866363226199],[-118.052186496294,34.1866255945297],[-118.052108650986,34.1865826784398],[-118.05203081017,34.1865290327393],[-118.051978954022,34.1864646603803],[-118.051940090208,34.1864002894583],[-118.05191410015,34.1863359184872],[-118.051888233162,34.1862715415223],[-118.051836257538,34.1862071674805],[-118.051810386956,34.1861427963621],[-118.051784404085,34.1860784237083],[-118.051745538474,34.1860140524916],[-118.051706561472,34.1859496797395],[-118.051628833844,34.1858960336365],[-118.051563982667,34.1858316630237],[-118.051486139156,34.1857780153595],[-118.051447278935,34.1857136446566],[-118.051421291572,34.1856492716753],[-118.051408297441,34.1855848979018],[-118.051408297441,34.1855205263084],[-118.051408295645,34.1854561516936],[-118.051382427758,34.1853917770296],[-118.05133045393,34.1853274090044],[-118.051304586043,34.1852630327559],[-118.051343444468,34.1851986586877],[-118.051343448959,34.1851342845703],[-118.051343448959,34.1850699133762],[-118.051343445366,34.1850055406468],[-118.051304588738,34.1849411693544],[-118.051252726302,34.1848767928112],[-118.051200752475,34.1848124229069],[-118.051135903993,34.1847480462654],[-118.051058180856,34.1847051314496],[-118.050980336447,34.1846514882706],[-118.050902490241,34.1845871167082],[-118.050824648527,34.1845441995811],[-118.05074692539,34.1844905585291],[-118.050669079184,34.1844369114982],[-118.0506042316,34.1843725382857],[-118.05053938222,34.1843081665104],[-118.050461539607,34.1842545238222],[-118.050409679866,34.1841901452687],[-118.050409679866,34.1841257733541],[-118.050409679866,34.1840614013905],[-118.050396687532,34.1839970278914],[-118.05039668843,34.1839326558295],[-118.050383695198,34.1838682814892],[-118.050318841326,34.1838039108152],[-118.05027997841,34.1837395378628],[-118.050202135798,34.1836751648613],[-118.050124294982,34.1836322517291],[-118.050046571845,34.1835678756732],[-118.049968726537,34.1835142302848],[-118.049903873564,34.1834391286159],[-118.049852021009,34.1833747568714],[-118.049774173905,34.1833211113603],[-118.04972232135,34.1832567395257],[-118.049683338958,34.1831923654127],[-118.049631481912,34.1831279927368],[-118.049592622589,34.1830636207549],[-118.049553641096,34.1829992464945],[-118.049501784049,34.1829348736712],[-118.049424056421,34.1828919616486],[-118.049346210215,34.1828597752022],[-118.049268372094,34.1828061308498],[-118.049255376167,34.182741757136],[-118.04925537437,34.1826773856025],[-118.049203518222,34.1826130117905],[-118.049138673333,34.1825486394156],[-118.049060827127,34.1825057197653],[-118.048982980023,34.1824520744446],[-118.04890526048,34.1823984335487],[-118.048827416969,34.182376976289],[-118.048749571661,34.1823555175376],[-118.048671729049,34.182334060267],[-118.048581010883,34.1823126044772],[-118.048490171445,34.1822911457094],[-118.048412328832,34.1822804133509],[-118.048334604797,34.1822589575474]]]]},"properties":{"family":"historical_fire_perimeters","incident_name":"SANTA ANITA","fire_year":"2008","acres":557,"agency":"USFS"}},{"type":"Feature","geometry":{"type":"Polygon","coordinates":[[[-118.297645979672,34.1350570704285],[-118.29702475872,34.1347928402579],[-118.296667111558,34.134872600438],[-118.295241248945,34.134822712506],[-118.294936630232,34.1344745758012],[-118.294903548873,34.1344367681963],[-118.294913496817,34.1341145838415],[-118.294916583428,34.134014592908],[-118.294228268206,34.1339984621129],[-118.29395971775,34.1339921671314],[-118.292827894391,34.1339811773089],[-118.292597137856,34.1338103128981],[-118.29257892631,34.133048963766],[-118.292256586532,34.1328357042959],[-118.291457787513,34.1329209248687],[-118.291298935727,34.1333350505687],[-118.291066056472,34.133462372042],[-118.290720992911,34.1334756483939],[-118.288878849198,34.1335465026613],[-118.288150739508,34.1329292126969],[-118.287943566444,34.1327535694579],[-118.287928374136,34.1327406893161],[-118.287897723618,34.1327653795989],[-118.287822663088,34.1328258415762],[-118.287234103982,34.1332999416003],[-118.286756111317,34.1333284595985],[-118.286078108755,34.1332587673432],[-118.285084645713,34.132680734394],[-118.284886762127,34.132486018722],[-118.284499970922,34.1321054137782],[-118.284445065892,34.1317135916984],[-118.284392274597,34.1313366863232],[-118.284392032951,34.1313349604655],[-118.285094567605,34.1312284174938],[-118.28507036789,34.1309201802755],[-118.285030418911,34.1309205951973],[-118.284289737298,34.1309282712492],[-118.283907238243,34.1308925983852],[-118.283820588547,34.1308845170747],[-118.283835331698,34.1308000164731],[-118.283874491057,34.1305755640121],[-118.283688757186,34.1305924732559],[-118.283274600602,34.130630176247],[-118.283276013652,34.1308839854096],[-118.282381689583,34.1309690577456],[-118.282388670391,34.1314295725164],[-118.281963372003,34.1317921635696],[-118.280422689425,34.1316547187014],[-118.279401251048,34.1311338148842],[-118.279374754341,34.1315377585507],[-118.277368391408,34.131446883124],[-118.276783156069,34.1310785924906],[-118.276509793338,34.1307581078197],[-118.276379156736,34.1306049514428],[-118.275994324756,34.1296075279619],[-118.276034808233,34.1294567259694],[-118.276126661869,34.1291145598612],[-118.276312494555,34.1284223047943],[-118.277178562117,34.1282498593838],[-118.276928389396,34.1279846702365],[-118.276725599212,34.1277697077522],[-118.275514147389,34.1264858986366],[-118.275262095392,34.1261440581114],[-118.275239496474,34.1261134086777],[-118.275018979835,34.1258143314618],[-118.274808716566,34.1253117713812],[-118.274245646258,34.123965915087],[-118.274491353455,34.1228190339559],[-118.274500604305,34.122775854151],[-118.275319726809,34.1217285757547],[-118.275621561643,34.1217499071309],[-118.276063967547,34.122131190814],[-118.276557088739,34.1221763260415],[-118.276608522679,34.1211877509894],[-118.277172980885,34.1210844874734],[-118.277186893093,34.1207110084246],[-118.276134919183,34.1206966383497],[-118.276330528235,34.1200317317255],[-118.278150073927,34.1196776917061],[-118.278768688866,34.1194770597932],[-118.281052192844,34.1194694949984],[-118.281164363677,34.1191436585961],[-118.281762930914,34.1192353534082],[-118.282125230451,34.1194420395177],[-118.282403267116,34.1197638462262],[-118.28252971667,34.1203997179802],[-118.282458728203,34.1208508605166],[-118.281513579252,34.1215912082266],[-118.281595737371,34.1218662553998],[-118.281967028146,34.1218948345176],[-118.28188456999,34.1216035657804],[-118.282254476461,34.1212678973304],[-118.2826794811,34.1212543803423],[-118.282741927487,34.1202148515991],[-118.283386399533,34.1202405971057],[-118.283356456888,34.1191308834721],[-118.28475557396,34.1190714342759],[-118.28542669363,34.1190428497417],[-118.285487312844,34.1197802400274],[-118.284882559808,34.1198027878203],[-118.284791873083,34.1202583272095],[-118.284307948843,34.1205131238822],[-118.28382177073,34.1206418479082],[-118.283855308433,34.1215667080342],[-118.284182104753,34.1218409194051],[-118.285831017255,34.1218544556347],[-118.285951362757,34.1220642513],[-118.286263601878,34.1220609204232],[-118.286333982186,34.121557020993],[-118.286707819684,34.120465557423],[-118.287361512039,34.120491150399],[-118.287368145199,34.1209294008383],[-118.287046990298,34.1209489133869],[-118.287090122906,34.1212244400871],[-118.287680537034,34.1215429024223],[-118.28840779063,34.1218761290659],[-118.289180147738,34.1226147254028],[-118.289783641336,34.1225109958665],[-118.290170440626,34.1222796923371],[-118.290198629759,34.1215651857425],[-118.29084725292,34.1209550159842],[-118.291767138551,34.1209855676355],[-118.292550401207,34.1210115434465],[-118.292496124099,34.1221406338674],[-118.292220065524,34.1222905736186],[-118.292471230884,34.1226589233606],[-118.292845265114,34.1226713699975],[-118.292816589094,34.1232693886962],[-118.292897199416,34.1232720628783],[-118.293188019107,34.123281711053],[-118.293210685399,34.1228098460532],[-118.293249051546,34.1220111015275],[-118.293258112852,34.1218224415037],[-118.29347141063,34.1214661906125],[-118.294293586507,34.1211821548502],[-118.294320542254,34.1209481935094],[-118.294377961669,34.1204498315787],[-118.295099046534,34.1203773138768],[-118.295185471651,34.1209282726829],[-118.294934555124,34.1211095187885],[-118.295193919408,34.1214801455886],[-118.295526853018,34.1215577899475],[-118.296387884625,34.1222248203746],[-118.296447069229,34.1227831747299],[-118.296476599547,34.1230617831149],[-118.296512581566,34.1234790135289],[-118.29651634371,34.1238669108694],[-118.296655333746,34.1243896338023],[-118.296886691254,34.1252595584021],[-118.297287861792,34.1251857642809],[-118.297212441936,34.1249024541646],[-118.297705155293,34.1246986897863],[-118.298038046683,34.1245610192152],[-118.298207645015,34.1240733789239],[-118.298454861381,34.1241240406441],[-118.298447670367,34.1236534185246],[-118.298757476851,34.1233759164149],[-118.298832785316,34.1233084625337],[-118.299165536569,34.123369866048],[-118.299186090921,34.1233891586556],[-118.299917990603,34.1240760858011],[-118.300367390791,34.1241037903864],[-118.300794660981,34.1244733927058],[-118.300783776993,34.1250437285982],[-118.300786226699,34.1259661282374],[-118.301305424187,34.1254573738328],[-118.301947655835,34.1255037186661],[-118.302374777803,34.1251863406002],[-118.303567224867,34.1252566478063],[-118.304044712678,34.1258788727692],[-118.304076839128,34.1271070638162],[-118.303730538586,34.1275131066229],[-118.303905619336,34.1289965729962],[-118.304794236409,34.1289428066717],[-118.304668365369,34.1296421484326],[-118.304024167309,34.1296505020188],[-118.303941761255,34.1293577207458],[-118.302672182145,34.1293062880727],[-118.302630472468,34.1291281529274],[-118.301771470156,34.1291210403632],[-118.301375681425,34.1287681441454],[-118.301407029934,34.1282644743101],[-118.30067889509,34.1282433468398],[-118.300592947877,34.1286537075217],[-118.300025245855,34.1290925901006],[-118.299038483346,34.1291012211052],[-118.298925085415,34.1293459190519],[-118.298282015639,34.1294176453067],[-118.298272466547,34.1298296823044],[-118.299303117148,34.1298126933431],[-118.299260222593,34.1308357488632],[-118.299574167615,34.1309459998554],[-118.299839795851,34.1317224849192],[-118.300226296901,34.1322445554969],[-118.300382465419,34.132737228735],[-118.300413814826,34.1336168705787],[-118.300009995157,34.1339119629581],[-118.299313409146,34.1339993001053],[-118.299315802258,34.1344712885397],[-118.298515908193,34.1344959597281],[-118.2983444225,34.134773776293],[-118.297977111262,34.1350048582637],[-118.297645979672,34.1350570704285]]]},"properties":{"family":"historical_fire_perimeters","incident_name":"GRIFFITH PARK","fire_year":"2007","acres":748,"agency":"USFS"}},{"type":"Feature","geometry":{"type":"Polygon","coordinates":[[[-118.166625615708,34.2766948744482],[-118.166420159324,34.2766812910524],[-118.166290846839,34.2767754951494],[-118.166126950114,34.2770714102951],[-118.165997457966,34.2771501014012],[-118.165922327367,34.2771197725616],[-118.165659342873,34.2769828702791],[-118.165454064355,34.2769847935784],[-118.165306528646,34.2771101545952],[-118.165064631205,34.2771589102576],[-118.164709670904,34.2771313034306],[-118.164614666876,34.2770082591631],[-118.164463204631,34.2768548419844],[-118.164461166353,34.2766999443746],[-118.164458073454,34.2764831034236],[-118.164679435408,34.2762951109025],[-118.165088856073,34.2762137993952],[-118.165238171345,34.276212322947],[-118.165387364446,34.2762109281524],[-118.165478571295,34.2760551898055],[-118.165831700829,34.2759557568186],[-118.165811997182,34.2758785499564],[-118.165771915252,34.2756775144126],[-118.165861519507,34.2754133149234],[-118.165915808293,34.27528887927],[-118.165913962255,34.2751494939274],[-118.165689137296,34.2750434992705],[-118.165688499492,34.2750431978897],[-118.16524097858,34.2750629620817],[-118.164997957346,34.275034267814],[-118.164641339653,34.2748827792881],[-118.164451450175,34.2746491460706],[-118.164353580522,34.274309173668],[-118.164275657959,34.2740775156697],[-118.164193082123,34.2735052236771],[-118.164133848112,34.27327350185],[-118.164168428758,34.2730717875219],[-118.164222071656,34.2729008351222],[-118.16436792482,34.2726515865093],[-118.164534498525,34.2725570875367],[-118.164757984096,34.272523998507],[-118.16490634356,34.2724606680245],[-118.165090599703,34.2722884828377],[-118.165050347992,34.2720720328585],[-118.164973551018,34.2719178309216],[-118.164783525895,34.2716717514432],[-118.164614331804,34.271580414513],[-118.164389362216,34.2715051419044],[-118.164015372902,34.2714467546984],[-118.163994368494,34.2712764960617],[-118.163953653252,34.2710289433634],[-118.163727840146,34.2708917193739],[-118.163651706129,34.2707840334616],[-118.163912097187,34.2707195317166],[-118.16407867179,34.2706250372537],[-118.164208732572,34.2705773668393],[-118.164564687308,34.2706824295314],[-118.1648280464,34.2708347659705],[-118.165090650907,34.2709407592522],[-118.165372699449,34.2710929519493],[-118.165804984933,34.2713211929681],[-118.165897851869,34.2712893268452],[-118.165727824142,34.2711360558666],[-118.165520043816,34.2709521677381],[-118.165274887287,34.2707685739223],[-118.164972290682,34.2704771382478],[-118.164987826147,34.2702446523533],[-118.1648914989,34.2700286492109],[-118.164889173162,34.2698583275713],[-118.164866196952,34.2695486755446],[-118.164843693256,34.2692701394857],[-118.164879946566,34.2691922932434],[-118.16500823048,34.2690207375751],[-118.165195454656,34.2690653970773],[-118.165533172694,34.2692016211071],[-118.165927330085,34.2693682263017],[-118.166302861806,34.2695505782278],[-118.166696842228,34.2697016747419],[-118.167071001324,34.2697756453744],[-118.167586444753,34.2698047452825],[-118.167940896608,34.2698014165249],[-118.16831535574,34.269890807428],[-118.168801906655,34.2699946082207],[-118.168970918387,34.2700704233628],[-118.169081337505,34.2699609651228],[-118.16923064559,34.2699594781716],[-118.169454008991,34.26992637253],[-118.169663543726,34.2698841209674],[-118.169695874991,34.2698776022802],[-118.169742236145,34.2698853829839],[-118.169957756354,34.2699215553407],[-118.169975239366,34.2699104213891],[-118.170031756872,34.2698744271946],[-118.170237185408,34.2698878988511],[-118.170479906605,34.2699010780145],[-118.17077934114,34.269960141101],[-118.170909957979,34.2699588998716],[-118.171153518202,34.2700340090602],[-118.171527305395,34.2700769591092],[-118.171600820823,34.2699988077609],[-118.171841855882,34.269888007236],[-118.172046930481,34.2698705557726],[-118.17240126825,34.2698672158821],[-118.172528297218,34.2697700627995],[-118.172585872939,34.2697260287421],[-118.17290154632,34.2696145292922],[-118.173477779642,34.2694541886744],[-118.173905554686,34.2693570930192],[-118.174223213343,34.269385070613],[-118.174345088676,34.2694270529474],[-118.174617014102,34.2695207210185],[-118.174654022895,34.2695673259951],[-118.174758400843,34.2696987698703],[-118.174787904212,34.2697359229702],[-118.174640397249,34.2698612970229],[-118.174469675124,34.2697367031948],[-118.174451852549,34.2697236940069],[-118.174366522479,34.2697126572789],[-118.174339744598,34.269709192665],[-118.174344373617,34.2697238521305],[-118.17435326065,34.2697519966343],[-118.174437298943,34.2700181440536],[-118.174326040799,34.2700656700247],[-118.174136837634,34.2698815479382],[-118.173987169324,34.2698520211979],[-118.173878725601,34.2701008861432],[-118.173807077771,34.2703184280102],[-118.17347450708,34.2705539647871],[-118.173419572405,34.2706319664058],[-118.173309990517,34.2708034631104],[-118.173051590125,34.2710073802448],[-118.172867653783,34.2711949978247],[-118.172778262429,34.2714747264006],[-118.17276304407,34.2717226422786],[-118.172768394435,34.2721098893933],[-118.172434562509,34.2722586934114],[-118.171969969116,34.2723870055984],[-118.171690052277,34.2723897381541],[-118.171411926678,34.2725162655571],[-118.171356622796,34.2725633313507],[-118.171563201175,34.2726542611541],[-118.171471178656,34.272748068159],[-118.171192571561,34.272843663348],[-118.170969086888,34.2728767708104],[-118.170952185086,34.2730008975109],[-118.171195569239,34.2730605032935],[-118.171383278506,34.2731361657197],[-118.171385143408,34.2732756405107],[-118.171143732854,34.2733554315943],[-118.170902868475,34.2734816487344],[-118.170569438096,34.2736552396766],[-118.170234396139,34.2737202773579],[-118.170086696038,34.2738301285917],[-118.16997681052,34.2739861227092],[-118.170072309519,34.2741400803394],[-118.170224318838,34.2743400216633],[-118.170226108282,34.274463905691],[-118.170133237753,34.2744957706107],[-118.169852297733,34.2744210454769],[-118.169478652474,34.2743936018042],[-118.169086439038,34.2743664045738],[-118.168657678542,34.2744014459298],[-118.168678995564,34.274587114024],[-118.169017104369,34.2747542571219],[-118.169243400769,34.2749224910953],[-118.169263302046,34.2750152889871],[-118.168983300765,34.2750024157177],[-118.168515961222,34.274944984819],[-118.168132866584,34.2750384448329],[-118.167966666578,34.2751639586999],[-118.168295263123,34.2751794189157],[-118.168687490932,34.27520661811],[-118.1689705914,34.2754363377854],[-118.169049548822,34.2757454418308],[-118.168921081652,34.2759015756602],[-118.168645738136,34.2762295221945],[-118.168388981661,34.2765572150662],[-118.168168299732,34.2767917433932],[-118.167762688821,34.2766065737996],[-118.167560876005,34.2768563614749],[-118.167621796154,34.2772120513885],[-118.167268513906,34.2773083340651],[-118.167139200522,34.2774025344902],[-118.167083057613,34.2773875668258],[-118.166969807006,34.2772956890321],[-118.166797980851,34.2770185452108],[-118.166625615708,34.2766948744482]]]},"properties":{"family":"historical_fire_perimeters","incident_name":"PINES","fire_year":"2006","acres":114,"agency":"USFS"}},{"type":"Feature","geometry":{"type":"Polygon","coordinates":[[[-118.228885322886,34.2946884943728],[-118.228802694049,34.2945990504304],[-118.228571102979,34.2944546623949],[-118.228552992943,34.2943131365721],[-118.228599550828,34.2941716223852],[-118.228689255694,34.2939615451958],[-118.228778841982,34.2937857214962],[-118.228846972908,34.2935742295393],[-118.228916874414,34.2932926270882],[-118.228988388395,34.2929932185675],[-118.22911935378,34.2928189350502],[-118.229207264711,34.2926787735332],[-118.22936140663,34.2924687044854],[-118.229495893412,34.2922050572535],[-118.229587249381,34.2919413802498],[-118.229633876436,34.2917476652941],[-118.229809729738,34.2915390188875],[-118.229919049318,34.2913989294525],[-118.230008641894,34.2911887540424],[-118.230078542501,34.2909414997066],[-118.230081943523,34.2908000340195],[-118.230169926319,34.2906421243692],[-118.230342149528,34.2905749318731],[-118.230537689409,34.2904185046782],[-118.230828628577,34.290705873844],[-118.231080030194,34.2909396182885],[-118.231480239535,34.2911763018366],[-118.23195511235,34.2913594250742],[-118.232378712024,34.2914984851828],[-118.232643469793,34.2915687480448],[-118.232800679459,34.2916376118565],[-118.232955981104,34.2918836581202],[-118.233159125224,34.292307033712],[-118.233417445665,34.2922137717614],[-118.233609436303,34.2921808626519],[-118.233803281961,34.2920601908589],[-118.233823562327,34.2919269176223],[-118.233829950247,34.29188438025],[-118.233856812569,34.2915835469374],[-118.233883508703,34.2913720442418],[-118.233845733647,34.2911768436241],[-118.233786334345,34.2909817709495],[-118.233793385222,34.2906630627316],[-118.233796867092,34.2904693054931],[-118.233672915752,34.290308475476],[-118.2335291889,34.2900940646616],[-118.233383724706,34.2898796206439],[-118.233281288018,34.289718765748],[-118.233178842346,34.2895579046067],[-118.233078282238,34.2892556468626],[-118.233043981866,34.2889011338246],[-118.233004388619,34.2887238448302],[-118.233008738262,34.28853648532],[-118.233011339783,34.2884243346753],[-118.23303811946,34.2881949748371],[-118.23308641289,34.2879655958178],[-118.233156301819,34.287683994608],[-118.233157853209,34.2876053244969],[-118.233159637264,34.2875066533178],[-118.233037476266,34.2873101463392],[-118.232933445967,34.2871671121862],[-118.232870607914,34.2870957434605],[-118.23280945061,34.2869885236317],[-118.232746693405,34.2869527505063],[-118.232558196316,34.2867726251142],[-118.232500472373,34.2865417845009],[-118.232565025309,34.2865074481153],[-118.232672809668,34.2864209650725],[-118.232782171469,34.2863166464537],[-118.232871748774,34.2861409076979],[-118.232959575263,34.2860185921194],[-118.232984748752,34.2858070642827],[-118.233074285633,34.2856670179891],[-118.233181919076,34.2855626813632],[-118.233291320403,34.2855105593907],[-118.233309339709,34.2856177432517],[-118.233370487132,34.2857248742782],[-118.233411799754,34.2857965462526],[-118.23355896895,34.2858858912016],[-118.23379058158,34.286013866403],[-118.234043703471,34.2861418102364],[-118.234255472316,34.2861804234362],[-118.234320135745,34.2861461759692],[-118.234450987044,34.2860239873181],[-118.234581965904,34.2858674603577],[-118.234779211686,34.2856574158452],[-118.2349566047,34.2853594482399],[-118.235024741016,34.2851314568694],[-118.235092797382,34.2849556532879],[-118.23516091663,34.2847620031304],[-118.235293449575,34.2845697939432],[-118.235402926361,34.2844653943496],[-118.235532172371,34.2843611208063],[-118.235749160427,34.2842060893237],[-118.23617455224,34.2842297918924],[-118.236513695006,34.2843056112687],[-118.236723752561,34.2844500108074],[-118.236867507261,34.2846823609287],[-118.23699138404,34.2849145790329],[-118.236986103743,34.2850726063277],[-118.236982625466,34.2852855440171],[-118.236893060737,34.2854956362192],[-118.236821535976,34.2858308450754],[-118.236791278921,34.286201656829],[-118.236784309791,34.2865026259384],[-118.236841999598,34.2868035019353],[-118.236860015311,34.2869450270481],[-118.236983932515,34.2871416365632],[-118.237211999494,34.2874274783393],[-118.237292780496,34.2876240629751],[-118.237330714554,34.2878370134968],[-118.237305762948,34.2879950041235],[-118.237302266705,34.2881365591442],[-118.237255732177,34.2883123345475],[-118.237207343526,34.2885417141047],[-118.237225503868,34.2887011863152],[-118.237200475007,34.2888770132332],[-118.237114333758,34.288929145735],[-118.236983410593,34.2890691821389],[-118.236875674743,34.2891198902534],[-118.236552805857,34.2892570607377],[-118.236439905592,34.2894849874775],[-118.236393366572,34.289660850607],[-118.236343450785,34.2900303778083],[-118.236336379247,34.2903312396897],[-118.236331087272,34.2905963548957],[-118.236388787859,34.2908094299925],[-118.236428310138,34.291004472638],[-118.236467837808,34.2911460634084],[-118.236570211614,34.2913247678118],[-118.236651109397,34.2915212587223],[-118.236793156399,34.2918057675077],[-118.236793228265,34.2918059070355],[-118.236875732235,34.2919665879793],[-118.237084098262,34.2921288100951],[-118.237186573578,34.2923418538454],[-118.237215422075,34.2924121627585],[-118.237267469564,34.2925383490567],[-118.237263958948,34.2927142488407],[-118.237217401064,34.2928377369337],[-118.237152722363,34.2929257117918],[-118.237000348328,34.293028641049],[-118.236871205625,34.2930793831397],[-118.236741988361,34.2931136248123],[-118.236657544029,34.2931479199062],[-118.236587221214,34.2931919988407],[-118.236548208279,34.2932164551325],[-118.236440511955,34.2932851008841],[-118.236354390469,34.2933550676163],[-118.236201940975,34.2934758407089],[-118.235923804597,34.293507245707],[-118.235600767726,34.2936608989217],[-118.235214993413,34.2937964611717],[-118.234999630409,34.2938637149163],[-118.234827342521,34.2939144112315],[-118.234633634304,34.2939993970673],[-118.234398525431,34.2940500265071],[-118.23395163873,34.2940428484389],[-118.233608907195,34.2940905493329],[-118.233310884811,34.2941027985001],[-118.23309566913,34.2941534590478],[-118.232797688069,34.2941491204483],[-118.232605660601,34.2941447974336],[-118.232476513406,34.2942147330218],[-118.232198206348,34.2943162550736],[-118.231920074461,34.2943475462091],[-118.231747844065,34.2944147416252],[-118.231597139099,34.2945011897233],[-118.231446356879,34.2945518633894],[-118.231209576241,34.2946190423149],[-118.230974505996,34.294668312516],[-118.230674851374,34.2946996391433],[-118.230462933408,34.2946952753391],[-118.229865181842,34.2947565934465],[-118.229608597844,34.294771643364],[-118.22941660002,34.2947850642754],[-118.229246027914,34.2947835948327],[-118.229075564504,34.2947628296743],[-118.228885322886,34.2946884943728]]]},"properties":{"family":"historical_fire_perimeters","incident_name":"WILDWOOD FIRE","fire_year":"2002","acres":113,"agency":"USFS"}},{"type":"Feature","geometry":{"type":"Polygon","coordinates":[[[-118.270837598869,34.2038286649679],[-118.270568105182,34.2037789723087],[-118.270191060697,34.203782271731],[-118.270027462213,34.2036846872312],[-118.269933263974,34.2035554322461],[-118.269749847756,34.2034358183105],[-118.269551274264,34.2034872578437],[-118.269412540248,34.2034095186604],[-118.269028928181,34.2034203761174],[-118.268952777096,34.2034230068997],[-118.2685707263,34.2034372239697],[-118.268319245631,34.2036391200721],[-118.268200175737,34.2036637279607],[-118.268133958223,34.2037282610408],[-118.268089304766,34.2038043832806],[-118.268085957644,34.2039020538234],[-118.268084114301,34.2040202079561],[-118.26803281421,34.2041218366481],[-118.267956690074,34.2041726947818],[-118.267839282962,34.2041761412913],[-118.267692316784,34.204116849273],[-118.267581455695,34.2040693722404],[-118.267502052709,34.2040425638717],[-118.267373069906,34.2040143706473],[-118.267230934868,34.2039970667428],[-118.267100292876,34.2039901291324],[-118.266982890255,34.2039879827673],[-118.266910085395,34.2039873349202],[-118.266860498391,34.2039865823179],[-118.2666769609,34.2040249880556],[-118.266438848061,34.2039595302371],[-118.266237390977,34.2036097602855],[-118.265981257934,34.2034310738391],[-118.26576302032,34.2033505901482],[-118.265523189004,34.2033387430732],[-118.26526199036,34.2033605612741],[-118.264855158639,34.2034153092052],[-118.264697992092,34.2033953402191],[-118.264575740365,34.2032640268179],[-118.264463480599,34.2030880670151],[-118.264156079804,34.2028667673552],[-118.264114833658,34.2025713609548],[-118.263833891841,34.2024749570983],[-118.263420692861,34.2023263238998],[-118.263038901679,34.2021125447156],[-118.262694948435,34.2020724188952],[-118.262246792414,34.202092100669],[-118.262060029073,34.2020020849904],[-118.262086729699,34.2017513388338],[-118.262009062257,34.2015967257199],[-118.261858930417,34.2012978548686],[-118.261845668589,34.2012786313206],[-118.261748150176,34.2011879037525],[-118.261688686196,34.2011479550615],[-118.261616028659,34.2010908660469],[-118.261536631063,34.20103935967],[-118.261477199422,34.200988421634],[-118.261397809012,34.2009314201819],[-118.261358177139,34.2009025022631],[-118.261278831644,34.2008681190364],[-118.261171394933,34.200833044089],[-118.261098732006,34.2007814417112],[-118.261072257757,34.2007367808954],[-118.261034277885,34.200657776121],[-118.260996280945,34.2005794912144],[-118.260976496449,34.200512115332],[-118.260951783796,34.2004221336292],[-118.260907235442,34.2003211171472],[-118.260875957901,34.2002482571457],[-118.260844604901,34.200124636838],[-118.260819893146,34.2000297859814],[-118.260814987446,34.1999178472263],[-118.260844876192,34.1997975876798],[-118.260810231765,34.1997152958176],[-118.260784481557,34.1995739092668],[-118.260718076295,34.1992095192146],[-118.260521591386,34.1988033782656],[-118.260192807992,34.1985346020683],[-118.259799510289,34.1982039788804],[-118.259512014364,34.1979826106749],[-118.259308834311,34.1977716297545],[-118.259102265813,34.1976209977666],[-118.258813049614,34.1975212061091],[-118.258425617012,34.1976029190866],[-118.258351470967,34.1976184619073],[-118.258070589337,34.1975792047445],[-118.257949969849,34.1973695669058],[-118.258011610447,34.1971785838919],[-118.258027932836,34.1971278099563],[-118.258315971343,34.1968196616793],[-118.258679889645,34.1966521342054],[-118.259379626945,34.1961944047295],[-118.259715453131,34.1959967831926],[-118.259960246741,34.1958911718029],[-118.260099340981,34.1957456313207],[-118.260157311063,34.1954949066796],[-118.2600682979,34.1952942341468],[-118.259855241769,34.1950049497296],[-118.259526497003,34.1947306652643],[-118.259374476006,34.1945375021756],[-118.25930949098,34.1944531187569],[-118.259090459256,34.1941691537818],[-118.258726790686,34.1940507361845],[-118.258874116189,34.1938276109464],[-118.258839560695,34.1936283142623],[-118.258977074799,34.193387274763],[-118.258878078658,34.1931427281711],[-118.258683050816,34.1929661290341],[-118.258544432683,34.1926781562758],[-118.258318038367,34.1925357748763],[-118.258229009034,34.1922479306817],[-118.258194603559,34.1919785859607],[-118.258083956268,34.1917600896537],[-118.257857642801,34.1915662428389],[-118.257806541237,34.1913395473334],[-118.25781339179,34.1910104310922],[-118.257476500202,34.1906929246407],[-118.257255285572,34.1902729699647],[-118.256992803236,34.1898792502003],[-118.256956692758,34.1895838220743],[-118.257023205818,34.1891435610751],[-118.256960593243,34.188971776129],[-118.256692843186,34.1887572801959],[-118.256605381413,34.1886246867065],[-118.256569086781,34.1885332589165],[-118.256542660142,34.1884673157281],[-118.256551024355,34.1883835236731],[-118.256630574665,34.1882413096476],[-118.256653832048,34.1880579381798],[-118.256594457899,34.1879068459613],[-118.256478828553,34.1878064550265],[-118.256457354326,34.1877521286936],[-118.256477296925,34.1876649021193],[-118.256536876788,34.1876106403439],[-118.256598086195,34.1875468476765],[-118.256626243887,34.1874904843685],[-118.256618016218,34.1874259039349],[-118.256614140885,34.1874099758011],[-118.256595022041,34.1873325153152],[-118.256586744066,34.1872747882915],[-118.256596798011,34.1872033593583],[-118.256677920372,34.1870831656481],[-118.256712653733,34.1870337581276],[-118.256706113099,34.1869616319681],[-118.256689584098,34.1869190162593],[-118.256638358567,34.1868750406655],[-118.256570550136,34.1868742789934],[-118.256482976972,34.1869085572053],[-118.256413470726,34.1869649112419],[-118.256360513243,34.1870135890849],[-118.256272879892,34.1870554430754],[-118.256229782318,34.1870760601932],[-118.256160353326,34.1870897776888],[-118.256066083222,34.1871027587772],[-118.256013160774,34.1871157398637],[-118.255968560318,34.1871796019647],[-118.255950266128,34.1872509952495],[-118.255913857409,34.1873073223061],[-118.255862547437,34.1873210531397],[-118.255824600802,34.1873045149084],[-118.255821277036,34.1872977929071],[-118.255816407269,34.1872289321182],[-118.255824689736,34.1871829087244],[-118.255826433366,34.1871142343579],[-118.255841372349,34.1870228807261],[-118.255836490904,34.1869541987985],[-118.255811773758,34.1868449237723],[-118.255763838757,34.1867700866384],[-118.255684740299,34.1866717846813],[-118.255623526401,34.1866133386306],[-118.255549120742,34.1865088910707],[-118.25551622264,34.1864456452337],[-118.255504655034,34.1863653251593],[-118.255493203311,34.1862505756939],[-118.255446965227,34.1861529471241],[-118.255440508136,34.1861405908376],[-118.255448754671,34.186013423827],[-118.255566283954,34.185944911248],[-118.255701925969,34.1858474591831],[-118.255712286239,34.1858398676342],[-118.255819409438,34.1857610027249],[-118.256014452551,34.1857837283461],[-118.256146785172,34.1857227328302],[-118.256262613047,34.1855936100777],[-118.256391636274,34.1854858730066],[-118.256482595188,34.1854357868365],[-118.256613194959,34.1854380510848],[-118.256624482291,34.1854331777862],[-118.256745525784,34.1853823782012],[-118.256879607425,34.1852471302225],[-118.257106096963,34.1852218362709],[-118.257251589004,34.1852528157501],[-118.257337503878,34.1852687338878],[-118.257416933814,34.1852200030202],[-118.257469921839,34.1851203861809],[-118.257541075596,34.1850140143438],[-118.257585790138,34.184950062916],[-118.257673471998,34.1849302151427],[-118.257767592083,34.1849385067849],[-118.257810598029,34.1849468288938],[-118.25783098799,34.1849719341775],[-118.257851898973,34.184997668126],[-118.257868516907,34.1850264948948],[-118.257909630103,34.1851055559288],[-118.257924418169,34.1852415450143],[-118.258006933818,34.1853721671547],[-118.258134181974,34.1854526323375],[-118.258254877819,34.185476018664],[-118.258418530203,34.1854857251283],[-118.258496323408,34.185471953125],[-118.258521479829,34.1854675576462],[-118.25853096514,34.1854659012604],[-118.25865340192,34.1854103443199],[-118.258731143922,34.185339593752],[-118.258775868345,34.1853046691412],[-118.258835362868,34.1852984530375],[-118.258948687137,34.1852725943385],[-118.25898249703,34.1852649068767],[-118.259027152282,34.1852230356494],[-118.259131248159,34.1851530510707],[-118.259202587868,34.1850967136582],[-118.259280176257,34.185062474095],[-118.259349792997,34.1850206213449],[-118.25941731756,34.185078355113],[-118.259432294272,34.1851862220056],[-118.259447015863,34.1853009350204],[-118.259488292552,34.1853874788938],[-118.259503227044,34.1854877686726],[-118.259509613167,34.1856306643099],[-118.259473194567,34.1856878031763],[-118.259470950576,34.1856958859315],[-118.259434997303,34.1858298342448],[-118.259363732155,34.1860008401307],[-118.259352188803,34.186100461875],[-118.259375141657,34.1862158379785],[-118.259477562176,34.1863100749683],[-118.259604848062,34.1863691781288],[-118.259776788302,34.1863864901097],[-118.259922272259,34.1863886190885],[-118.26008596866,34.1863763312017],[-118.260149663705,34.1863372768732],[-118.260602023841,34.1860600252492],[-118.261345916932,34.1861187778411],[-118.262037237018,34.1859392837291],[-118.262670535819,34.185782332053],[-118.263217767032,34.1857194423616],[-118.264012996145,34.1857535486425],[-118.264075782994,34.1857555840061],[-118.265867103621,34.1868042133012],[-118.265939785412,34.1869087117689],[-118.266149682168,34.1869424653423],[-118.266462376735,34.1867825149129],[-118.266917315036,34.1863472529834],[-118.267329134203,34.186199894011],[-118.268124456742,34.1860470878433],[-118.268369153334,34.1860327742102],[-118.268468391121,34.18604040364],[-118.268547592885,34.1861249076845],[-118.268531064782,34.1862300423448],[-118.268616903299,34.1863090561786],[-118.268720999176,34.1863770787595],[-118.268839981934,34.1864342260374],[-118.268952254276,34.1864857829492],[-118.269038380254,34.1865318052373],[-118.269119349902,34.1865607109933],[-118.269233449418,34.1865291716986],[-118.269354184789,34.1864866612912],[-118.269455025171,34.1864660990187],[-118.269560838627,34.1864950189162],[-118.269659962328,34.1865520509341],[-118.269783909176,34.1866648129491],[-118.269861477803,34.1867940009405],[-118.269952266037,34.1869342110518],[-118.270010201085,34.1870290179348],[-118.270115866318,34.1870750659347],[-118.270223338064,34.1870882409727],[-118.27036236493,34.1871123402147],[-118.270413364984,34.1872407591641],[-118.270461181408,34.1874798358974],[-118.270631422036,34.1875005331651],[-118.27071409489,34.1875116148545],[-118.270780185742,34.1875459760333],[-118.270793370316,34.1876126102709],[-118.270796678811,34.1877684401956],[-118.270826204637,34.1878963587924],[-118.27089061025,34.1880028979043],[-118.270895506068,34.1881306229438],[-118.270890214991,34.1881444249794],[-118.270870626328,34.1881965946325],[-118.270865489761,34.1882968520912],[-118.270862192046,34.1884074991936],[-118.270920010313,34.1884974476468],[-118.271019160066,34.1885435669238],[-118.271128317949,34.1885394547186],[-118.271348242599,34.1884874361229],[-118.271670425172,34.1887252698678],[-118.271786150638,34.1887383740556],[-118.271875527619,34.1887947157235],[-118.272184634315,34.1887042050768],[-118.272259924814,34.1886064470788],[-118.272441106024,34.1883712011521],[-118.272578428786,34.1882949468283],[-118.272715726396,34.1882449143419],[-118.272841353992,34.188212023266],[-118.272869911435,34.188196402917],[-118.273041484264,34.1881021858687],[-118.273220072038,34.1880445827237],[-118.273435127818,34.1879471427448],[-118.273516160348,34.1878839953305],[-118.273588926581,34.1878763601228],[-118.273640029043,34.1879465423319],[-118.273835243734,34.1879321896376],[-118.273860006693,34.1879411296982],[-118.273921099319,34.187985864169],[-118.273962331092,34.1880209221681],[-118.2740152751,34.1880314583649],[-118.274055035433,34.1880394502393],[-118.274098176126,34.1880318997572],[-118.274170778866,34.1880415643146],[-118.274210241856,34.1881027409524],[-118.274251735039,34.1881556596594],[-118.274312778258,34.1881824552456],[-118.274385495083,34.1882615289263],[-118.274403615001,34.1883309476698],[-118.274418900734,34.1883714731199],[-118.27443335283,34.1884099201523],[-118.274474659163,34.1884711232738],[-118.274482823951,34.1885494060468],[-118.274512560882,34.1886188223241],[-118.274563831328,34.1886806242155],[-118.274605196951,34.1886896362755],[-118.274656344328,34.1887081627136],[-118.274709289234,34.1887432226416],[-118.27471738575,34.1887948212406],[-118.274717486361,34.1887954543429],[-118.274758753169,34.1888483636984],[-118.274819915863,34.1888751620368],[-118.274934027955,34.1889026700053],[-118.275059651059,34.188939181081],[-118.275214975162,34.1890024748344],[-118.275338995672,34.1890478916288],[-118.275400126925,34.1891007391507],[-118.275543816048,34.1892245160614],[-118.275583524279,34.1892945299572],[-118.275624758747,34.1893639493367],[-118.275644607921,34.1893990402012],[-118.275695789435,34.1894258651153],[-118.275727273589,34.1894354500042],[-118.275758679589,34.1894533186598],[-118.275798246784,34.1895144913013],[-118.275818016907,34.1895928637605],[-118.275828031326,34.1896017612901],[-118.275826318239,34.1896450079963],[-118.275836199707,34.1897143817601],[-118.275865918671,34.1897494479575],[-118.275907271717,34.1897590959706],[-118.275948551999,34.1897770262323],[-118.276028200226,34.1897926559484],[-118.276042778086,34.1897955717514],[-118.276115518268,34.1898141611074],[-118.276178336558,34.189814846217],[-118.276241227611,34.1898073137275],[-118.276282530351,34.1897991087599],[-118.276313853706,34.1898259067963],[-118.276363415557,34.1898870501879],[-118.276363408371,34.1899221237442],[-118.276383269223,34.189991474988],[-118.276447646988,34.1900251701115],[-118.276503497944,34.1901308549807],[-118.276801019068,34.190693730862],[-118.276681517084,34.1909621887591],[-118.276552769639,34.1912513287739],[-118.276739205095,34.1917873663352],[-118.276975265284,34.1922628607325],[-118.277118972373,34.1924655206954],[-118.277108957056,34.1926304372567],[-118.277052677603,34.1927423529927],[-118.277027705337,34.1929759089405],[-118.276991171752,34.1931922532284],[-118.276987778816,34.1933571743128],[-118.277037320904,34.193478715867],[-118.277108323744,34.1936017618928],[-118.27714798077,34.1936889897574],[-118.277207412411,34.1938195259984],[-118.277245306943,34.1939679379095],[-118.277251720016,34.1942104402616],[-118.277258357667,34.1943931808959],[-118.277337645669,34.1945243699108],[-118.277420101131,34.194629551314],[-118.277520848987,34.1947869449731],[-118.277601817737,34.1949009383146],[-118.277692681429,34.1949889427807],[-118.277826607662,34.1950783202605],[-118.277952175969,34.1951230353421],[-118.278044774308,34.1951766243079],[-118.278104178101,34.1952989508414],[-118.278102527896,34.1953943910336],[-118.278142092396,34.1954906358073],[-118.278171861666,34.1955339047564],[-118.278244580289,34.1955786277697],[-118.278325550835,34.1956576536499],[-118.278347057401,34.1956816872869],[-118.278381433232,34.1961048181599],[-118.278371477204,34.1961632620913],[-118.278349605023,34.1967862070328],[-118.278260132821,34.1970912719625],[-118.278096059128,34.1976455427709],[-118.277768404916,34.1981758966387],[-118.277644187675,34.1983769427261],[-118.277228765365,34.1990245050741],[-118.276867522247,34.2002162028858],[-118.276917005944,34.200340545232],[-118.276941838972,34.2003667061601],[-118.27702936722,34.2004683570881],[-118.277125275851,34.200489731733],[-118.277283949772,34.2005797408536],[-118.277379820674,34.2006079708895],[-118.277452544686,34.2006622540211],[-118.277498791753,34.2007164969972],[-118.277578095027,34.2007777350226],[-118.277602937936,34.2007785619507],[-118.277674038692,34.2008128092501],[-118.277730199567,34.2008204172826],[-118.277811260843,34.2007813376951],[-118.277877502612,34.2006954441171],[-118.277928738923,34.2006158062904],[-118.277946981011,34.2005361126654],[-118.277971736784,34.2004962877424],[-118.278029805681,34.2004365807846],[-118.278079372023,34.2003836898442],[-118.278104295781,34.2003507173174],[-118.278137290901,34.2003109131102],[-118.278226684052,34.2002785497958],[-118.278282836842,34.2002862507486],[-118.27833740141,34.2003473843269],[-118.278344003129,34.2004278047602],[-118.278375331875,34.2004889412078],[-118.278414988003,34.200516500368],[-118.278446347291,34.2005569976731],[-118.278567073679,34.2005652201683],[-118.278687832406,34.2005674000544],[-118.278760684877,34.2005611999351],[-118.278848163718,34.2005564761052],[-118.278921020681,34.200550365885],[-118.279018485194,34.2005455239216],[-118.279131041404,34.2005201758631],[-118.279211915831,34.2005147239158],[-118.279374058147,34.200530604253],[-118.279428592172,34.2005581091625],[-118.27943686386,34.200591771088],[-118.279443407188,34.2006453246301],[-118.279418607398,34.2007119269714],[-118.279377256149,34.2007517852262],[-118.279286239743,34.2008238839894],[-118.279091174172,34.2009144217487],[-118.278897553092,34.2009385489875],[-118.278718957234,34.2009355771041],[-118.278590050787,34.2009540926793],[-118.278413082676,34.2009711713453],[-118.278331977383,34.2009972629815],[-118.278201324611,34.201055597277],[-118.278118558332,34.2011475679746],[-118.278052445921,34.2012471681121],[-118.278002710695,34.2012931972041],[-118.27792833019,34.2013590597812],[-118.277838951412,34.2014112561787],[-118.277749636415,34.2014503852531],[-118.277668586817,34.2014689051729],[-118.277571045048,34.2014474260181],[-118.277491661825,34.2014193619449],[-118.277306518146,34.2014233219569],[-118.277144403679,34.2014411561247],[-118.276975751272,34.2014252640715],[-118.276863425031,34.2013902198174],[-118.276759270764,34.2013482600101],[-118.276663337878,34.2013131852624],[-118.276552524399,34.2012979908317],[-118.276532774039,34.201302832009],[-118.276322685044,34.2013604171822],[-118.276091070618,34.2014344441658],[-118.275932337409,34.2015360722603],[-118.275783420091,34.2015951268591],[-118.275583243106,34.2017302958707],[-118.275434371602,34.2018669617353],[-118.2753284764,34.2019348588373],[-118.27529372687,34.2020297127513],[-118.275219226888,34.2021155789662],[-118.274987636716,34.2022328782276],[-118.274797396895,34.2022911143405],[-118.274608871958,34.202374902978],[-118.274481534869,34.2024249902326],[-118.274354151066,34.2024922033645],[-118.274259861199,34.2025258466868],[-118.274144082732,34.202558712863],[-118.274018438966,34.2026260417895],[-118.27392235696,34.2027111339806],[-118.273857688141,34.2028142746771],[-118.273781723906,34.2029171507559],[-118.273707232908,34.2030030160669],[-118.273650948964,34.2030304793073],[-118.273553363178,34.203020794922],[-118.273181275597,34.2031401092942],[-118.272895149603,34.203219613234],[-118.272572532245,34.2034235960582],[-118.272353791575,34.2035240456681],[-118.272249956209,34.2035717852683],[-118.272105886201,34.2040383662409],[-118.272087535416,34.2040978507366],[-118.271746738852,34.2043435743201],[-118.271295312964,34.2043090520809],[-118.270837598869,34.2038286649679]]]},"properties":{"family":"historical_fire_perimeters","incident_name":"MOUNTAIN","fire_year":"2002","acres":749,"agency":"CCO"}},{"type":"Feature","geometry":{"type":"Polygon","coordinates":[[[-118.270837598869,34.2038286649679],[-118.270568105182,34.2037789708227],[-118.270191059799,34.2037822724739],[-118.270027462213,34.2036846872312],[-118.269933263974,34.2035554322461],[-118.269749847756,34.2034358183105],[-118.269551274264,34.2034872578437],[-118.269412540248,34.2034095179175],[-118.269028928181,34.2034203761174],[-118.268952777096,34.2034230068997],[-118.268570725402,34.2034372239697],[-118.268319245631,34.2036391200721],[-118.268200175737,34.2036637279607],[-118.268133957324,34.2037282610408],[-118.268089304766,34.2038043832806],[-118.268085957644,34.2039020545663],[-118.268084115199,34.204020208699],[-118.26803281421,34.204121837391],[-118.267956690973,34.2041726955247],[-118.267839282962,34.2041761412913],[-118.267692316784,34.204116849273],[-118.267581455695,34.2040693722404],[-118.267502052709,34.2040425646146],[-118.267373070804,34.2040143713902],[-118.267230934868,34.2039970667428],[-118.267100293775,34.2039901291324],[-118.266982889357,34.2039879835102],[-118.266910084496,34.2039873341772],[-118.266860497493,34.203986581575],[-118.2666769609,34.2040249880556],[-118.266438847163,34.2039595302371],[-118.266237390079,34.2036097602855],[-118.265981257934,34.2034310730962],[-118.26576302032,34.2033505901482],[-118.265523189004,34.2033387430732],[-118.26526199036,34.2033605605311],[-118.264855159538,34.2034153084623],[-118.264697992092,34.2033953394761],[-118.264575740365,34.2032640268179],[-118.264463481498,34.2030880662722],[-118.264156079804,34.2028667673552],[-118.264114833658,34.2025713616977],[-118.263833891841,34.2024749570983],[-118.263420692861,34.2023263246427],[-118.263038901679,34.2021125447156],[-118.262694947536,34.2020724196381],[-118.262246791516,34.202092100669],[-118.262060029972,34.2020020857333],[-118.262086730597,34.2017513380909],[-118.262009061359,34.2015967257199],[-118.261858930417,34.2012978556116],[-118.261845668589,34.2012786305776],[-118.261748150176,34.2011879044954],[-118.261688686196,34.2011479550615],[-118.261616029558,34.2010908660469],[-118.261536630165,34.201039360413],[-118.261477199422,34.200988422377],[-118.261397809012,34.2009314194389],[-118.261358177139,34.2009025022631],[-118.261278832543,34.2008681182934],[-118.261171394933,34.200833044089],[-118.261098732006,34.2007814424542],[-118.261072258655,34.2007367816384],[-118.261034276986,34.200657775378],[-118.260996280945,34.2005794912144],[-118.260976496449,34.200512114589],[-118.260951784694,34.2004221343721],[-118.260907235442,34.2003211164042],[-118.260875957901,34.2002482571457],[-118.260844604002,34.200124637581],[-118.260819893146,34.2000297859814],[-118.260814986547,34.1999178472263],[-118.260844875294,34.1997975884228],[-118.260810231765,34.1997152950746],[-118.260784482455,34.1995739085238],[-118.260718076295,34.1992095192146],[-118.260521590487,34.1988033782656],[-118.260192807992,34.1985346013253],[-118.259799510289,34.1982039788804],[-118.259512013466,34.1979826114179],[-118.259308835209,34.1977716304975],[-118.259102266712,34.1976209985096],[-118.258813050513,34.1975212061091],[-118.258425617012,34.1976029190866],[-118.258351471865,34.1976184619073],[-118.258070588439,34.1975792054875],[-118.257949970747,34.1973695661628],[-118.258011609549,34.1971785831489],[-118.258027933734,34.1971278099563],[-118.258315971343,34.1968196624222],[-118.258679889645,34.1966521342054],[-118.259379626945,34.1961944047295],[-118.25971545403,34.1959967831926],[-118.259960246741,34.1958911718029],[-118.260099340981,34.1957456305777],[-118.260157311962,34.1954949081656],[-118.2600682979,34.1952942341468],[-118.259855241769,34.1950049497296],[-118.259526497901,34.1947306645212],[-118.259374475107,34.1945375014326],[-118.259309490081,34.1944531187569],[-118.259090459256,34.1941691537818],[-118.258726791584,34.1940507354414],[-118.258874115291,34.1938276109464],[-118.258839561593,34.1936283135193],[-118.258977075697,34.193387275506],[-118.258878078658,34.1931427274281],[-118.258683051715,34.1929661282911],[-118.258544432683,34.1926781555327],[-118.258318038367,34.1925357748763],[-118.258229009034,34.1922479314248],[-118.258194604457,34.1919785852176],[-118.258083956268,34.1917600896537],[-118.257857642801,34.1915662428389],[-118.257806541237,34.1913395465904],[-118.25781339179,34.1910104303492],[-118.257476500202,34.1906929246407],[-118.25725528647,34.1902729692216],[-118.256992802337,34.1898792494573],[-118.256956693656,34.1895838213312],[-118.257023205818,34.1891435610751],[-118.256960592344,34.188971776129],[-118.256692842287,34.1887572801959],[-118.256605380515,34.1886246874496],[-118.256569087679,34.1885332596596],[-118.256542659243,34.1884673164712],[-118.256551023457,34.1883835244162],[-118.256630574665,34.1882413103907],[-118.256653832946,34.1880579381798],[-118.256594458798,34.1879068459613],[-118.256478828553,34.1878064550265],[-118.256457354326,34.1877521294366],[-118.256477297823,34.1876649021193],[-118.256536876788,34.1876106403439],[-118.256598086195,34.1875468484196],[-118.256626244786,34.1874904843685],[-118.256618015319,34.1874259039349],[-118.256614140885,34.1874099758011],[-118.256595021143,34.1873325153152],[-118.256586743168,34.1872747882915],[-118.256596798011,34.1872033593583],[-118.256677920372,34.1870831663912],[-118.256712654631,34.1870337581276],[-118.256706113099,34.1869616319681],[-118.256689584098,34.1869190162593],[-118.256638359465,34.1868750414086],[-118.256570550136,34.1868742789934],[-118.256482976074,34.1869085572053],[-118.256413471624,34.1869649112419],[-118.256360513243,34.1870135890849],[-118.25627288079,34.1870554423324],[-118.256229782318,34.1870760601932],[-118.256160352428,34.1870897784318],[-118.256066082324,34.1871027595203],[-118.256013160774,34.1871157398637],[-118.255968560318,34.1871796019647],[-118.255950266128,34.1872509952495],[-118.255913856511,34.1873073223061],[-118.255862546538,34.1873210531397],[-118.255824601701,34.1873045149084],[-118.255821276138,34.1872977929071],[-118.25581640637,34.1872289313752],[-118.255824690634,34.1871829094675],[-118.255826432467,34.1871142343579],[-118.25584137145,34.1870228814692],[-118.255836490904,34.1869541980554],[-118.255811774657,34.1868449245154],[-118.255763839655,34.1867700873815],[-118.255684740299,34.1866717854244],[-118.255623526401,34.1866133393737],[-118.255549121641,34.1865088910707],[-118.25551622264,34.1864456452337],[-118.255504655034,34.1863653244162],[-118.255493203311,34.186250576437],[-118.255446964328,34.1861529471241],[-118.255440508136,34.1861405908376],[-118.255448755569,34.186013423827],[-118.255566283954,34.185944911248],[-118.255701925969,34.1858474591831],[-118.255712286239,34.1858398683773],[-118.255819409438,34.1857610027249],[-118.25601445345,34.1857837283461],[-118.256146784274,34.1857227328302],[-118.256262612148,34.1855936100777],[-118.256391636274,34.1854858730066],[-118.25648259429,34.1854357868365],[-118.256613194061,34.1854380510848],[-118.256624481393,34.1854331777862],[-118.256745526682,34.1853823782012],[-118.256879607425,34.1852471302225],[-118.257106096963,34.185221837014],[-118.257251588106,34.1852528172364],[-118.257337504776,34.1852687338878],[-118.257416934712,34.1852200030202],[-118.257469921839,34.1851203861809],[-118.257541076494,34.1850140136007],[-118.257585790138,34.184950062916],[-118.257673472896,34.1849302151427],[-118.257767592083,34.1849385067849],[-118.257810598029,34.1849468288938],[-118.257830988888,34.1849719341775],[-118.257851898074,34.184997668126],[-118.257868517805,34.1850264948948],[-118.257909629204,34.1851055559288],[-118.257924418169,34.1852415450143],[-118.258006933818,34.1853721671547],[-118.258134181974,34.1854526315944],[-118.258254878718,34.1854760201502],[-118.258418529304,34.1854857251283],[-118.258496323408,34.1854719538681],[-118.258521479829,34.1854675576462],[-118.258530966039,34.1854659005173],[-118.25865340192,34.1854103435768],[-118.25873114482,34.185339593752],[-118.258775867446,34.1853046691412],[-118.258835363766,34.1852984530375],[-118.258948688036,34.1852725950816],[-118.25898249703,34.1852649068767],[-118.259027152282,34.1852230356494],[-118.259131248159,34.1851530518138],[-118.259202587868,34.1850967136582],[-118.259280175359,34.185062474095],[-118.259349793895,34.1850206206018],[-118.259417318458,34.1850783558561],[-118.259432293374,34.1851862220056],[-118.259447015863,34.1853009350204],[-118.25948829345,34.1853874788938],[-118.259503227044,34.1854877686726],[-118.259509613167,34.1856306635668],[-118.259473194567,34.1856878031763],[-118.259470950576,34.1856958866746],[-118.259434998201,34.1858298335018],[-118.259363733053,34.1860008401307],[-118.259352189702,34.186100461875],[-118.259375141657,34.1862158379785],[-118.259477562176,34.1863100749683],[-118.259604848062,34.1863691781288],[-118.259776788302,34.1863864901097],[-118.259922272259,34.1863886190885],[-118.26008596866,34.1863763312017],[-118.260149663705,34.1863372768732],[-118.260602023841,34.1860600259922],[-118.261345916932,34.1861187785842],[-118.26203723612,34.1859392837291],[-118.262670536717,34.1857823313099],[-118.263217766133,34.1857194416185],[-118.264012996145,34.1857535493856],[-118.264075783892,34.1857555847492],[-118.265867103621,34.1868042125581],[-118.265939785412,34.1869087117689],[-118.266149682168,34.1869424645992],[-118.266462376735,34.186782515656],[-118.266917315036,34.1863472522403],[-118.267329134203,34.1861998947541],[-118.26812445764,34.1860470885864],[-118.268369153334,34.1860327742102],[-118.268468390223,34.1860404043831],[-118.268547591987,34.1861249084276],[-118.26853106568,34.1862300416017],[-118.268616902401,34.1863090561786],[-118.268720998278,34.1863770780163],[-118.268839981035,34.1864342252944],[-118.268952254276,34.1864857822061],[-118.269038379356,34.1865318052373],[-118.269119349902,34.1865607109933],[-118.26923344852,34.1865291724417],[-118.269354185687,34.1864866605482],[-118.269455025171,34.1864660982756],[-118.269560838627,34.1864950181731],[-118.26965996143,34.1865520516772],[-118.269783909176,34.186664812206],[-118.269861478701,34.1867940016837],[-118.269952266037,34.1869342103087],[-118.270010201983,34.1870290186779],[-118.270115866318,34.1870750666779],[-118.270223338064,34.1870882417158],[-118.27036236493,34.1871123402147],[-118.270413364984,34.1872407591641],[-118.27046118051,34.1874798351544],[-118.270631422036,34.1875005331651],[-118.270714095788,34.1875116155976],[-118.270780185742,34.1875459752902],[-118.270793370316,34.1876126095278],[-118.270796678811,34.1877684401956],[-118.270826204637,34.1878963580493],[-118.27089061025,34.1880028986474],[-118.270895506068,34.1881306222007],[-118.270890214991,34.1881444257225],[-118.270870626328,34.1881965946325],[-118.270865489761,34.1882968513481],[-118.270862192046,34.1884074991936],[-118.270920010313,34.1884974483898],[-118.271019160066,34.1885435676669],[-118.271128317949,34.1885394554617],[-118.271348242599,34.1884874353799],[-118.271670425172,34.1887252691247],[-118.271786151537,34.1887383747987],[-118.271875528517,34.1887947164666],[-118.272184634315,34.1887042050768],[-118.272259924814,34.1886064470788],[-118.272441106024,34.1883712011521],[-118.272578428786,34.1882949475713],[-118.272715726396,34.1882449135989],[-118.272841353094,34.1882120225229],[-118.272869911435,34.1881964021739],[-118.273041484264,34.1881021866118],[-118.273220072038,34.1880445819807],[-118.27343512692,34.1879471434879],[-118.27351615945,34.1878839953305],[-118.27358892748,34.1878763601228],[-118.273640029043,34.1879465423319],[-118.273835244632,34.1879321888945],[-118.273860006693,34.1879411304413],[-118.273921099319,34.187985864169],[-118.273962331092,34.188020921425],[-118.274015274202,34.1880314568788],[-118.274055034535,34.1880394502393],[-118.274098175228,34.1880319005003],[-118.274170779764,34.1880415643146],[-118.274210242754,34.1881027402093],[-118.274251734141,34.1881556589163],[-118.274312778258,34.1881824545025],[-118.274385495083,34.1882615289263],[-118.274403615899,34.1883309484129],[-118.274418900734,34.1883714723768],[-118.274433353728,34.1884099201523],[-118.274474659163,34.1884711232738],[-118.274482823951,34.1885494053037],[-118.274512560882,34.188618821581],[-118.274563831328,34.1886806234724],[-118.274605197849,34.1886896355324],[-118.27465634343,34.1887081634567],[-118.274709288336,34.1887432233847],[-118.27471738575,34.1887948212406],[-118.274717485463,34.1887954543429],[-118.27475875227,34.1888483644415],[-118.274819916761,34.1888751612937],[-118.274934028854,34.1889026692622],[-118.275059651059,34.1889391803379],[-118.275214975162,34.1890024755775],[-118.275338995672,34.1890478916288],[-118.275400126925,34.1891007391507],[-118.275543816048,34.1892245153183],[-118.27558352338,34.1892945299572],[-118.275624758747,34.1893639493367],[-118.275644607921,34.1893990402012],[-118.275695788536,34.1894258651153],[-118.275727273589,34.1894354492612],[-118.275758679589,34.1894533194029],[-118.275798246784,34.1895144913013],[-118.275818016907,34.1895928645036],[-118.275828031326,34.189601760547],[-118.275826318239,34.1896450072533],[-118.275836199707,34.189714381017],[-118.275865918671,34.1897494479575],[-118.275907271717,34.1897590959706],[-118.275948551999,34.1897770254892],[-118.276028200226,34.1897926552054],[-118.276042778086,34.1897955724945],[-118.276115518268,34.1898141611074],[-118.276178336558,34.1898148454739],[-118.276241227611,34.1898073144706],[-118.276282530351,34.189799109503],[-118.276313853706,34.1898259075394],[-118.276363415557,34.1898870501879],[-118.276363408371,34.1899221244873],[-118.276383269223,34.189991474988],[-118.276447646988,34.1900251701115],[-118.276503497944,34.1901308542376],[-118.276801019068,34.190693730119],[-118.276681516186,34.1909621887591],[-118.276552770538,34.1912513295169],[-118.276739205095,34.1917873663352],[-118.276975265284,34.1922628614755],[-118.277118972373,34.1924655214384],[-118.277108957056,34.1926304365136],[-118.277052678502,34.1927423522497],[-118.277027704438,34.1929759096836],[-118.276991171752,34.1931922539714],[-118.276987779714,34.1933571735698],[-118.277037321802,34.19347871661],[-118.277108323744,34.1936017618928],[-118.277147981668,34.1936889905004],[-118.277207412411,34.1938195267414],[-118.277245306045,34.1939679386526],[-118.277251720914,34.1942104395186],[-118.277258358566,34.1943931808959],[-118.277337645669,34.1945243699108],[-118.277420101131,34.194629550571],[-118.277520848987,34.1947869449731],[-118.277601818635,34.1949009375715],[-118.277692680531,34.1949889427807],[-118.277826607662,34.1950783210035],[-118.277952175969,34.1951230345991],[-118.27804477341,34.1951766235648],[-118.278104178101,34.1952989508414],[-118.278102527896,34.1953943910336],[-118.278142091498,34.1954906358073],[-118.278171861666,34.1955339047564],[-118.27824457939,34.1955786277697],[-118.278325550835,34.1956576536499],[-118.278347056503,34.1956816865438],[-118.278381433232,34.1961048181599],[-118.278371478102,34.1961632620913],[-118.278349605922,34.1967862070328],[-118.278260132821,34.1970912719625],[-118.278096059128,34.1976455427709],[-118.277768404916,34.1981758973817],[-118.277644187675,34.1983769434691],[-118.277228764467,34.1990245050741],[-118.276867522247,34.2002162036288],[-118.276917005944,34.200340544489],[-118.276941838972,34.2003667061601],[-118.27702936722,34.2004683563451],[-118.277125275851,34.200489731733],[-118.277283949772,34.2005797415966],[-118.277379820674,34.2006079701465],[-118.277452544686,34.2006622547641],[-118.277498791753,34.2007164962543],[-118.277578095027,34.2007777342796],[-118.277602937936,34.2007785626937],[-118.277674038692,34.2008128092501],[-118.277730200465,34.2008204165397],[-118.277811260843,34.200781338438],[-118.277877503511,34.2006954441171],[-118.277928738923,34.2006158062904],[-118.277946981011,34.2005361134084],[-118.277971736784,34.2004962877424],[-118.278029806579,34.2004365815276],[-118.278079372023,34.2003836905872],[-118.278104295781,34.2003507173174],[-118.278137290901,34.2003109123672],[-118.278226684052,34.2002785505388],[-118.278282835943,34.2002862514916],[-118.27833740141,34.2003473843269],[-118.278344003129,34.2004278055032],[-118.278375331875,34.2004889404648],[-118.278414987105,34.200516500368],[-118.278446347291,34.2005569976731],[-118.278567074577,34.2005652201683],[-118.278687831508,34.2005674000544],[-118.278760684877,34.2005612006781],[-118.278848164616,34.2005564761052],[-118.278921021579,34.200550366628],[-118.279018485194,34.2005455246646],[-118.279131041404,34.2005201751201],[-118.279211916729,34.2005147246587],[-118.279374057248,34.200530604253],[-118.279428592172,34.2005581091625],[-118.279436864758,34.200591771088],[-118.279443407188,34.2006453253731],[-118.2794186065,34.2007119269714],[-118.279377256149,34.2007517844833],[-118.279286239743,34.2008238839894],[-118.279091173274,34.2009144210058],[-118.278897552194,34.2009385482445],[-118.278718957234,34.2009355763611],[-118.278590051686,34.2009540926793],[-118.278413083575,34.2009711713453],[-118.278331977383,34.2009972622385],[-118.278201325509,34.201055596534],[-118.278118558332,34.2011475672317],[-118.278052445921,34.2012471681121],[-118.278002711593,34.2012931972041],[-118.27792833019,34.2013590597812],[-118.277838951412,34.2014112554358],[-118.277749636415,34.2014503845101],[-118.277668586817,34.2014689051729],[-118.277571045048,34.2014474252751],[-118.277491661825,34.2014193612019],[-118.277306518146,34.2014233226998],[-118.277144403679,34.2014411553817],[-118.276975751272,34.2014252648144],[-118.276863425031,34.2013902205604],[-118.276759270764,34.201348260753],[-118.276663337878,34.2013131845195],[-118.276552524399,34.2012979908317],[-118.276532774039,34.201302831266],[-118.276322685044,34.2013604164392],[-118.276091070618,34.2014344449087],[-118.275932338307,34.2015360715174],[-118.275783420091,34.2015951268591],[-118.275583243106,34.2017302966136],[-118.275434371602,34.2018669617353],[-118.275328475502,34.2019348595802],[-118.27529372687,34.2020297127513],[-118.275219226888,34.2021155797092],[-118.274987637615,34.2022328774847],[-118.274797397794,34.2022911135976],[-118.274608871958,34.202374902978],[-118.274481534869,34.2024249894897],[-118.274354151066,34.2024922026216],[-118.274259862097,34.2025258466868],[-118.274144082732,34.202558712863],[-118.274018438966,34.2026260417895],[-118.27392235696,34.2027111339806],[-118.273857687243,34.2028142746771],[-118.273781723906,34.2029171507559],[-118.273707233806,34.2030030160669],[-118.273650949862,34.2030304785644],[-118.273553362279,34.203020795665],[-118.273181275597,34.2031401092942],[-118.272895150501,34.203219613234],[-118.272572532245,34.2034235960582],[-118.272353791575,34.2035240456681],[-118.272249956209,34.2035717852683],[-118.272105885302,34.2040383662409],[-118.272087535416,34.2040978514795],[-118.27174673975,34.2043435743201],[-118.271295312964,34.204309051338],[-118.270837598869,34.2038286649679]]]},"properties":{"family":"historical_fire_perimeters","incident_name":"MOUNTAIN FIRE","fire_year":"2002","acres":749,"agency":"USFS"}}]}