{"type":"FeatureCollection","provenance":{"title":"NOAA HMS satellite fire detections, Eaton Fire peak","source":"NOAA NESDIS Hazard Mapping System (daily archive)","url":"https://satepsanone.nesdis.noaa.gov/pub/FIRE/web/HMS/Fire_Points/Text/2025/01/hms_fire20250108.txt","as_of":"2025-01-08 / 2025-01-09","retrieved_at":"2026-08-13T06:28:27+00:00","family":"satellite_hotspots","caveat":"A detection is a thermal anomaly, not a confirmed wildfire. GOES pixels are coarse, and agricultural burning or industrial heat produces the same signature. Near real time, but not agency-verified."},"features":[{"type":"Feature","geometry":{"type":"Point","coordinates":[-118.098824,34.213787]},"properties":{"family":"satellite_hotspots","acq_date":"2025-01-08","satellite":"GOES-EAST","method":"FDC","frp_mw":285.346}},{"type":"Feature","geometry":{"type":"Point","coordinates":[-118.136215,34.216312]},"properties":{"family":"satellite_hotspots","acq_date":"2025-01-08","satellite":"GOES-EAST","method":"FDC","frp_mw":360.903}},{"type":"Feature","geometry":{"type":"Point","coordinates":[-118.041489,34.185295]},"properties":{"family":"satellite_hotspots","acq_date":"2025-01-08","satellite":"GOES-EAST","method":"FDC","frp_mw":335.004}},{"type":"Feature","geometry":{"type":"Point","coordinates":[-118.061432,34.21125]},"properties":{"family":"satellite_hotspots","acq_date":"2025-01-08","satellite":"GOES-EAST","method":"FDC","frp_mw":373.471}},{"type":"Feature","geometry":{"type":"Point","coordinates":[-118.13054,34.219254]},"properties":{"family":"satellite_hotspots","acq_date":"2025-01-08","satellite":"GOES-EAST","method":"ANALYSIS","frp_mw":-999.0}},{"type":"Feature","geometry":{"type":"Point","coordinates":[-118.12094,34.220854]},"properties":{"family":"satellite_hotspots","acq_date":"2025-01-08","satellite":"GOES-EAST","method":"ANALYSIS","frp_mw":-999.0}},{"type":"Feature","geometry":{"type":"Point","coordinates":[-118.11454,34.220854]},"properties":{"family":"satellite_hotspots","acq_date":"2025-01-08","satellite":"GOES-EAST","method":"ANALYSIS","frp_mw":-999.0}},{"type":"Feature","geometry":{"type":"Point","coordinates":[-118.11054,34.220854]},"properties":{"family":"satellite_hotspots","acq_date":"2025-01-08","satellite":"GOES-EAST","method":"ANALYSIS","frp_mw":-999.0}},{"type":"Feature","geometry":{"type":"Point","coordinates":[-118.11934,34.220054]},"properties":{"family":"satellite_hotspots","acq_date":"2025-01-08","satellite":"GOES-EAST","method":"ANALYSIS","frp_mw":-999.0}},{"type":"Feature","geometry":{"type":"Point","coordinates":[-118.11934,34.219254]},"properties":{"family":"satellite_hotspots","acq_date":"2025-01-08","satellite":"GOES-EAST","method":"ANALYSIS","frp_mw":-999.0}},{"type":"Feature","geometry":{"type":"Point","coordinates":[-118.11534,34.213654]},"properties":{"family":"satellite_hotspots","acq_date":"2025-01-08","satellite":"GOES-EAST","method":"ANALYSIS","frp_mw":-999.0}},{"type":"Feature","geometry":{"type":"Point","coordinates":[-118.11054,34.217654]},"properties":{"family":"satellite_hotspots","acq_date":"2025-01-08","satellite":"GOES-EAST","method":"ANALYSIS","frp_mw":-999.0}},{"type":"Feature","geometry":{"type":"Point","coordinates":[-118.11294,34.221654]},"properties":{"family":"satellite_hotspots","acq_date":"2025-01-08","satellite":"GOES-EAST","method":"ANALYSIS","frp_mw":-999.0}},{"type":"Feature","geometry":{"type":"Point","coordinates":[-118.11854,34.221654]},"properties":{"family":"satellite_hotspots","acq_date":"2025-01-08","satellite":"GOES-EAST","method":"ANALYSIS","frp_mw":-999.0}},{"type":"Feature","geometry":{"type":"Point","coordinates":[-118.11854,34.220054]},"properties":{"family":"satellite_hotspots","acq_date":"2025-01-08","satellite":"GOES-EAST","method":"ANALYSIS","frp_mw":-999.0}},{"type":"Feature","geometry":{"type":"Point","coordinates":[-118.12734,34.216054]},"properties":{"family":"satellite_hotspots","acq_date":"2025-01-08","satellite":"GOES-EAST","method":"ANALYSIS","frp_mw":-999.0}},{"type":"Feature","geometry":{"type":"Point","coordinates":[-118.13374,34.215254]},"properties":{"family":"satellite_hotspots","acq_date":"2025-01-08","satellite":"GOES-EAST","method":"ANALYSIS","frp_mw":-999.0}},{"type":"Feature","geometry":{"type":"Point","coordinates":[-118.12494,34.217654]},"properties":{"family":"satellite_hotspots","acq_date":"2025-01-08","satellite":"GOES-EAST","method":"ANALYSIS","frp_mw":-999.0}},{"type":"Feature","geometry":{"type":"Point","coordinates":[-118.12654,34.217654]},"properties":{"family":"satellite_hotspots","acq_date":"2025-01-08","satellite":"GOES-EAST","method":"ANALYSIS","frp_mw":-999.0}},{"type":"Feature","geometry":{"type":"Point","coordinates":[-118.12094,34.219254]},"properties":{"family":"satellite_hotspots","acq_date":"2025-01-08","satellite":"GOES-EAST","method":"ANALYSIS","frp_mw":-999.0}},{"type":"Feature","geometry":{"type":"Point","coordinates":[-118.12014,34.219254]},"properties":{"family":"satellite_hotspots","acq_date":"2025-01-08","satellite":"GOES-EAST","method":"ANALYSIS","frp_mw":-999.0}},{"type":"Feature","geometry":{"type":"Point","coordinates":[-118.12574,34.219254]},"properties":{"family":"satellite_hotspots","acq_date":"2025-01-08","satellite":"GOES-EAST","method":"ANALYSIS","frp_mw":-999.0}},{"type":"Feature","geometry":{"type":"Point","coordinates":[-118.12734,34.219254]},"properties":{"family":"satellite_hotspots","acq_date":"2025-01-08","satellite":"GOES-EAST","method":"ANALYSIS","frp_mw":-999.0}},{"type":"Feature","geometry":{"type":"Point","coordinates":[-118.12414,34.218454]},"properties":{"family":"satellite_hotspots","acq_date":"2025-01-08","satellite":"GOES-EAST","method":"ANALYSIS","frp_mw":-999.0}},{"type":"Feature","geometry":{"type":"Point","coordinates":[-118.09214,34.214454]},"properties":{"family":"satellite_hotspots","acq_date":"2025-01-08","satellite":"GOES-EAST","method":"ANALYSIS","frp_mw":-999.0}},{"type":"Feature","geometry":{"type":"Point","coordinates":[-118.08254,34.174454]},"properties":{"family":"satellite_hotspots","acq_date":"2025-01-08","satellite":"GOES-EAST","method":"ANALYSIS","frp_mw":-999.0}},{"type":"Feature","geometry":{"type":"Point","coordinates":[-118.07534,34.179254]},"properties":{"family":"satellite_hotspots","acq_date":"2025-01-08","satellite":"GOES-EAST","method":"ANALYSIS","frp_mw":-999.0}},{"type":"Feature","geometry":{"type":"Point","coordinates":[-118.07774,34.181654]},"properties":{"family":"satellite_hotspots","acq_date":"2025-01-08","satellite":"GOES-EAST","method":"ANALYSIS","frp_mw":-999.0}},{"type":"Feature","geometry":{"type":"Point","coordinates":[-118.08014,34.183254]},"properties":{"family":"satellite_hotspots","acq_date":"2025-01-08","satellite":"GOES-EAST","method":"ANALYSIS","frp_mw":-999.0}},{"type":"Feature","geometry":{"type":"Point","coordinates":[-118.08094,34.183254]},"properties":{"family":"satellite_hotspots","acq_date":"2025-01-08","satellite":"GOES-EAST","method":"ANALYSIS","frp_mw":-999.0}},{"type":"Feature","geometry":{"type":"Point","coordinates":[-118.08814,34.183254]},"properties":{"family":"satellite_hotspots","acq_date":"2025-01-08","satellite":"GOES-EAST","method":"ANALYSIS","frp_mw":-999.0}},{"type":"Feature","geometry":{"type":"Point","coordinates":[-118.08174,34.183254]},"properties":{"family":"satellite_hotspots","acq_date":"2025-01-08","satellite":"GOES-EAST","method":"ANALYSIS","frp_mw":-999.0}},{"type":"Feature","geometry":{"type":"Point","coordinates":[-118.07614,34.188854]},"properties":{"family":"satellite_hotspots","acq_date":"2025-01-08","satellite":"GOES-EAST","method":"ANALYSIS","frp_mw":-999.0}},{"type":"Feature","geometry":{"type":"Point","coordinates":[-118.08494,34.180054]},"properties":{"family":"satellite_hotspots","acq_date":"2025-01-08","satellite":"GOES-EAST","method":"ANALYSIS","frp_mw":-999.0}},{"type":"Feature","geometry":{"type":"Point","coordinates":[-118.08014,34.180854]},"properties":{"family":"satellite_hotspots","acq_date":"2025-01-08","satellite":"GOES-EAST","method":"ANALYSIS","frp_mw":-999.0}},{"type":"Feature","geometry":{"type":"Point","coordinates":[-118.07934,34.186454]},"properties":{"family":"satellite_hotspots","acq_date":"2025-01-08","satellite":"GOES-EAST","method":"ANALYSIS","frp_mw":-999.0}},{"type":"Feature","geometry":{"type":"Point","coordinates":[-118.08414,34.173654]},"properties":{"family":"satellite_hotspots","acq_date":"2025-01-08","satellite":"GOES-EAST","method":"ANALYSIS","frp_mw":-999.0}},{"type":"Feature","geometry":{"type":"Point","coordinates":[-118.08334,34.178454]},"properties":{"family":"satellite_hotspots","acq_date":"2025-01-08","satellite":"GOES-EAST","method":"ANALYSIS","frp_mw":-999.0}},{"type":"Feature","geometry":{"type":"Point","coordinates":[-118.08174,34.175254]},"properties":{"family":"satellite_hotspots","acq_date":"2025-01-08","satellite":"GOES-EAST","method":"ANALYSIS","frp_mw":-999.0}},{"type":"Feature","geometry":{"type":"Point","coordinates":[-118.08334,34.174454]},"properties":{"family":"satellite_hotspots","acq_date":"2025-01-08","satellite":"GOES-EAST","method":"ANALYSIS","frp_mw":-999.0}},{"type":"Feature","geometry":{"type":"Point","coordinates":[-118.08494,34.184854]},"properties":{"family":"satellite_hotspots","acq_date":"2025-01-08","satellite":"GOES-EAST","method":"ANALYSIS","frp_mw":-999.0}},{"type":"Feature","geometry":{"type":"Point","coordinates":[-118.08254,34.184854]},"properties":{"family":"satellite_hotspots","acq_date":"2025-01-08","satellite":"GOES-EAST","method":"ANALYSIS","frp_mw":-999.0}},{"type":"Feature","geometry":{"type":"Point","coordinates":[-118.07934,34.180054]},"properties":{"family":"satellite_hotspots","acq_date":"2025-01-08","satellite":"GOES-EAST","method":"ANALYSIS","frp_mw":-999.0}},{"type":"Feature","geometry":{"type":"Point","coordinates":[-118.07454,34.185654]},"properties":{"family":"satellite_hotspots","acq_date":"2025-01-08","satellite":"GOES-EAST","method":"ANALYSIS","frp_mw":-999.0}},{"type":"Feature","geometry":{"type":"Point","coordinates":[-118.08974,34.192054]},"properties":{"family":"satellite_hotspots","acq_date":"2025-01-08","satellite":"GOES-EAST","method":"ANALYSIS","frp_mw":-999.0}},{"type":"Feature","geometry":{"type":"Point","coordinates":[-118.09854,34.201654]},"properties":{"family":"satellite_hotspots","acq_date":"2025-01-08","satellite":"GOES-EAST","method":"ANALYSIS","frp_mw":-999.0}},{"type":"Feature","geometry":{"type":"Point","coordinates":[-118.10894,34.200054]},"properties":{"family":"satellite_hotspots","acq_date":"2025-01-08","satellite":"GOES-EAST","method":"ANALYSIS","frp_mw":-999.0}},{"type":"Feature","geometry":{"type":"Point","coordinates":[-118.10894,34.199254]},"properties":{"family":"satellite_hotspots","acq_date":"2025-01-08","satellite":"GOES-EAST","method":"ANALYSIS","frp_mw":-999.0}},{"type":"Feature","geometry":{"type":"Point","coordinates":[-118.11934,34.185654]},"properties":{"family":"satellite_hotspots","acq_date":"2025-01-08","satellite":"GOES-EAST","method":"ANALYSIS","frp_mw":-999.0}},{"type":"Feature","geometry":{"type":"Point","coordinates":[-118.11934,34.184854]},"properties":{"family":"satellite_hotspots","acq_date":"2025-01-08","satellite":"GOES-EAST","method":"ANALYSIS","frp_mw":-999.0}},{"type":"Feature","geometry":{"type":"Point","coordinates":[-118.12094,34.184054]},"properties":{"family":"satellite_hotspots","acq_date":"2025-01-08","satellite":"GOES-EAST","method":"ANALYSIS","frp_mw":-999.0}},{"type":"Feature","geometry":{"type":"Point","coordinates":[-118.12574,34.183254]},"properties":{"family":"satellite_hotspots","acq_date":"2025-01-08","satellite":"GOES-EAST","method":"ANALYSIS","frp_mw":-999.0}},{"type":"Feature","geometry":{"type":"Point","coordinates":[-118.12014,34.193654]},"properties":{"family":"satellite_hotspots","acq_date":"2025-01-08","satellite":"GOES-EAST","method":"ANALYSIS","frp_mw":-999.0}},{"type":"Feature","geometry":{"type":"Point","coordinates":[-118.11614,34.184054]},"properties":{"family":"satellite_hotspots","acq_date":"2025-01-08","satellite":"GOES-EAST","method":"ANALYSIS","frp_mw":-999.0}},{"type":"Feature","geometry":{"type":"Point","coordinates":[-118.11694,34.183254]},"properties":{"family":"satellite_hotspots","acq_date":"2025-01-08","satellite":"GOES-EAST","method":"ANALYSIS","frp_mw":-999.0}},{"type":"Feature","geometry":{"type":"Point","coordinates":[-118.11774,34.176054]},"properties":{"family":"satellite_hotspots","acq_date":"2025-01-08","satellite":"GOES-EAST","method":"ANALYSIS","frp_mw":-999.0}},{"type":"Feature","geometry":{"type":"Point","coordinates":[-118.11854,34.180854]},"properties":{"family":"satellite_hotspots","acq_date":"2025-01-08","satellite":"GOES-EAST","method":"ANALYSIS","frp_mw":-999.0}},{"type":"Feature","geometry":{"type":"Point","coordinates":[-118.12334,34.184054]},"properties":{"family":"satellite_hotspots","acq_date":"2025-01-08","satellite":"GOES-EAST","method":"ANALYSIS","frp_mw":-999.0}},{"type":"Feature","geometry":{"type":"Point","coordinates":[-118.12734,34.188854]},"properties":{"family":"satellite_hotspots","acq_date":"2025-01-08","satellite":"GOES-EAST","method":"ANALYSIS","frp_mw":-999.0}},{"type":"Feature","geometry":{"type":"Point","coordinates":[-118.12574,34.191254]},"properties":{"family":"satellite_hotspots","acq_date":"2025-01-08","satellite":"GOES-EAST","method":"ANALYSIS","frp_mw":-999.0}},{"type":"Feature","geometry":{"type":"Point","coordinates":[-118.12654,34.184054]},"properties":{"family":"satellite_hotspots","acq_date":"2025-01-08","satellite":"GOES-EAST","method":"ANALYSIS","frp_mw":-999.0}},{"type":"Feature","geometry":{"type":"Point","coordinates":[-118.08094,34.208054]},"properties":{"family":"satellite_hotspots","acq_date":"2025-01-08","satellite":"GOES-EAST","method":"ANALYSIS","frp_mw":-999.0}},{"type":"Feature","geometry":{"type":"Point","coordinates":[-118.08174,34.211254]},"properties":{"family":"satellite_hotspots","acq_date":"2025-01-08","satellite":"GOES-EAST","method":"ANALYSIS","frp_mw":-999.0}},{"type":"Feature","geometry":{"type":"Point","coordinates":[-118.08174,34.214454]},"properties":{"family":"satellite_hotspots","acq_date":"2025-01-08","satellite":"GOES-EAST","method":"ANALYSIS","frp_mw":-999.0}},{"type":"Feature","geometry":{"type":"Point","coordinates":[-118.08894,34.218454]},"properties":{"family":"satellite_hotspots","acq_date":"2025-01-08","satellite":"GOES-EAST","method":"ANALYSIS","frp_mw":-999.0}},{"type":"Feature","geometry":{"type":"Point","coordinates":[-118.09934,34.219254]},"properties":{"family":"satellite_hotspots","acq_date":"2025-01-08","satellite":"GOES-EAST","method":"ANALYSIS","frp_mw":-999.0}},{"type":"Feature","geometry":{"type":"Point","coordinates":[-118.11134,34.222454]},"properties":{"family":"satellite_hotspots","acq_date":"2025-01-08","satellite":"GOES-EAST","method":"ANALYSIS","frp_mw":-999.0}},{"type":"Feature","geometry":{"type":"Point","coordinates":[-118.11614,34.222454]},"properties":{"family":"satellite_hotspots","acq_date":"2025-01-08","satellite":"GOES-EAST","method":"ANALYSIS","frp_mw":-999.0}},{"type":"Feature","geometry":{"type":"Point","coordinates":[-118.12014,34.222454]},"properties":{"family":"satellite_hotspots","acq_date":"2025-01-08","satellite":"GOES-EAST","method":"ANALYSIS","frp_mw":-999.0}},{"type":"Feature","geometry":{"type":"Point","coordinates":[-118.12414,34.223254]},"properties":{"family":"satellite_hotspots","acq_date":"2025-01-08","satellite":"GOES-EAST","method":"ANALYSIS","frp_mw":-999.0}},{"type":"Feature","geometry":{"type":"Point","coordinates":[-118.12254,34.224054]},"properties":{"family":"satellite_hotspots","acq_date":"2025-01-08","satellite":"GOES-EAST","method":"ANALYSIS","frp_mw":-999.0}},{"type":"Feature","geometry":{"type":"Point","coordinates":[-118.12894,34.227254]},"properties":{"family":"satellite_hotspots","acq_date":"2025-01-08","satellite":"GOES-EAST","method":"ANALYSIS","frp_mw":-999.0}},{"type":"Feature","geometry":{"type":"Point","coordinates":[-118.12814,34.224054]},"properties":{"family":"satellite_hotspots","acq_date":"2025-01-08","satellite":"GOES-EAST","method":"ANALYSIS","frp_mw":-999.0}},{"type":"Feature","geometry":{"type":"Point","coordinates":[-118.13374,34.216854]},"properties":{"family":"satellite_hotspots","acq_date":"2025-01-08","satellite":"GOES-EAST","method":"ANALYSIS","frp_mw":-999.0}},{"type":"Feature","geometry":{"type":"Point","coordinates":[-118.13454,34.216854]},"properties":{"family":"satellite_hotspots","acq_date":"2025-01-08","satellite":"GOES-EAST","method":"ANALYSIS","frp_mw":-999.0}},{"type":"Feature","geometry":{"type":"Point","coordinates":[-118.13134,34.220854]},"properties":{"family":"satellite_hotspots","acq_date":"2025-01-08","satellite":"GOES-EAST","method":"ANALYSIS","frp_mw":-999.0}},{"type":"Feature","geometry":{"type":"Point","coordinates":[-118.13294,34.220854]},"properties":{"family":"satellite_hotspots","acq_date":"2025-01-08","satellite":"GOES-EAST","method":"ANALYSIS","frp_mw":-999.0}},{"type":"Feature","geometry":{"type":"Point","coordinates":[-118.14014,34.215254]},"properties":{"family":"satellite_hotspots","acq_date":"2025-01-08","satellite":"GOES-EAST","method":"ANALYSIS","frp_mw":-999.0}},{"type":"Feature","geometry":{"type":"Point","coordinates":[-118.13614,34.220854]},"properties":{"family":"satellite_hotspots","acq_date":"2025-01-08","satellite":"GOES-EAST","method":"ANALYSIS","frp_mw":-999.0}},{"type":"Feature","geometry":{"type":"Point","coordinates":[-118.09122,34.220329]},"properties":{"family":"satellite_hotspots","acq_date":"2025-01-08","satellite":"NOAA 21","method":"VIIRS","frp_mw":1.28}},{"type":"Feature","geometry":{"type":"Point","coordinates":[-118.08815,34.220104]},"properties":{"family":"satellite_hotspots","acq_date":"2025-01-08","satellite":"NOAA 21","method":"VIIRS","frp_mw":1.354}},{"type":"Feature","geometry":{"type":"Point","coordinates":[-118.12598,34.212521]},"properties":{"family":"satellite_hotspots","acq_date":"2025-01-08","satellite":"NOAA 21","method":"VIIRS","frp_mw":40.707}},{"type":"Feature","geometry":{"type":"Point","coordinates":[-118.12159,34.2122]},"properties":{"family":"satellite_hotspots","acq_date":"2025-01-08","satellite":"NOAA 21","method":"VIIRS","frp_mw":190.699}},{"type":"Feature","geometry":{"type":"Point","coordinates":[-118.11281,34.211552]},"properties":{"family":"satellite_hotspots","acq_date":"2025-01-08","satellite":"NOAA 21","method":"VIIRS","frp_mw":62.493}},{"type":"Feature","geometry":{"type":"Point","coordinates":[-118.10802,34.211205]},"properties":{"family":"satellite_hotspots","acq_date":"2025-01-08","satellite":"NOAA 21","method":"VIIRS","frp_mw":62.493}},{"type":"Feature","geometry":{"type":"Point","coordinates":[-118.10342,34.210869]},"properties":{"family":"satellite_hotspots","acq_date":"2025-01-08","satellite":"NOAA 21","method":"VIIRS","frp_mw":79.449}},{"type":"Feature","geometry":{"type":"Point","coordinates":[-118.10019,34.210632]},"properties":{"family":"satellite_hotspots","acq_date":"2025-01-08","satellite":"NOAA 21","method":"VIIRS","frp_mw":79.449}},{"type":"Feature","geometry":{"type":"Point","coordinates":[-118.09695,34.210396]},"properties":{"family":"satellite_hotspots","acq_date":"2025-01-08","satellite":"NOAA 21","method":"VIIRS","frp_mw":7.025}},{"type":"Feature","geometry":{"type":"Point","coordinates":[-118.0939,34.210175]},"properties":{"family":"satellite_hotspots","acq_date":"2025-01-08","satellite":"NOAA 21","method":"VIIRS","frp_mw":7.025}},{"type":"Feature","geometry":{"type":"Point","coordinates":[-118.09084,34.209953]},"properties":{"family":"satellite_hotspots","acq_date":"2025-01-08","satellite":"NOAA 21","method":"VIIRS","frp_mw":2.926}},{"type":"Feature","geometry":{"type":"Point","coordinates":[-118.08759,34.209713]},"properties":{"family":"satellite_hotspots","acq_date":"2025-01-08","satellite":"NOAA 21","method":"VIIRS","frp_mw":2.926}},{"type":"Feature","geometry":{"type":"Point","coordinates":[-118.11163,34.206295]},"properties":{"family":"satellite_hotspots","acq_date":"2025-01-08","satellite":"NOAA 21","method":"VIIRS","frp_mw":66.103}},{"type":"Feature","geometry":{"type":"Point","coordinates":[-118.10743,34.205982]},"properties":{"family":"satellite_hotspots","acq_date":"2025-01-08","satellite":"NOAA 21","method":"VIIRS","frp_mw":74.522}},{"type":"Feature","geometry":{"type":"Point","coordinates":[-118.10358,34.205704]},"properties":{"family":"satellite_hotspots","acq_date":"2025-01-08","satellite":"NOAA 21","method":"VIIRS","frp_mw":74.522}},{"type":"Feature","geometry":{"type":"Point","coordinates":[-118.10028,34.20546]},"properties":{"family":"satellite_hotspots","acq_date":"2025-01-08","satellite":"NOAA 21","method":"VIIRS","frp_mw":254.183}},{"type":"Feature","geometry":{"type":"Point","coordinates":[-118.09699,34.205227]},"properties":{"family":"satellite_hotspots","acq_date":"2025-01-08","satellite":"NOAA 21","method":"VIIRS","frp_mw":254.183}},{"type":"Feature","geometry":{"type":"Point","coordinates":[-118.09356,34.204975]},"properties":{"family":"satellite_hotspots","acq_date":"2025-01-08","satellite":"NOAA 21","method":"VIIRS","frp_mw":108.642}},{"type":"Feature","geometry":{"type":"Point","coordinates":[-118.08955,34.204681]},"properties":{"family":"satellite_hotspots","acq_date":"2025-01-08","satellite":"NOAA 21","method":"VIIRS","frp_mw":108.642}},{"type":"Feature","geometry":{"type":"Point","coordinates":[-118.08524,34.204369]},"properties":{"family":"satellite_hotspots","acq_date":"2025-01-08","satellite":"NOAA 21","method":"VIIRS","frp_mw":123.577}},{"type":"Feature","geometry":{"type":"Point","coordinates":[-118.0803,34.204002]},"properties":{"family":"satellite_hotspots","acq_date":"2025-01-08","satellite":"NOAA 21","method":"VIIRS","frp_mw":123.577}},{"type":"Feature","geometry":{"type":"Point","coordinates":[-118.11504,34.201355]},"properties":{"family":"satellite_hotspots","acq_date":"2025-01-08","satellite":"NOAA 21","method":"VIIRS","frp_mw":66.103}},{"type":"Feature","geometry":{"type":"Point","coordinates":[-118.11086,34.201054]},"properties":{"family":"satellite_hotspots","acq_date":"2025-01-08","satellite":"NOAA 21","method":"VIIRS","frp_mw":74.522}},{"type":"Feature","geometry":{"type":"Point","coordinates":[-118.10707,34.200783]},"properties":{"family":"satellite_hotspots","acq_date":"2025-01-08","satellite":"NOAA 21","method":"VIIRS","frp_mw":74.522}},{"type":"Feature","geometry":{"type":"Point","coordinates":[-118.10339,34.200512]},"properties":{"family":"satellite_hotspots","acq_date":"2025-01-08","satellite":"NOAA 21","method":"VIIRS","frp_mw":254.183}},{"type":"Feature","geometry":{"type":"Point","coordinates":[-118.0995,34.20023]},"properties":{"family":"satellite_hotspots","acq_date":"2025-01-08","satellite":"NOAA 21","method":"VIIRS","frp_mw":254.183}},{"type":"Feature","geometry":{"type":"Point","coordinates":[-118.09537,34.199932]},"properties":{"family":"satellite_hotspots","acq_date":"2025-01-08","satellite":"NOAA 21","method":"VIIRS","frp_mw":108.642}},{"type":"Feature","geometry":{"type":"Point","coordinates":[-118.09095,34.199612]},"properties":{"family":"satellite_hotspots","acq_date":"2025-01-08","satellite":"NOAA 21","method":"VIIRS","frp_mw":108.642}},{"type":"Feature","geometry":{"type":"Point","coordinates":[-118.08621,34.199261]},"properties":{"family":"satellite_hotspots","acq_date":"2025-01-08","satellite":"NOAA 21","method":"VIIRS","frp_mw":123.577}},{"type":"Feature","geometry":{"type":"Point","coordinates":[-118.07688,34.198582]},"properties":{"family":"satellite_hotspots","acq_date":"2025-01-08","satellite":"NOAA 21","method":"VIIRS","frp_mw":7.564}},{"type":"Feature","geometry":{"type":"Point","coordinates":[-118.07297,34.198299]},"properties":{"family":"satellite_hotspots","acq_date":"2025-01-08","satellite":"NOAA 21","method":"VIIRS","frp_mw":7.564}},{"type":"Feature","geometry":{"type":"Point","coordinates":[-118.06883,34.197998]},"properties":{"family":"satellite_hotspots","acq_date":"2025-01-08","satellite":"NOAA 21","method":"VIIRS","frp_mw":70.425}},{"type":"Feature","geometry":{"type":"Point","coordinates":[-118.10266,34.195282]},"properties":{"family":"satellite_hotspots","acq_date":"2025-01-08","satellite":"NOAA 21","method":"VIIRS","frp_mw":8.552}},{"type":"Feature","geometry":{"type":"Point","coordinates":[-118.09774,34.194927]},"properties":{"family":"satellite_hotspots","acq_date":"2025-01-08","satellite":"NOAA 21","method":"VIIRS","frp_mw":4.684}},{"type":"Feature","geometry":{"type":"Point","coordinates":[-118.09283,34.194569]},"properties":{"family":"satellite_hotspots","acq_date":"2025-01-08","satellite":"NOAA 21","method":"VIIRS","frp_mw":4.684}},{"type":"Feature","geometry":{"type":"Point","coordinates":[-118.08813,34.194229]},"properties":{"family":"satellite_hotspots","acq_date":"2025-01-08","satellite":"NOAA 21","method":"VIIRS","frp_mw":8.83}},{"type":"Feature","geometry":{"type":"Point","coordinates":[-118.08336,34.193882]},"properties":{"family":"satellite_hotspots","acq_date":"2025-01-08","satellite":"NOAA 21","method":"VIIRS","frp_mw":8.83}},{"type":"Feature","geometry":{"type":"Point","coordinates":[-118.07909,34.193577]},"properties":{"family":"satellite_hotspots","acq_date":"2025-01-08","satellite":"NOAA 21","method":"VIIRS","frp_mw":6.696}},{"type":"Feature","geometry":{"type":"Point","coordinates":[-118.07524,34.193295]},"properties":{"family":"satellite_hotspots","acq_date":"2025-01-08","satellite":"NOAA 21","method":"VIIRS","frp_mw":6.696}},{"type":"Feature","geometry":{"type":"Point","coordinates":[-118.07154,34.193027]},"properties":{"family":"satellite_hotspots","acq_date":"2025-01-08","satellite":"NOAA 21","method":"VIIRS","frp_mw":7.956}},{"type":"Feature","geometry":{"type":"Point","coordinates":[-118.06728,34.192719]},"properties":{"family":"satellite_hotspots","acq_date":"2025-01-08","satellite":"NOAA 21","method":"VIIRS","frp_mw":7.956}},{"type":"Feature","geometry":{"type":"Point","coordinates":[-118.06309,34.192413]},"properties":{"family":"satellite_hotspots","acq_date":"2025-01-08","satellite":"NOAA 21","method":"VIIRS","frp_mw":6.424}},{"type":"Feature","geometry":{"type":"Point","coordinates":[-118.05951,34.192154]},"properties":{"family":"satellite_hotspots","acq_date":"2025-01-08","satellite":"NOAA 21","method":"VIIRS","frp_mw":6.424}},{"type":"Feature","geometry":{"type":"Point","coordinates":[-118.05618,34.191914]},"properties":{"family":"satellite_hotspots","acq_date":"2025-01-08","satellite":"NOAA 21","method":"VIIRS","frp_mw":15.261}},{"type":"Feature","geometry":{"type":"Point","coordinates":[-118.05302,34.191685]},"properties":{"family":"satellite_hotspots","acq_date":"2025-01-08","satellite":"NOAA 21","method":"VIIRS","frp_mw":15.261}},{"type":"Feature","geometry":{"type":"Point","coordinates":[-118.03886,34.190655]},"properties":{"family":"satellite_hotspots","acq_date":"2025-01-08","satellite":"NOAA 21","method":"VIIRS","frp_mw":0.581}},{"type":"Feature","geometry":{"type":"Point","coordinates":[-118.07863,34.18837]},"properties":{"family":"satellite_hotspots","acq_date":"2025-01-08","satellite":"NOAA 21","method":"VIIRS","frp_mw":6.696}},{"type":"Feature","geometry":{"type":"Point","coordinates":[-118.07444,34.188068]},"properties":{"family":"satellite_hotspots","acq_date":"2025-01-08","satellite":"NOAA 21","method":"VIIRS","frp_mw":7.956}},{"type":"Feature","geometry":{"type":"Point","coordinates":[-118.0702,34.187759]},"properties":{"family":"satellite_hotspots","acq_date":"2025-01-08","satellite":"NOAA 21","method":"VIIRS","frp_mw":7.956}},{"type":"Feature","geometry":{"type":"Point","coordinates":[-118.06589,34.18745]},"properties":{"family":"satellite_hotspots","acq_date":"2025-01-08","satellite":"NOAA 21","method":"VIIRS","frp_mw":6.424}},{"type":"Feature","geometry":{"type":"Point","coordinates":[-118.06183,34.187157]},"properties":{"family":"satellite_hotspots","acq_date":"2025-01-08","satellite":"NOAA 21","method":"VIIRS","frp_mw":6.424}},{"type":"Feature","geometry":{"type":"Point","coordinates":[-118.05795,34.186874]},"properties":{"family":"satellite_hotspots","acq_date":"2025-01-08","satellite":"NOAA 21","method":"VIIRS","frp_mw":15.261}},{"type":"Feature","geometry":{"type":"Point","coordinates":[-118.05429,34.186615]},"properties":{"family":"satellite_hotspots","acq_date":"2025-01-08","satellite":"NOAA 21","method":"VIIRS","frp_mw":15.261}},{"type":"Feature","geometry":{"type":"Point","coordinates":[-118.05143,34.186405]},"properties":{"family":"satellite_hotspots","acq_date":"2025-01-08","satellite":"NOAA 21","method":"VIIRS","frp_mw":12.884}},{"type":"Feature","geometry":{"type":"Point","coordinates":[-118.06942,34.182537]},"properties":{"family":"satellite_hotspots","acq_date":"2025-01-08","satellite":"NOAA 21","method":"VIIRS","frp_mw":3.501}},{"type":"Feature","geometry":{"type":"Point","coordinates":[-118.06544,34.182251]},"properties":{"family":"satellite_hotspots","acq_date":"2025-01-08","satellite":"NOAA 21","method":"VIIRS","frp_mw":3.501}},{"type":"Feature","geometry":{"type":"Point","coordinates":[-118.06157,34.181973]},"properties":{"family":"satellite_hotspots","acq_date":"2025-01-08","satellite":"NOAA 21","method":"VIIRS","frp_mw":6.388}},{"type":"Feature","geometry":{"type":"Point","coordinates":[-118.05768,34.18169]},"properties":{"family":"satellite_hotspots","acq_date":"2025-01-08","satellite":"NOAA 21","method":"VIIRS","frp_mw":6.388}},{"type":"Feature","geometry":{"type":"Point","coordinates":[-118.05414,34.181438]},"properties":{"family":"satellite_hotspots","acq_date":"2025-01-08","satellite":"NOAA 21","method":"VIIRS","frp_mw":18.939}},{"type":"Feature","geometry":{"type":"Point","coordinates":[-118.05094,34.181206]},"properties":{"family":"satellite_hotspots","acq_date":"2025-01-08","satellite":"NOAA 21","method":"VIIRS","frp_mw":18.939}},{"type":"Feature","geometry":{"type":"Point","coordinates":[-118.04784,34.180984]},"properties":{"family":"satellite_hotspots","acq_date":"2025-01-08","satellite":"NOAA 21","method":"VIIRS","frp_mw":63.883}},{"type":"Feature","geometry":{"type":"Point","coordinates":[-118.04452,34.180744]},"properties":{"family":"satellite_hotspots","acq_date":"2025-01-08","satellite":"NOAA 21","method":"VIIRS","frp_mw":63.883}},{"type":"Feature","geometry":{"type":"Point","coordinates":[-118.05035,34.176006]},"properties":{"family":"satellite_hotspots","acq_date":"2025-01-08","satellite":"NOAA 21","method":"VIIRS","frp_mw":63.883}},{"type":"Feature","geometry":{"type":"Point","coordinates":[-118.05362,34.169129]},"properties":{"family":"satellite_hotspots","acq_date":"2025-01-08","satellite":"NOAA 21","method":"ANALYSIS","frp_mw":-999.0}},{"type":"Feature","geometry":{"type":"Point","coordinates":[-118.05362,34.171645]},"properties":{"family":"satellite_hotspots","acq_date":"2025-01-08","satellite":"NOAA 21","method":"ANALYSIS","frp_mw":-999.0}},{"type":"Feature","geometry":{"type":"Point","coordinates":[-118.05488,34.176469]},"properties":{"family":"satellite_hotspots","acq_date":"2025-01-08","satellite":"NOAA 21","method":"ANALYSIS","frp_mw":-999.0}},{"type":"Feature","geometry":{"type":"Point","coordinates":[-118.0556,34.169981]},"properties":{"family":"satellite_hotspots","acq_date":"2025-01-08","satellite":"NOAA 21","method":"ANALYSIS","frp_mw":-999.0}},{"type":"Feature","geometry":{"type":"Point","coordinates":[-118.05658,34.172602]},"properties":{"family":"satellite_hotspots","acq_date":"2025-01-08","satellite":"NOAA 21","method":"ANALYSIS","frp_mw":-999.0}},{"type":"Feature","geometry":{"type":"Point","coordinates":[-118.06052,34.172602]},"properties":{"family":"satellite_hotspots","acq_date":"2025-01-08","satellite":"NOAA 21","method":"ANALYSIS","frp_mw":-999.0}},{"type":"Feature","geometry":{"type":"Point","coordinates":[-118.0674,34.172602]},"properties":{"family":"satellite_hotspots","acq_date":"2025-01-08","satellite":"NOAA 21","method":"ANALYSIS","frp_mw":-999.0}},{"type":"Feature","geometry":{"type":"Point","coordinates":[-118.0615,34.171291]},"properties":{"family":"satellite_hotspots","acq_date":"2025-01-08","satellite":"NOAA 21","method":"ANALYSIS","frp_mw":-999.0}},{"type":"Feature","geometry":{"type":"Point","coordinates":[-118.071,34.171619]},"properties":{"family":"satellite_hotspots","acq_date":"2025-01-08","satellite":"NOAA 21","method":"ANALYSIS","frp_mw":-999.0}},{"type":"Feature","geometry":{"type":"Point","coordinates":[-118.07428,34.171619]},"properties":{"family":"satellite_hotspots","acq_date":"2025-01-08","satellite":"NOAA 21","method":"ANALYSIS","frp_mw":-999.0}},{"type":"Feature","geometry":{"type":"Point","coordinates":[-118.07362,34.172602]},"properties":{"family":"satellite_hotspots","acq_date":"2025-01-08","satellite":"NOAA 21","method":"ANALYSIS","frp_mw":-999.0}},{"type":"Feature","geometry":{"type":"Point","coordinates":[-118.07297,34.173913]},"properties":{"family":"satellite_hotspots","acq_date":"2025-01-08","satellite":"NOAA 21","method":"ANALYSIS","frp_mw":-999.0}},{"type":"Feature","geometry":{"type":"Point","coordinates":[-118.07231,34.176534]},"properties":{"family":"satellite_hotspots","acq_date":"2025-01-08","satellite":"NOAA 21","method":"ANALYSIS","frp_mw":-999.0}},{"type":"Feature","geometry":{"type":"Point","coordinates":[-118.06838,34.172274]},"properties":{"family":"satellite_hotspots","acq_date":"2025-01-08","satellite":"NOAA 21","method":"ANALYSIS","frp_mw":-999.0}},{"type":"Feature","geometry":{"type":"Point","coordinates":[-118.07067,34.174896]},"properties":{"family":"satellite_hotspots","acq_date":"2025-01-08","satellite":"NOAA 21","method":"ANALYSIS","frp_mw":-999.0}},{"type":"Feature","geometry":{"type":"Point","coordinates":[-118.07133,34.176207]},"properties":{"family":"satellite_hotspots","acq_date":"2025-01-08","satellite":"NOAA 21","method":"ANALYSIS","frp_mw":-999.0}},{"type":"Feature","geometry":{"type":"Point","coordinates":[-118.05658,34.170964]},"properties":{"family":"satellite_hotspots","acq_date":"2025-01-08","satellite":"NOAA 21","method":"ANALYSIS","frp_mw":-999.0}},{"type":"Feature","geometry":{"type":"Point","coordinates":[-118.05462,34.170964]},"properties":{"family":"satellite_hotspots","acq_date":"2025-01-08","satellite":"NOAA 21","method":"ANALYSIS","frp_mw":-999.0}},{"type":"Feature","geometry":{"type":"Point","coordinates":[-118.05363,34.175879]},"properties":{"family":"satellite_hotspots","acq_date":"2025-01-08","satellite":"NOAA 21","method":"ANALYSIS","frp_mw":-999.0}},{"type":"Feature","geometry":{"type":"Point","coordinates":[-118.05363,34.176534]},"properties":{"family":"satellite_hotspots","acq_date":"2025-01-08","satellite":"NOAA 21","method":"ANALYSIS","frp_mw":-999.0}},{"type":"Feature","geometry":{"type":"Point","coordinates":[-118.05462,34.179811]},"properties":{"family":"satellite_hotspots","acq_date":"2025-01-08","satellite":"NOAA 21","method":"ANALYSIS","frp_mw":-999.0}},{"type":"Feature","geometry":{"type":"Point","coordinates":[-118.05396,34.17719]},"properties":{"family":"satellite_hotspots","acq_date":"2025-01-08","satellite":"NOAA 21","method":"ANALYSIS","frp_mw":-999.0}},{"type":"Feature","geometry":{"type":"Point","coordinates":[-118.05396,34.176862]},"properties":{"family":"satellite_hotspots","acq_date":"2025-01-08","satellite":"NOAA 21","method":"ANALYSIS","frp_mw":-999.0}},{"type":"Feature","geometry":{"type":"Point","coordinates":[-118.05134,34.175551]},"properties":{"family":"satellite_hotspots","acq_date":"2025-01-08","satellite":"NOAA 21","method":"ANALYSIS","frp_mw":-999.0}},{"type":"Feature","geometry":{"type":"Point","coordinates":[-118.04642,34.177517]},"properties":{"family":"satellite_hotspots","acq_date":"2025-01-08","satellite":"NOAA 21","method":"ANALYSIS","frp_mw":-999.0}},{"type":"Feature","geometry":{"type":"Point","coordinates":[-118.04675,34.176534]},"properties":{"family":"satellite_hotspots","acq_date":"2025-01-08","satellite":"NOAA 21","method":"ANALYSIS","frp_mw":-999.0}},{"type":"Feature","geometry":{"type":"Point","coordinates":[-118.05855,34.175879]},"properties":{"family":"satellite_hotspots","acq_date":"2025-01-08","satellite":"NOAA 21","method":"ANALYSIS","frp_mw":-999.0}},{"type":"Feature","geometry":{"type":"Point","coordinates":[-118.05888,34.175879]},"properties":{"family":"satellite_hotspots","acq_date":"2025-01-08","satellite":"NOAA 21","method":"ANALYSIS","frp_mw":-999.0}},{"type":"Feature","geometry":{"type":"Point","coordinates":[-118.052,34.176207]},"properties":{"family":"satellite_hotspots","acq_date":"2025-01-08","satellite":"NOAA 21","method":"ANALYSIS","frp_mw":-999.0}},{"type":"Feature","geometry":{"type":"Point","coordinates":[-118.04937,34.175879]},"properties":{"family":"satellite_hotspots","acq_date":"2025-01-08","satellite":"NOAA 21","method":"ANALYSIS","frp_mw":-999.0}},{"type":"Feature","geometry":{"type":"Point","coordinates":[-118.04872,34.176534]},"properties":{"family":"satellite_hotspots","acq_date":"2025-01-08","satellite":"NOAA 21","method":"ANALYSIS","frp_mw":-999.0}},{"type":"Feature","geometry":{"type":"Point","coordinates":[-118.04937,34.178828]},"properties":{"family":"satellite_hotspots","acq_date":"2025-01-08","satellite":"NOAA 21","method":"ANALYSIS","frp_mw":-999.0}},{"type":"Feature","geometry":{"type":"Point","coordinates":[-118.05134,34.181449]},"properties":{"family":"satellite_hotspots","acq_date":"2025-01-08","satellite":"NOAA 21","method":"ANALYSIS","frp_mw":-999.0}},{"type":"Feature","geometry":{"type":"Point","coordinates":[-118.05462,34.177845]},"properties":{"family":"satellite_hotspots","acq_date":"2025-01-08","satellite":"NOAA 21","method":"ANALYSIS","frp_mw":-999.0}},{"type":"Feature","geometry":{"type":"Point","coordinates":[-118.05494,34.175879]},"properties":{"family":"satellite_hotspots","acq_date":"2025-01-08","satellite":"NOAA 21","method":"ANALYSIS","frp_mw":-999.0}},{"type":"Feature","geometry":{"type":"Point","coordinates":[-118.0556,34.175223]},"properties":{"family":"satellite_hotspots","acq_date":"2025-01-08","satellite":"NOAA 21","method":"ANALYSIS","frp_mw":-999.0}},{"type":"Feature","geometry":{"type":"Point","coordinates":[-118.05396,34.176207]},"properties":{"family":"satellite_hotspots","acq_date":"2025-01-08","satellite":"NOAA 21","method":"ANALYSIS","frp_mw":-999.0}},{"type":"Feature","geometry":{"type":"Point","coordinates":[-118.05068,34.17719]},"properties":{"family":"satellite_hotspots","acq_date":"2025-01-08","satellite":"NOAA 21","method":"ANALYSIS","frp_mw":-999.0}},{"type":"Feature","geometry":{"type":"Point","coordinates":[-118.04937,34.179811]},"properties":{"family":"satellite_hotspots","acq_date":"2025-01-08","satellite":"NOAA 21","method":"ANALYSIS","frp_mw":-999.0}},{"type":"Feature","geometry":{"type":"Point","coordinates":[-118.05134,34.180794]},"properties":{"family":"satellite_hotspots","acq_date":"2025-01-08","satellite":"NOAA 21","method":"ANALYSIS","frp_mw":-999.0}},{"type":"Feature","geometry":{"type":"Point","coordinates":[-118.052,34.175879]},"properties":{"family":"satellite_hotspots","acq_date":"2025-01-08","satellite":"NOAA 21","method":"ANALYSIS","frp_mw":-999.0}},{"type":"Feature","geometry":{"type":"Point","coordinates":[-118.05527,34.170636]},"properties":{"family":"satellite_hotspots","acq_date":"2025-01-08","satellite":"NOAA 21","method":"ANALYSIS","frp_mw":-999.0}},{"type":"Feature","geometry":{"type":"Point","coordinates":[-118.05593,34.169325]},"properties":{"family":"satellite_hotspots","acq_date":"2025-01-08","satellite":"NOAA 21","method":"ANALYSIS","frp_mw":-999.0}},{"type":"Feature","geometry":{"type":"Point","coordinates":[-118.05494,34.170308]},"properties":{"family":"satellite_hotspots","acq_date":"2025-01-08","satellite":"NOAA 21","method":"ANALYSIS","frp_mw":-999.0}},{"type":"Feature","geometry":{"type":"Point","coordinates":[-118.05626,34.17424]},"properties":{"family":"satellite_hotspots","acq_date":"2025-01-08","satellite":"NOAA 21","method":"ANALYSIS","frp_mw":-999.0}},{"type":"Feature","geometry":{"type":"Point","coordinates":[-118.05593,34.177517]},"properties":{"family":"satellite_hotspots","acq_date":"2025-01-08","satellite":"NOAA 21","method":"ANALYSIS","frp_mw":-999.0}},{"type":"Feature","geometry":{"type":"Point","coordinates":[-118.06215,34.169981]},"properties":{"family":"satellite_hotspots","acq_date":"2025-01-08","satellite":"NOAA 21","method":"ANALYSIS","frp_mw":-999.0}},{"type":"Feature","geometry":{"type":"Point","coordinates":[-118.06445,34.170964]},"properties":{"family":"satellite_hotspots","acq_date":"2025-01-08","satellite":"NOAA 21","method":"ANALYSIS","frp_mw":-999.0}},{"type":"Feature","geometry":{"type":"Point","coordinates":[-118.0651,34.170964]},"properties":{"family":"satellite_hotspots","acq_date":"2025-01-08","satellite":"NOAA 21","method":"ANALYSIS","frp_mw":-999.0}},{"type":"Feature","geometry":{"type":"Point","coordinates":[-118.07592,34.173585]},"properties":{"family":"satellite_hotspots","acq_date":"2025-01-08","satellite":"NOAA 21","method":"ANALYSIS","frp_mw":-999.0}},{"type":"Feature","geometry":{"type":"Point","coordinates":[-118.07264,34.175551]},"properties":{"family":"satellite_hotspots","acq_date":"2025-01-08","satellite":"NOAA 21","method":"ANALYSIS","frp_mw":-999.0}},{"type":"Feature","geometry":{"type":"Point","coordinates":[-118.07067,34.175551]},"properties":{"family":"satellite_hotspots","acq_date":"2025-01-08","satellite":"NOAA 21","method":"ANALYSIS","frp_mw":-999.0}},{"type":"Feature","geometry":{"type":"Point","coordinates":[-118.07002,34.178173]},"properties":{"family":"satellite_hotspots","acq_date":"2025-01-08","satellite":"NOAA 21","method":"ANALYSIS","frp_mw":-999.0}},{"type":"Feature","geometry":{"type":"Point","coordinates":[-118.10049,34.164738]},"properties":{"family":"satellite_hotspots","acq_date":"2025-01-08","satellite":"NOAA 21","method":"ANALYSIS","frp_mw":-999.0}},{"type":"Feature","geometry":{"type":"Point","coordinates":[-118.09984,34.166704]},"properties":{"family":"satellite_hotspots","acq_date":"2025-01-08","satellite":"NOAA 21","method":"ANALYSIS","frp_mw":-999.0}},{"type":"Feature","geometry":{"type":"Point","coordinates":[-118.09722,34.169653]},"properties":{"family":"satellite_hotspots","acq_date":"2025-01-08","satellite":"NOAA 21","method":"ANALYSIS","frp_mw":-999.0}},{"type":"Feature","geometry":{"type":"Point","coordinates":[-118.09525,34.171291]},"properties":{"family":"satellite_hotspots","acq_date":"2025-01-08","satellite":"NOAA 21","method":"ANALYSIS","frp_mw":-999.0}},{"type":"Feature","geometry":{"type":"Point","coordinates":[-118.09427,34.173257]},"properties":{"family":"satellite_hotspots","acq_date":"2025-01-08","satellite":"NOAA 21","method":"ANALYSIS","frp_mw":-999.0}},{"type":"Feature","geometry":{"type":"Point","coordinates":[-118.09427,34.174568]},"properties":{"family":"satellite_hotspots","acq_date":"2025-01-08","satellite":"NOAA 21","method":"ANALYSIS","frp_mw":-999.0}},{"type":"Feature","geometry":{"type":"Point","coordinates":[-118.09099,34.176862]},"properties":{"family":"satellite_hotspots","acq_date":"2025-01-08","satellite":"NOAA 21","method":"ANALYSIS","frp_mw":-999.0}},{"type":"Feature","geometry":{"type":"Point","coordinates":[-118.08738,34.177845]},"properties":{"family":"satellite_hotspots","acq_date":"2025-01-08","satellite":"NOAA 21","method":"ANALYSIS","frp_mw":-999.0}},{"type":"Feature","geometry":{"type":"Point","coordinates":[-118.10148,34.18276]},"properties":{"family":"satellite_hotspots","acq_date":"2025-01-08","satellite":"NOAA 21","method":"ANALYSIS","frp_mw":-999.0}},{"type":"Feature","geometry":{"type":"Point","coordinates":[-118.10148,34.184071]},"properties":{"family":"satellite_hotspots","acq_date":"2025-01-08","satellite":"NOAA 21","method":"ANALYSIS","frp_mw":-999.0}},{"type":"Feature","geometry":{"type":"Point","coordinates":[-118.10377,34.185382]},"properties":{"family":"satellite_hotspots","acq_date":"2025-01-08","satellite":"NOAA 21","method":"ANALYSIS","frp_mw":-999.0}},{"type":"Feature","geometry":{"type":"Point","coordinates":[-118.10573,34.185382]},"properties":{"family":"satellite_hotspots","acq_date":"2025-01-08","satellite":"NOAA 21","method":"ANALYSIS","frp_mw":-999.0}},{"type":"Feature","geometry":{"type":"Point","coordinates":[-118.10737,34.186365]},"properties":{"family":"satellite_hotspots","acq_date":"2025-01-08","satellite":"NOAA 21","method":"ANALYSIS","frp_mw":-999.0}},{"type":"Feature","geometry":{"type":"Point","coordinates":[-118.10311,34.182105]},"properties":{"family":"satellite_hotspots","acq_date":"2025-01-08","satellite":"NOAA 21","method":"ANALYSIS","frp_mw":-999.0}},{"type":"Feature","geometry":{"type":"Point","coordinates":[-118.10705,34.184399]},"properties":{"family":"satellite_hotspots","acq_date":"2025-01-08","satellite":"NOAA 21","method":"ANALYSIS","frp_mw":-999.0}},{"type":"Feature","geometry":{"type":"Point","coordinates":[-118.10213,34.187675]},"properties":{"family":"satellite_hotspots","acq_date":"2025-01-08","satellite":"NOAA 21","method":"ANALYSIS","frp_mw":-999.0}},{"type":"Feature","geometry":{"type":"Point","coordinates":[-118.10705,34.187675]},"properties":{"family":"satellite_hotspots","acq_date":"2025-01-08","satellite":"NOAA 21","method":"ANALYSIS","frp_mw":-999.0}},{"type":"Feature","geometry":{"type":"Point","coordinates":[-118.10705,34.188658]},"properties":{"family":"satellite_hotspots","acq_date":"2025-01-08","satellite":"NOAA 21","method":"ANALYSIS","frp_mw":-999.0}},{"type":"Feature","geometry":{"type":"Point","coordinates":[-118.11131,34.188658]},"properties":{"family":"satellite_hotspots","acq_date":"2025-01-08","satellite":"NOAA 21","method":"ANALYSIS","frp_mw":-999.0}},{"type":"Feature","geometry":{"type":"Point","coordinates":[-118.11491,34.186692]},"properties":{"family":"satellite_hotspots","acq_date":"2025-01-08","satellite":"NOAA 21","method":"ANALYSIS","frp_mw":-999.0}},{"type":"Feature","geometry":{"type":"Point","coordinates":[-118.11327,34.18702]},"properties":{"family":"satellite_hotspots","acq_date":"2025-01-08","satellite":"NOAA 21","method":"ANALYSIS","frp_mw":-999.0}},{"type":"Feature","geometry":{"type":"Point","coordinates":[-118.10999,34.188658]},"properties":{"family":"satellite_hotspots","acq_date":"2025-01-08","satellite":"NOAA 21","method":"ANALYSIS","frp_mw":-999.0}},{"type":"Feature","geometry":{"type":"Point","coordinates":[-118.1136,34.187348]},"properties":{"family":"satellite_hotspots","acq_date":"2025-01-08","satellite":"NOAA 21","method":"ANALYSIS","frp_mw":-999.0}},{"type":"Feature","geometry":{"type":"Point","coordinates":[-118.1136,34.188331]},"properties":{"family":"satellite_hotspots","acq_date":"2025-01-08","satellite":"NOAA 21","method":"ANALYSIS","frp_mw":-999.0}},{"type":"Feature","geometry":{"type":"Point","coordinates":[-118.11131,34.190952]},"properties":{"family":"satellite_hotspots","acq_date":"2025-01-08","satellite":"NOAA 21","method":"ANALYSIS","frp_mw":-999.0}},{"type":"Feature","geometry":{"type":"Point","coordinates":[-118.11327,34.189641]},"properties":{"family":"satellite_hotspots","acq_date":"2025-01-08","satellite":"NOAA 21","method":"ANALYSIS","frp_mw":-999.0}},{"type":"Feature","geometry":{"type":"Point","coordinates":[-118.11262,34.191607]},"properties":{"family":"satellite_hotspots","acq_date":"2025-01-08","satellite":"NOAA 21","method":"ANALYSIS","frp_mw":-999.0}},{"type":"Feature","geometry":{"type":"Point","coordinates":[-118.11688,34.189641]},"properties":{"family":"satellite_hotspots","acq_date":"2025-01-08","satellite":"NOAA 21","method":"ANALYSIS","frp_mw":-999.0}},{"type":"Feature","geometry":{"type":"Point","coordinates":[-118.11262,34.193901]},"properties":{"family":"satellite_hotspots","acq_date":"2025-01-08","satellite":"NOAA 21","method":"ANALYSIS","frp_mw":-999.0}},{"type":"Feature","geometry":{"type":"Point","coordinates":[-118.1172,34.190952]},"properties":{"family":"satellite_hotspots","acq_date":"2025-01-08","satellite":"NOAA 21","method":"ANALYSIS","frp_mw":-999.0}},{"type":"Feature","geometry":{"type":"Point","coordinates":[-118.12146,34.188986]},"properties":{"family":"satellite_hotspots","acq_date":"2025-01-08","satellite":"NOAA 21","method":"ANALYSIS","frp_mw":-999.0}},{"type":"Feature","geometry":{"type":"Point","coordinates":[-118.11425,34.192918]},"properties":{"family":"satellite_hotspots","acq_date":"2025-01-08","satellite":"NOAA 21","method":"ANALYSIS","frp_mw":-999.0}},{"type":"Feature","geometry":{"type":"Point","coordinates":[-118.11589,34.192591]},"properties":{"family":"satellite_hotspots","acq_date":"2025-01-08","satellite":"NOAA 21","method":"ANALYSIS","frp_mw":-999.0}},{"type":"Feature","geometry":{"type":"Point","coordinates":[-118.12081,34.19128]},"properties":{"family":"satellite_hotspots","acq_date":"2025-01-08","satellite":"NOAA 21","method":"ANALYSIS","frp_mw":-999.0}},{"type":"Feature","geometry":{"type":"Point","coordinates":[-118.12212,34.190624]},"properties":{"family":"satellite_hotspots","acq_date":"2025-01-08","satellite":"NOAA 21","method":"ANALYSIS","frp_mw":-999.0}},{"type":"Feature","geometry":{"type":"Point","coordinates":[-118.11884,34.193246]},"properties":{"family":"satellite_hotspots","acq_date":"2025-01-08","satellite":"NOAA 21","method":"ANALYSIS","frp_mw":-999.0}},{"type":"Feature","geometry":{"type":"Point","coordinates":[-118.11458,34.193901]},"properties":{"family":"satellite_hotspots","acq_date":"2025-01-08","satellite":"NOAA 21","method":"ANALYSIS","frp_mw":-999.0}},{"type":"Feature","geometry":{"type":"Point","coordinates":[-118.11655,34.193901]},"properties":{"family":"satellite_hotspots","acq_date":"2025-01-08","satellite":"NOAA 21","method":"ANALYSIS","frp_mw":-999.0}},{"type":"Feature","geometry":{"type":"Point","coordinates":[-118.11786,34.192918]},"properties":{"family":"satellite_hotspots","acq_date":"2025-01-08","satellite":"NOAA 21","method":"ANALYSIS","frp_mw":-999.0}},{"type":"Feature","geometry":{"type":"Point","coordinates":[-118.11884,34.195212]},"properties":{"family":"satellite_hotspots","acq_date":"2025-01-08","satellite":"NOAA 21","method":"ANALYSIS","frp_mw":-999.0}},{"type":"Feature","geometry":{"type":"Point","coordinates":[-118.11851,34.197506]},"properties":{"family":"satellite_hotspots","acq_date":"2025-01-08","satellite":"NOAA 21","method":"ANALYSIS","frp_mw":-999.0}},{"type":"Feature","geometry":{"type":"Point","coordinates":[-118.12343,34.194229]},"properties":{"family":"satellite_hotspots","acq_date":"2025-01-08","satellite":"NOAA 21","method":"ANALYSIS","frp_mw":-999.0}},{"type":"Feature","geometry":{"type":"Point","coordinates":[-118.11884,34.198816]},"properties":{"family":"satellite_hotspots","acq_date":"2025-01-08","satellite":"NOAA 21","method":"ANALYSIS","frp_mw":-999.0}},{"type":"Feature","geometry":{"type":"Point","coordinates":[-118.11983,34.200127]},"properties":{"family":"satellite_hotspots","acq_date":"2025-01-08","satellite":"NOAA 21","method":"ANALYSIS","frp_mw":-999.0}},{"type":"Feature","geometry":{"type":"Point","coordinates":[-118.12212,34.196523]},"properties":{"family":"satellite_hotspots","acq_date":"2025-01-08","satellite":"NOAA 21","method":"ANALYSIS","frp_mw":-999.0}},{"type":"Feature","geometry":{"type":"Point","coordinates":[-118.12343,34.197506]},"properties":{"family":"satellite_hotspots","acq_date":"2025-01-08","satellite":"NOAA 21","method":"ANALYSIS","frp_mw":-999.0}},{"type":"Feature","geometry":{"type":"Point","coordinates":[-118.1195,34.200783]},"properties":{"family":"satellite_hotspots","acq_date":"2025-01-08","satellite":"NOAA 21","method":"ANALYSIS","frp_mw":-999.0}},{"type":"Feature","geometry":{"type":"Point","coordinates":[-118.12048,34.202421]},"properties":{"family":"satellite_hotspots","acq_date":"2025-01-08","satellite":"NOAA 21","method":"ANALYSIS","frp_mw":-999.0}},{"type":"Feature","geometry":{"type":"Point","coordinates":[-118.1231,34.20111]},"properties":{"family":"satellite_hotspots","acq_date":"2025-01-08","satellite":"NOAA 21","method":"ANALYSIS","frp_mw":-999.0}},{"type":"Feature","geometry":{"type":"Point","coordinates":[-118.12802,34.199144]},"properties":{"family":"satellite_hotspots","acq_date":"2025-01-08","satellite":"NOAA 21","method":"ANALYSIS","frp_mw":-999.0}},{"type":"Feature","geometry":{"type":"Point","coordinates":[-118.12605,34.201766]},"properties":{"family":"satellite_hotspots","acq_date":"2025-01-08","satellite":"NOAA 21","method":"ANALYSIS","frp_mw":-999.0}},{"type":"Feature","geometry":{"type":"Point","coordinates":[-118.12408,34.203076]},"properties":{"family":"satellite_hotspots","acq_date":"2025-01-08","satellite":"NOAA 21","method":"ANALYSIS","frp_mw":-999.0}},{"type":"Feature","geometry":{"type":"Point","coordinates":[-118.1231,34.205042]},"properties":{"family":"satellite_hotspots","acq_date":"2025-01-08","satellite":"NOAA 21","method":"ANALYSIS","frp_mw":-999.0}},{"type":"Feature","geometry":{"type":"Point","coordinates":[-118.12605,34.201438]},"properties":{"family":"satellite_hotspots","acq_date":"2025-01-08","satellite":"NOAA 21","method":"ANALYSIS","frp_mw":-999.0}},{"type":"Feature","geometry":{"type":"Point","coordinates":[-118.12605,34.202421]},"properties":{"family":"satellite_hotspots","acq_date":"2025-01-08","satellite":"NOAA 21","method":"ANALYSIS","frp_mw":-999.0}},{"type":"Feature","geometry":{"type":"Point","coordinates":[-118.1254,34.203732]},"properties":{"family":"satellite_hotspots","acq_date":"2025-01-08","satellite":"NOAA 21","method":"ANALYSIS","frp_mw":-999.0}},{"type":"Feature","geometry":{"type":"Point","coordinates":[-118.12179,34.205698]},"properties":{"family":"satellite_hotspots","acq_date":"2025-01-08","satellite":"NOAA 21","method":"ANALYSIS","frp_mw":-999.0}},{"type":"Feature","geometry":{"type":"Point","coordinates":[-118.12048,34.207664]},"properties":{"family":"satellite_hotspots","acq_date":"2025-01-08","satellite":"NOAA 21","method":"ANALYSIS","frp_mw":-999.0}},{"type":"Feature","geometry":{"type":"Point","coordinates":[-118.1231,34.206025]},"properties":{"family":"satellite_hotspots","acq_date":"2025-01-08","satellite":"NOAA 21","method":"ANALYSIS","frp_mw":-999.0}},{"type":"Feature","geometry":{"type":"Point","coordinates":[-118.12638,34.204387]},"properties":{"family":"satellite_hotspots","acq_date":"2025-01-08","satellite":"NOAA 21","method":"ANALYSIS","frp_mw":-999.0}},{"type":"Feature","geometry":{"type":"Point","coordinates":[-118.12605,34.206025]},"properties":{"family":"satellite_hotspots","acq_date":"2025-01-08","satellite":"NOAA 21","method":"ANALYSIS","frp_mw":-999.0}},{"type":"Feature","geometry":{"type":"Point","coordinates":[-118.12408,34.207008]},"properties":{"family":"satellite_hotspots","acq_date":"2025-01-08","satellite":"NOAA 21","method":"ANALYSIS","frp_mw":-999.0}},{"type":"Feature","geometry":{"type":"Point","coordinates":[-118.12048,34.207991]},"properties":{"family":"satellite_hotspots","acq_date":"2025-01-08","satellite":"NOAA 21","method":"ANALYSIS","frp_mw":-999.0}},{"type":"Feature","geometry":{"type":"Point","coordinates":[-118.1195,34.20963]},"properties":{"family":"satellite_hotspots","acq_date":"2025-01-08","satellite":"NOAA 21","method":"ANALYSIS","frp_mw":-999.0}},{"type":"Feature","geometry":{"type":"Point","coordinates":[-118.12376,34.207664]},"properties":{"family":"satellite_hotspots","acq_date":"2025-01-08","satellite":"NOAA 21","method":"ANALYSIS","frp_mw":-999.0}},{"type":"Feature","geometry":{"type":"Point","coordinates":[-118.12605,34.206353]},"properties":{"family":"satellite_hotspots","acq_date":"2025-01-08","satellite":"NOAA 21","method":"ANALYSIS","frp_mw":-999.0}},{"type":"Feature","geometry":{"type":"Point","coordinates":[-118.12408,34.210613]},"properties":{"family":"satellite_hotspots","acq_date":"2025-01-08","satellite":"NOAA 21","method":"ANALYSIS","frp_mw":-999.0}},{"type":"Feature","geometry":{"type":"Point","coordinates":[-118.12015,34.211924]},"properties":{"family":"satellite_hotspots","acq_date":"2025-01-08","satellite":"NOAA 21","method":"ANALYSIS","frp_mw":-999.0}},{"type":"Feature","geometry":{"type":"Point","coordinates":[-118.05265,34.165721]},"properties":{"family":"satellite_hotspots","acq_date":"2025-01-08","satellite":"NOAA 21","method":"ANALYSIS","frp_mw":-999.0}},{"type":"Feature","geometry":{"type":"Point","coordinates":[-118.05363,34.169981]},"properties":{"family":"satellite_hotspots","acq_date":"2025-01-08","satellite":"NOAA 21","method":"ANALYSIS","frp_mw":-999.0}},{"type":"Feature","geometry":{"type":"Point","coordinates":[-118.05101,34.172274]},"properties":{"family":"satellite_hotspots","acq_date":"2025-01-08","satellite":"NOAA 21","method":"ANALYSIS","frp_mw":-999.0}},{"type":"Feature","geometry":{"type":"Point","coordinates":[-118.09347,34.21685]},"properties":{"family":"satellite_hotspots","acq_date":"2025-01-08","satellite":"SUOMI NPP","method":"VIIRS","frp_mw":75.44}},{"type":"Feature","geometry":{"type":"Point","coordinates":[-118.08888,34.216267]},"properties":{"family":"satellite_hotspots","acq_date":"2025-01-08","satellite":"SUOMI NPP","method":"VIIRS","frp_mw":75.44}},{"type":"Feature","geometry":{"type":"Point","coordinates":[-118.11968,34.216465]},"properties":{"family":"satellite_hotspots","acq_date":"2025-01-08","satellite":"SUOMI NPP","method":"VIIRS","frp_mw":0.872}},{"type":"Feature","geometry":{"type":"Point","coordinates":[-118.11442,34.215801]},"properties":{"family":"satellite_hotspots","acq_date":"2025-01-08","satellite":"SUOMI NPP","method":"VIIRS","frp_mw":0.826}},{"type":"Feature","geometry":{"type":"Point","coordinates":[-118.10909,34.21513]},"properties":{"family":"satellite_hotspots","acq_date":"2025-01-08","satellite":"SUOMI NPP","method":"VIIRS","frp_mw":0.826}},{"type":"Feature","geometry":{"type":"Point","coordinates":[-118.10384,34.214466]},"properties":{"family":"satellite_hotspots","acq_date":"2025-01-08","satellite":"SUOMI NPP","method":"VIIRS","frp_mw":62.819}},{"type":"Feature","geometry":{"type":"Point","coordinates":[-118.09893,34.213844]},"properties":{"family":"satellite_hotspots","acq_date":"2025-01-08","satellite":"SUOMI NPP","method":"VIIRS","frp_mw":62.819}},{"type":"Feature","geometry":{"type":"Point","coordinates":[-118.09418,34.213249]},"properties":{"family":"satellite_hotspots","acq_date":"2025-01-08","satellite":"SUOMI NPP","method":"VIIRS","frp_mw":75.44}},{"type":"Feature","geometry":{"type":"Point","coordinates":[-118.08967,34.212677]},"properties":{"family":"satellite_hotspots","acq_date":"2025-01-08","satellite":"SUOMI NPP","method":"VIIRS","frp_mw":75.44}},{"type":"Feature","geometry":{"type":"Point","coordinates":[-118.08486,34.21207]},"properties":{"family":"satellite_hotspots","acq_date":"2025-01-08","satellite":"SUOMI NPP","method":"VIIRS","frp_mw":4.967}},{"type":"Feature","geometry":{"type":"Point","coordinates":[-118.12632,34.213608]},"properties":{"family":"satellite_hotspots","acq_date":"2025-01-08","satellite":"SUOMI NPP","method":"VIIRS","frp_mw":56.366}},{"type":"Feature","geometry":{"type":"Point","coordinates":[-118.12102,34.212936]},"properties":{"family":"satellite_hotspots","acq_date":"2025-01-08","satellite":"SUOMI NPP","method":"VIIRS","frp_mw":56.366}},{"type":"Feature","geometry":{"type":"Point","coordinates":[-118.1158,34.212276]},"properties":{"family":"satellite_hotspots","acq_date":"2025-01-08","satellite":"SUOMI NPP","method":"VIIRS","frp_mw":77.887}},{"type":"Feature","geometry":{"type":"Point","coordinates":[-118.11041,34.211601]},"properties":{"family":"satellite_hotspots","acq_date":"2025-01-08","satellite":"SUOMI NPP","method":"VIIRS","frp_mw":77.887}},{"type":"Feature","geometry":{"type":"Point","coordinates":[-118.10497,34.210915]},"properties":{"family":"satellite_hotspots","acq_date":"2025-01-08","satellite":"SUOMI NPP","method":"VIIRS","frp_mw":82.222}},{"type":"Feature","geometry":{"type":"Point","coordinates":[-118.10008,34.210297]},"properties":{"family":"satellite_hotspots","acq_date":"2025-01-08","satellite":"SUOMI NPP","method":"VIIRS","frp_mw":82.222}},{"type":"Feature","geometry":{"type":"Point","coordinates":[-118.09537,34.209702]},"properties":{"family":"satellite_hotspots","acq_date":"2025-01-08","satellite":"SUOMI NPP","method":"VIIRS","frp_mw":294.795}},{"type":"Feature","geometry":{"type":"Point","coordinates":[-118.09065,34.209106]},"properties":{"family":"satellite_hotspots","acq_date":"2025-01-08","satellite":"SUOMI NPP","method":"VIIRS","frp_mw":294.795}},{"type":"Feature","geometry":{"type":"Point","coordinates":[-118.08573,34.208488]},"properties":{"family":"satellite_hotspots","acq_date":"2025-01-08","satellite":"SUOMI NPP","method":"VIIRS","frp_mw":2.201}},{"type":"Feature","geometry":{"type":"Point","coordinates":[-118.08044,34.207821]},"properties":{"family":"satellite_hotspots","acq_date":"2025-01-08","satellite":"SUOMI NPP","method":"VIIRS","frp_mw":2.201}},{"type":"Feature","geometry":{"type":"Point","coordinates":[-118.12758,34.21006]},"properties":{"family":"satellite_hotspots","acq_date":"2025-01-08","satellite":"SUOMI NPP","method":"VIIRS","frp_mw":56.366}},{"type":"Feature","geometry":{"type":"Point","coordinates":[-118.12237,34.209404]},"properties":{"family":"satellite_hotspots","acq_date":"2025-01-08","satellite":"SUOMI NPP","method":"VIIRS","frp_mw":56.366}},{"type":"Feature","geometry":{"type":"Point","coordinates":[-118.11707,34.20874]},"properties":{"family":"satellite_hotspots","acq_date":"2025-01-08","satellite":"SUOMI NPP","method":"VIIRS","frp_mw":77.887}},{"type":"Feature","geometry":{"type":"Point","coordinates":[-118.11172,34.208065]},"properties":{"family":"satellite_hotspots","acq_date":"2025-01-08","satellite":"SUOMI NPP","method":"VIIRS","frp_mw":77.887}},{"type":"Feature","geometry":{"type":"Point","coordinates":[-118.10641,34.207397]},"properties":{"family":"satellite_hotspots","acq_date":"2025-01-08","satellite":"SUOMI NPP","method":"VIIRS","frp_mw":82.222}},{"type":"Feature","geometry":{"type":"Point","coordinates":[-118.10147,34.206776]},"properties":{"family":"satellite_hotspots","acq_date":"2025-01-08","satellite":"SUOMI NPP","method":"VIIRS","frp_mw":82.222}},{"type":"Feature","geometry":{"type":"Point","coordinates":[-118.0967,34.206173]},"properties":{"family":"satellite_hotspots","acq_date":"2025-01-08","satellite":"SUOMI NPP","method":"VIIRS","frp_mw":294.795}},{"type":"Feature","geometry":{"type":"Point","coordinates":[-118.0918,34.205555]},"properties":{"family":"satellite_hotspots","acq_date":"2025-01-08","satellite":"SUOMI NPP","method":"VIIRS","frp_mw":294.795}},{"type":"Feature","geometry":{"type":"Point","coordinates":[-118.08665,34.204906]},"properties":{"family":"satellite_hotspots","acq_date":"2025-01-08","satellite":"SUOMI NPP","method":"VIIRS","frp_mw":2.201}},{"type":"Feature","geometry":{"type":"Point","coordinates":[-118.08122,34.20422]},"properties":{"family":"satellite_hotspots","acq_date":"2025-01-08","satellite":"SUOMI NPP","method":"VIIRS","frp_mw":2.201}},{"type":"Feature","geometry":{"type":"Point","coordinates":[-118.11298,34.204525]},"properties":{"family":"satellite_hotspots","acq_date":"2025-01-08","satellite":"SUOMI NPP","method":"VIIRS","frp_mw":18.628}},{"type":"Feature","geometry":{"type":"Point","coordinates":[-118.1078,34.203873]},"properties":{"family":"satellite_hotspots","acq_date":"2025-01-08","satellite":"SUOMI NPP","method":"VIIRS","frp_mw":3.347}},{"type":"Feature","geometry":{"type":"Point","coordinates":[-118.10282,34.203247]},"properties":{"family":"satellite_hotspots","acq_date":"2025-01-08","satellite":"SUOMI NPP","method":"VIIRS","frp_mw":3.347}},{"type":"Feature","geometry":{"type":"Point","coordinates":[-118.09795,34.202633]},"properties":{"family":"satellite_hotspots","acq_date":"2025-01-08","satellite":"SUOMI NPP","method":"VIIRS","frp_mw":8.55}},{"type":"Feature","geometry":{"type":"Point","coordinates":[-118.09281,34.201988]},"properties":{"family":"satellite_hotspots","acq_date":"2025-01-08","satellite":"SUOMI NPP","method":"VIIRS","frp_mw":8.55}},{"type":"Feature","geometry":{"type":"Point","coordinates":[-118.08747,34.201317]},"properties":{"family":"satellite_hotspots","acq_date":"2025-01-08","satellite":"SUOMI NPP","method":"VIIRS","frp_mw":41.016}},{"type":"Feature","geometry":{"type":"Point","coordinates":[-118.08195,34.200626]},"properties":{"family":"satellite_hotspots","acq_date":"2025-01-08","satellite":"SUOMI NPP","method":"VIIRS","frp_mw":41.016}},{"type":"Feature","geometry":{"type":"Point","coordinates":[-118.06613,34.198627]},"properties":{"family":"satellite_hotspots","acq_date":"2025-01-08","satellite":"SUOMI NPP","method":"VIIRS","frp_mw":22.09}},{"type":"Feature","geometry":{"type":"Point","coordinates":[-118.06107,34.19799]},"properties":{"family":"satellite_hotspots","acq_date":"2025-01-08","satellite":"SUOMI NPP","method":"VIIRS","frp_mw":22.09}},{"type":"Feature","geometry":{"type":"Point","coordinates":[-118.11424,34.200989]},"properties":{"family":"satellite_hotspots","acq_date":"2025-01-08","satellite":"SUOMI NPP","method":"VIIRS","frp_mw":18.628}},{"type":"Feature","geometry":{"type":"Point","coordinates":[-118.10913,34.200344]},"properties":{"family":"satellite_hotspots","acq_date":"2025-01-08","satellite":"SUOMI NPP","method":"VIIRS","frp_mw":3.347}},{"type":"Feature","geometry":{"type":"Point","coordinates":[-118.10415,34.199718]},"properties":{"family":"satellite_hotspots","acq_date":"2025-01-08","satellite":"SUOMI NPP","method":"VIIRS","frp_mw":3.347}},{"type":"Feature","geometry":{"type":"Point","coordinates":[-118.09898,34.19907]},"properties":{"family":"satellite_hotspots","acq_date":"2025-01-08","satellite":"SUOMI NPP","method":"VIIRS","frp_mw":8.55}},{"type":"Feature","geometry":{"type":"Point","coordinates":[-118.09367,34.198402]},"properties":{"family":"satellite_hotspots","acq_date":"2025-01-08","satellite":"SUOMI NPP","method":"VIIRS","frp_mw":8.55}},{"type":"Feature","geometry":{"type":"Point","coordinates":[-118.08825,34.197723]},"properties":{"family":"satellite_hotspots","acq_date":"2025-01-08","satellite":"SUOMI NPP","method":"VIIRS","frp_mw":41.016}},{"type":"Feature","geometry":{"type":"Point","coordinates":[-118.08277,34.197033]},"properties":{"family":"satellite_hotspots","acq_date":"2025-01-08","satellite":"SUOMI NPP","method":"VIIRS","frp_mw":41.016}},{"type":"Feature","geometry":{"type":"Point","coordinates":[-118.07744,34.196365]},"properties":{"family":"satellite_hotspots","acq_date":"2025-01-08","satellite":"SUOMI NPP","method":"VIIRS","frp_mw":14.998}},{"type":"Feature","geometry":{"type":"Point","coordinates":[-118.06729,34.195087]},"properties":{"family":"satellite_hotspots","acq_date":"2025-01-08","satellite":"SUOMI NPP","method":"VIIRS","frp_mw":22.09}},{"type":"Feature","geometry":{"type":"Point","coordinates":[-118.06203,34.194427]},"properties":{"family":"satellite_hotspots","acq_date":"2025-01-08","satellite":"SUOMI NPP","method":"VIIRS","frp_mw":22.09}},{"type":"Feature","geometry":{"type":"Point","coordinates":[-118.05735,34.193832]},"properties":{"family":"satellite_hotspots","acq_date":"2025-01-08","satellite":"SUOMI NPP","method":"VIIRS","frp_mw":2.831}},{"type":"Feature","geometry":{"type":"Point","coordinates":[-118.10548,34.19619]},"properties":{"family":"satellite_hotspots","acq_date":"2025-01-08","satellite":"SUOMI NPP","method":"VIIRS","frp_mw":26.147}},{"type":"Feature","geometry":{"type":"Point","coordinates":[-118.10019,34.195522]},"properties":{"family":"satellite_hotspots","acq_date":"2025-01-08","satellite":"SUOMI NPP","method":"VIIRS","frp_mw":1.859}},{"type":"Feature","geometry":{"type":"Point","coordinates":[-118.09468,34.194832]},"properties":{"family":"satellite_hotspots","acq_date":"2025-01-08","satellite":"SUOMI NPP","method":"VIIRS","frp_mw":1.859}},{"type":"Feature","geometry":{"type":"Point","coordinates":[-118.0893,34.194157]},"properties":{"family":"satellite_hotspots","acq_date":"2025-01-08","satellite":"SUOMI NPP","method":"VIIRS","frp_mw":2.528}},{"type":"Feature","geometry":{"type":"Point","coordinates":[-118.0839,34.193481]},"properties":{"family":"satellite_hotspots","acq_date":"2025-01-08","satellite":"SUOMI NPP","method":"VIIRS","frp_mw":2.528}},{"type":"Feature","geometry":{"type":"Point","coordinates":[-118.07867,34.192825]},"properties":{"family":"satellite_hotspots","acq_date":"2025-01-08","satellite":"SUOMI NPP","method":"VIIRS","frp_mw":12.436}},{"type":"Feature","geometry":{"type":"Point","coordinates":[-118.07365,34.192192]},"properties":{"family":"satellite_hotspots","acq_date":"2025-01-08","satellite":"SUOMI NPP","method":"VIIRS","frp_mw":12.436}},{"type":"Feature","geometry":{"type":"Point","coordinates":[-118.06847,34.19154]},"properties":{"family":"satellite_hotspots","acq_date":"2025-01-08","satellite":"SUOMI NPP","method":"VIIRS","frp_mw":2.876}},{"type":"Feature","geometry":{"type":"Point","coordinates":[-118.06319,34.190876]},"properties":{"family":"satellite_hotspots","acq_date":"2025-01-08","satellite":"SUOMI NPP","method":"VIIRS","frp_mw":2.876}},{"type":"Feature","geometry":{"type":"Point","coordinates":[-118.05822,34.190254]},"properties":{"family":"satellite_hotspots","acq_date":"2025-01-08","satellite":"SUOMI NPP","method":"VIIRS","frp_mw":28.396}},{"type":"Feature","geometry":{"type":"Point","coordinates":[-118.0534,34.189644]},"properties":{"family":"satellite_hotspots","acq_date":"2025-01-08","satellite":"SUOMI NPP","method":"VIIRS","frp_mw":28.396}},{"type":"Feature","geometry":{"type":"Point","coordinates":[-118.04877,34.18906]},"properties":{"family":"satellite_hotspots","acq_date":"2025-01-08","satellite":"SUOMI NPP","method":"VIIRS","frp_mw":16.147}},{"type":"Feature","geometry":{"type":"Point","coordinates":[-118.09596,34.191299]},"properties":{"family":"satellite_hotspots","acq_date":"2025-01-08","satellite":"SUOMI NPP","method":"VIIRS","frp_mw":1.859}},{"type":"Feature","geometry":{"type":"Point","coordinates":[-118.08528,34.189957]},"properties":{"family":"satellite_hotspots","acq_date":"2025-01-08","satellite":"SUOMI NPP","method":"VIIRS","frp_mw":2.528}},{"type":"Feature","geometry":{"type":"Point","coordinates":[-118.07486,34.188652]},"properties":{"family":"satellite_hotspots","acq_date":"2025-01-08","satellite":"SUOMI NPP","method":"VIIRS","frp_mw":12.436}},{"type":"Feature","geometry":{"type":"Point","coordinates":[-118.06966,34.188]},"properties":{"family":"satellite_hotspots","acq_date":"2025-01-08","satellite":"SUOMI NPP","method":"VIIRS","frp_mw":2.876}},{"type":"Feature","geometry":{"type":"Point","coordinates":[-118.06442,34.18734]},"properties":{"family":"satellite_hotspots","acq_date":"2025-01-08","satellite":"SUOMI NPP","method":"VIIRS","frp_mw":2.876}},{"type":"Feature","geometry":{"type":"Point","coordinates":[-118.05931,34.186703]},"properties":{"family":"satellite_hotspots","acq_date":"2025-01-08","satellite":"SUOMI NPP","method":"VIIRS","frp_mw":28.396}},{"type":"Feature","geometry":{"type":"Point","coordinates":[-118.05431,34.186069]},"properties":{"family":"satellite_hotspots","acq_date":"2025-01-08","satellite":"SUOMI NPP","method":"VIIRS","frp_mw":28.396}},{"type":"Feature","geometry":{"type":"Point","coordinates":[-118.04977,34.185497]},"properties":{"family":"satellite_hotspots","acq_date":"2025-01-08","satellite":"SUOMI NPP","method":"VIIRS","frp_mw":16.147}},{"type":"Feature","geometry":{"type":"Point","coordinates":[-118.07091,34.18446]},"properties":{"family":"satellite_hotspots","acq_date":"2025-01-08","satellite":"SUOMI NPP","method":"VIIRS","frp_mw":0.815}},{"type":"Feature","geometry":{"type":"Point","coordinates":[-118.06577,34.183815]},"properties":{"family":"satellite_hotspots","acq_date":"2025-01-08","satellite":"SUOMI NPP","method":"VIIRS","frp_mw":0.815}},{"type":"Feature","geometry":{"type":"Point","coordinates":[-118.06068,34.183182]},"properties":{"family":"satellite_hotspots","acq_date":"2025-01-08","satellite":"SUOMI NPP","method":"VIIRS","frp_mw":3.076}},{"type":"Feature","geometry":{"type":"Point","coordinates":[-118.05566,34.182549]},"properties":{"family":"satellite_hotspots","acq_date":"2025-01-08","satellite":"SUOMI NPP","method":"VIIRS","frp_mw":3.076}},{"type":"Feature","geometry":{"type":"Point","coordinates":[-118.05091,34.18195]},"properties":{"family":"satellite_hotspots","acq_date":"2025-01-08","satellite":"SUOMI NPP","method":"VIIRS","frp_mw":28.881}},{"type":"Feature","geometry":{"type":"Point","coordinates":[-118.04624,34.181366]},"properties":{"family":"satellite_hotspots","acq_date":"2025-01-08","satellite":"SUOMI NPP","method":"VIIRS","frp_mw":28.881}},{"type":"Feature","geometry":{"type":"Point","coordinates":[-118.0671,34.18029]},"properties":{"family":"satellite_hotspots","acq_date":"2025-01-08","satellite":"SUOMI NPP","method":"VIIRS","frp_mw":0.815}},{"type":"Feature","geometry":{"type":"Point","coordinates":[-118.09907,34.223976]},"properties":{"family":"satellite_hotspots","acq_date":"2025-01-08","satellite":"NOAA 20","method":"VIIRS","frp_mw":0.532}},{"type":"Feature","geometry":{"type":"Point","coordinates":[-118.09438,34.223141]},"properties":{"family":"satellite_hotspots","acq_date":"2025-01-08","satellite":"NOAA 20","method":"VIIRS","frp_mw":0.667}},{"type":"Feature","geometry":{"type":"Point","coordinates":[-118.10438,34.221386]},"properties":{"family":"satellite_hotspots","acq_date":"2025-01-08","satellite":"NOAA 20","method":"VIIRS","frp_mw":0.532}},{"type":"Feature","geometry":{"type":"Point","coordinates":[-118.09978,34.220566]},"properties":{"family":"satellite_hotspots","acq_date":"2025-01-08","satellite":"NOAA 20","method":"VIIRS","frp_mw":0.532}},{"type":"Feature","geometry":{"type":"Point","coordinates":[-118.09512,34.219738]},"properties":{"family":"satellite_hotspots","acq_date":"2025-01-08","satellite":"NOAA 20","method":"VIIRS","frp_mw":0.667}},{"type":"Feature","geometry":{"type":"Point","coordinates":[-118.09042,34.218899]},"properties":{"family":"satellite_hotspots","acq_date":"2025-01-08","satellite":"NOAA 20","method":"VIIRS","frp_mw":0.667}},{"type":"Feature","geometry":{"type":"Point","coordinates":[-118.10506,34.217972]},"properties":{"family":"satellite_hotspots","acq_date":"2025-01-08","satellite":"NOAA 20","method":"VIIRS","frp_mw":198.623}},{"type":"Feature","geometry":{"type":"Point","coordinates":[-118.10055,34.217163]},"properties":{"family":"satellite_hotspots","acq_date":"2025-01-08","satellite":"NOAA 20","method":"VIIRS","frp_mw":198.623}},{"type":"Feature","geometry":{"type":"Point","coordinates":[-118.09596,34.216347]},"properties":{"family":"satellite_hotspots","acq_date":"2025-01-08","satellite":"NOAA 20","method":"VIIRS","frp_mw":136.306}},{"type":"Feature","geometry":{"type":"Point","coordinates":[-118.09124,34.215508]},"properties":{"family":"satellite_hotspots","acq_date":"2025-01-08","satellite":"NOAA 20","method":"VIIRS","frp_mw":136.306}},{"type":"Feature","geometry":{"type":"Point","coordinates":[-118.11002,34.215313]},"properties":{"family":"satellite_hotspots","acq_date":"2025-01-08","satellite":"NOAA 20","method":"VIIRS","frp_mw":1.759}},{"type":"Feature","geometry":{"type":"Point","coordinates":[-118.10574,34.214554]},"properties":{"family":"satellite_hotspots","acq_date":"2025-01-08","satellite":"NOAA 20","method":"VIIRS","frp_mw":198.623}},{"type":"Feature","geometry":{"type":"Point","coordinates":[-118.1013,34.213768]},"properties":{"family":"satellite_hotspots","acq_date":"2025-01-08","satellite":"NOAA 20","method":"VIIRS","frp_mw":198.623}},{"type":"Feature","geometry":{"type":"Point","coordinates":[-118.09673,34.212952]},"properties":{"family":"satellite_hotspots","acq_date":"2025-01-08","satellite":"NOAA 20","method":"VIIRS","frp_mw":136.306}},{"type":"Feature","geometry":{"type":"Point","coordinates":[-118.09202,34.212109]},"properties":{"family":"satellite_hotspots","acq_date":"2025-01-08","satellite":"NOAA 20","method":"VIIRS","frp_mw":136.306}},{"type":"Feature","geometry":{"type":"Point","coordinates":[-118.08735,34.211277]},"properties":{"family":"satellite_hotspots","acq_date":"2025-01-08","satellite":"NOAA 20","method":"VIIRS","frp_mw":7.943}},{"type":"Feature","geometry":{"type":"Point","coordinates":[-118.12349,34.214161]},"properties":{"family":"satellite_hotspots","acq_date":"2025-01-08","satellite":"NOAA 20","method":"VIIRS","frp_mw":47.793}},{"type":"Feature","geometry":{"type":"Point","coordinates":[-118.11916,34.213398]},"properties":{"family":"satellite_hotspots","acq_date":"2025-01-08","satellite":"NOAA 20","method":"VIIRS","frp_mw":47.793}},{"type":"Feature","geometry":{"type":"Point","coordinates":[-118.11054,34.211868]},"properties":{"family":"satellite_hotspots","acq_date":"2025-01-08","satellite":"NOAA 20","method":"VIIRS","frp_mw":47.296}},{"type":"Feature","geometry":{"type":"Point","coordinates":[-118.10629,34.211113]},"properties":{"family":"satellite_hotspots","acq_date":"2025-01-08","satellite":"NOAA 20","method":"VIIRS","frp_mw":66.342}},{"type":"Feature","geometry":{"type":"Point","coordinates":[-118.10188,34.210327]},"properties":{"family":"satellite_hotspots","acq_date":"2025-01-08","satellite":"NOAA 20","method":"VIIRS","frp_mw":66.342}},{"type":"Feature","geometry":{"type":"Point","coordinates":[-118.09725,34.209499]},"properties":{"family":"satellite_hotspots","acq_date":"2025-01-08","satellite":"NOAA 20","method":"VIIRS","frp_mw":82.623}},{"type":"Feature","geometry":{"type":"Point","coordinates":[-118.09261,34.208672]},"properties":{"family":"satellite_hotspots","acq_date":"2025-01-08","satellite":"NOAA 20","method":"VIIRS","frp_mw":82.623}},{"type":"Feature","geometry":{"type":"Point","coordinates":[-118.08804,34.207859]},"properties":{"family":"satellite_hotspots","acq_date":"2025-01-08","satellite":"NOAA 20","method":"VIIRS","frp_mw":14.764}},{"type":"Feature","geometry":{"type":"Point","coordinates":[-118.12401,34.210716]},"properties":{"family":"satellite_hotspots","acq_date":"2025-01-08","satellite":"NOAA 20","method":"VIIRS","frp_mw":47.793}},{"type":"Feature","geometry":{"type":"Point","coordinates":[-118.11967,34.209946]},"properties":{"family":"satellite_hotspots","acq_date":"2025-01-08","satellite":"NOAA 20","method":"VIIRS","frp_mw":47.793}},{"type":"Feature","geometry":{"type":"Point","coordinates":[-118.11108,34.208424]},"properties":{"family":"satellite_hotspots","acq_date":"2025-01-08","satellite":"NOAA 20","method":"VIIRS","frp_mw":47.296}},{"type":"Feature","geometry":{"type":"Point","coordinates":[-118.10676,34.207653]},"properties":{"family":"satellite_hotspots","acq_date":"2025-01-08","satellite":"NOAA 20","method":"VIIRS","frp_mw":66.342}},{"type":"Feature","geometry":{"type":"Point","coordinates":[-118.10228,34.20686]},"properties":{"family":"satellite_hotspots","acq_date":"2025-01-08","satellite":"NOAA 20","method":"VIIRS","frp_mw":66.342}},{"type":"Feature","geometry":{"type":"Point","coordinates":[-118.09766,34.206032]},"properties":{"family":"satellite_hotspots","acq_date":"2025-01-08","satellite":"NOAA 20","method":"VIIRS","frp_mw":82.623}},{"type":"Feature","geometry":{"type":"Point","coordinates":[-118.09309,34.205215]},"properties":{"family":"satellite_hotspots","acq_date":"2025-01-08","satellite":"NOAA 20","method":"VIIRS","frp_mw":82.623}},{"type":"Feature","geometry":{"type":"Point","coordinates":[-118.08871,34.204441]},"properties":{"family":"satellite_hotspots","acq_date":"2025-01-08","satellite":"NOAA 20","method":"VIIRS","frp_mw":14.764}},{"type":"Feature","geometry":{"type":"Point","coordinates":[-118.08445,34.203682]},"properties":{"family":"satellite_hotspots","acq_date":"2025-01-08","satellite":"NOAA 20","method":"VIIRS","frp_mw":14.764}},{"type":"Feature","geometry":{"type":"Point","coordinates":[-118.08025,34.202934]},"properties":{"family":"satellite_hotspots","acq_date":"2025-01-08","satellite":"NOAA 20","method":"VIIRS","frp_mw":8.088}},{"type":"Feature","geometry":{"type":"Point","coordinates":[-118.06304,34.199875]},"properties":{"family":"satellite_hotspots","acq_date":"2025-01-08","satellite":"NOAA 20","method":"VIIRS","frp_mw":0.999}},{"type":"Feature","geometry":{"type":"Point","coordinates":[-118.1159,34.205734]},"properties":{"family":"satellite_hotspots","acq_date":"2025-01-08","satellite":"NOAA 20","method":"VIIRS","frp_mw":4.704}},{"type":"Feature","geometry":{"type":"Point","coordinates":[-118.1116,34.204971]},"properties":{"family":"satellite_hotspots","acq_date":"2025-01-08","satellite":"NOAA 20","method":"VIIRS","frp_mw":4.704}},{"type":"Feature","geometry":{"type":"Point","coordinates":[-118.10721,34.204193]},"properties":{"family":"satellite_hotspots","acq_date":"2025-01-08","satellite":"NOAA 20","method":"VIIRS","frp_mw":1.969}},{"type":"Feature","geometry":{"type":"Point","coordinates":[-118.10273,34.203392]},"properties":{"family":"satellite_hotspots","acq_date":"2025-01-08","satellite":"NOAA 20","method":"VIIRS","frp_mw":1.969}},{"type":"Feature","geometry":{"type":"Point","coordinates":[-118.09817,34.202583]},"properties":{"family":"satellite_hotspots","acq_date":"2025-01-08","satellite":"NOAA 20","method":"VIIRS","frp_mw":4.662}},{"type":"Feature","geometry":{"type":"Point","coordinates":[-118.0938,34.201797]},"properties":{"family":"satellite_hotspots","acq_date":"2025-01-08","satellite":"NOAA 20","method":"VIIRS","frp_mw":4.662}},{"type":"Feature","geometry":{"type":"Point","coordinates":[-118.08949,34.201031]},"properties":{"family":"satellite_hotspots","acq_date":"2025-01-08","satellite":"NOAA 20","method":"VIIRS","frp_mw":21.759}},{"type":"Feature","geometry":{"type":"Point","coordinates":[-118.08526,34.200283]},"properties":{"family":"satellite_hotspots","acq_date":"2025-01-08","satellite":"NOAA 20","method":"VIIRS","frp_mw":21.759}},{"type":"Feature","geometry":{"type":"Point","coordinates":[-118.08105,34.199539]},"properties":{"family":"satellite_hotspots","acq_date":"2025-01-08","satellite":"NOAA 20","method":"VIIRS","frp_mw":32.286}},{"type":"Feature","geometry":{"type":"Point","coordinates":[-118.06799,34.197212]},"properties":{"family":"satellite_hotspots","acq_date":"2025-01-08","satellite":"NOAA 20","method":"VIIRS","frp_mw":14.597}},{"type":"Feature","geometry":{"type":"Point","coordinates":[-118.06368,34.196445]},"properties":{"family":"satellite_hotspots","acq_date":"2025-01-08","satellite":"NOAA 20","method":"VIIRS","frp_mw":12.698}},{"type":"Feature","geometry":{"type":"Point","coordinates":[-118.05912,34.195629]},"properties":{"family":"satellite_hotspots","acq_date":"2025-01-08","satellite":"NOAA 20","method":"VIIRS","frp_mw":12.698}},{"type":"Feature","geometry":{"type":"Point","coordinates":[-118.11215,34.20153]},"properties":{"family":"satellite_hotspots","acq_date":"2025-01-08","satellite":"NOAA 20","method":"VIIRS","frp_mw":4.704}},{"type":"Feature","geometry":{"type":"Point","coordinates":[-118.10771,34.200737]},"properties":{"family":"satellite_hotspots","acq_date":"2025-01-08","satellite":"NOAA 20","method":"VIIRS","frp_mw":1.969}},{"type":"Feature","geometry":{"type":"Point","coordinates":[-118.10319,34.199932]},"properties":{"family":"satellite_hotspots","acq_date":"2025-01-08","satellite":"NOAA 20","method":"VIIRS","frp_mw":1.969}},{"type":"Feature","geometry":{"type":"Point","coordinates":[-118.09882,34.199154]},"properties":{"family":"satellite_hotspots","acq_date":"2025-01-08","satellite":"NOAA 20","method":"VIIRS","frp_mw":4.662}},{"type":"Feature","geometry":{"type":"Point","coordinates":[-118.09452,34.198387]},"properties":{"family":"satellite_hotspots","acq_date":"2025-01-08","satellite":"NOAA 20","method":"VIIRS","frp_mw":4.662}},{"type":"Feature","geometry":{"type":"Point","coordinates":[-118.09026,34.197632]},"properties":{"family":"satellite_hotspots","acq_date":"2025-01-08","satellite":"NOAA 20","method":"VIIRS","frp_mw":21.759}},{"type":"Feature","geometry":{"type":"Point","coordinates":[-118.08604,34.196884]},"properties":{"family":"satellite_hotspots","acq_date":"2025-01-08","satellite":"NOAA 20","method":"VIIRS","frp_mw":21.759}},{"type":"Feature","geometry":{"type":"Point","coordinates":[-118.08181,34.196133]},"properties":{"family":"satellite_hotspots","acq_date":"2025-01-08","satellite":"NOAA 20","method":"VIIRS","frp_mw":32.286}},{"type":"Feature","geometry":{"type":"Point","coordinates":[-118.07747,34.195354]},"properties":{"family":"satellite_hotspots","acq_date":"2025-01-08","satellite":"NOAA 20","method":"VIIRS","frp_mw":32.286}},{"type":"Feature","geometry":{"type":"Point","coordinates":[-118.07296,34.194553]},"properties":{"family":"satellite_hotspots","acq_date":"2025-01-08","satellite":"NOAA 20","method":"VIIRS","frp_mw":14.597}},{"type":"Feature","geometry":{"type":"Point","coordinates":[-118.06857,34.193771]},"properties":{"family":"satellite_hotspots","acq_date":"2025-01-08","satellite":"NOAA 20","method":"VIIRS","frp_mw":14.597}},{"type":"Feature","geometry":{"type":"Point","coordinates":[-118.06427,34.193005]},"properties":{"family":"satellite_hotspots","acq_date":"2025-01-08","satellite":"NOAA 20","method":"VIIRS","frp_mw":12.698}},{"type":"Feature","geometry":{"type":"Point","coordinates":[-118.05979,34.192204]},"properties":{"family":"satellite_hotspots","acq_date":"2025-01-08","satellite":"NOAA 20","method":"VIIRS","frp_mw":12.698}},{"type":"Feature","geometry":{"type":"Point","coordinates":[-118.05523,34.191383]},"properties":{"family":"satellite_hotspots","acq_date":"2025-01-08","satellite":"NOAA 20","method":"VIIRS","frp_mw":3.486}},{"type":"Feature","geometry":{"type":"Point","coordinates":[-118.0506,34.190556]},"properties":{"family":"satellite_hotspots","acq_date":"2025-01-08","satellite":"NOAA 20","method":"VIIRS","frp_mw":3.486}},{"type":"Feature","geometry":{"type":"Point","coordinates":[-118.10374,34.196487]},"properties":{"family":"satellite_hotspots","acq_date":"2025-01-08","satellite":"NOAA 20","method":"VIIRS","frp_mw":10.276}},{"type":"Feature","geometry":{"type":"Point","coordinates":[-118.09094,34.19421]},"properties":{"family":"satellite_hotspots","acq_date":"2025-01-08","satellite":"NOAA 20","method":"VIIRS","frp_mw":2.509}},{"type":"Feature","geometry":{"type":"Point","coordinates":[-118.08663,34.193443]},"properties":{"family":"satellite_hotspots","acq_date":"2025-01-08","satellite":"NOAA 20","method":"VIIRS","frp_mw":2.509}},{"type":"Feature","geometry":{"type":"Point","coordinates":[-118.07797,34.191898]},"properties":{"family":"satellite_hotspots","acq_date":"2025-01-08","satellite":"NOAA 20","method":"VIIRS","frp_mw":5.631}},{"type":"Feature","geometry":{"type":"Point","coordinates":[-118.07353,34.191113]},"properties":{"family":"satellite_hotspots","acq_date":"2025-01-08","satellite":"NOAA 20","method":"VIIRS","frp_mw":5.171}},{"type":"Feature","geometry":{"type":"Point","coordinates":[-118.06916,34.190331]},"properties":{"family":"satellite_hotspots","acq_date":"2025-01-08","satellite":"NOAA 20","method":"VIIRS","frp_mw":5.171}},{"type":"Feature","geometry":{"type":"Point","coordinates":[-118.06485,34.18956]},"properties":{"family":"satellite_hotspots","acq_date":"2025-01-08","satellite":"NOAA 20","method":"VIIRS","frp_mw":2.638}},{"type":"Feature","geometry":{"type":"Point","coordinates":[-118.06045,34.188774]},"properties":{"family":"satellite_hotspots","acq_date":"2025-01-08","satellite":"NOAA 20","method":"VIIRS","frp_mw":2.638}},{"type":"Feature","geometry":{"type":"Point","coordinates":[-118.05598,34.187977]},"properties":{"family":"satellite_hotspots","acq_date":"2025-01-08","satellite":"NOAA 20","method":"VIIRS","frp_mw":16.585}},{"type":"Feature","geometry":{"type":"Point","coordinates":[-118.05134,34.187138]},"properties":{"family":"satellite_hotspots","acq_date":"2025-01-08","satellite":"NOAA 20","method":"VIIRS","frp_mw":16.585}},{"type":"Feature","geometry":{"type":"Point","coordinates":[-118.06973,34.186878]},"properties":{"family":"satellite_hotspots","acq_date":"2025-01-08","satellite":"NOAA 20","method":"VIIRS","frp_mw":5.171}},{"type":"Feature","geometry":{"type":"Point","coordinates":[-118.06537,34.186104]},"properties":{"family":"satellite_hotspots","acq_date":"2025-01-08","satellite":"NOAA 20","method":"VIIRS","frp_mw":2.638}},{"type":"Feature","geometry":{"type":"Point","coordinates":[-118.06095,34.185314]},"properties":{"family":"satellite_hotspots","acq_date":"2025-01-08","satellite":"NOAA 20","method":"VIIRS","frp_mw":2.638}},{"type":"Feature","geometry":{"type":"Point","coordinates":[-118.05649,34.184521]},"properties":{"family":"satellite_hotspots","acq_date":"2025-01-08","satellite":"NOAA 20","method":"VIIRS","frp_mw":16.585}},{"type":"Feature","geometry":{"type":"Point","coordinates":[-118.05191,34.183693]},"properties":{"family":"satellite_hotspots","acq_date":"2025-01-08","satellite":"NOAA 20","method":"VIIRS","frp_mw":16.585}},{"type":"Feature","geometry":{"type":"Point","coordinates":[-118.04716,34.182838]},"properties":{"family":"satellite_hotspots","acq_date":"2025-01-08","satellite":"NOAA 20","method":"VIIRS","frp_mw":4.892}},{"type":"Feature","geometry":{"type":"Point","coordinates":[-118.07026,34.183426]},"properties":{"family":"satellite_hotspots","acq_date":"2025-01-08","satellite":"NOAA 20","method":"VIIRS","frp_mw":1.172}},{"type":"Feature","geometry":{"type":"Point","coordinates":[-118.06577,34.182625]},"properties":{"family":"satellite_hotspots","acq_date":"2025-01-08","satellite":"NOAA 20","method":"VIIRS","frp_mw":0.88}},{"type":"Feature","geometry":{"type":"Point","coordinates":[-118.06142,34.181847]},"properties":{"family":"satellite_hotspots","acq_date":"2025-01-08","satellite":"NOAA 20","method":"VIIRS","frp_mw":0.88}},{"type":"Feature","geometry":{"type":"Point","coordinates":[-118.05698,34.181049]},"properties":{"family":"satellite_hotspots","acq_date":"2025-01-08","satellite":"NOAA 20","method":"VIIRS","frp_mw":3.733}},{"type":"Feature","geometry":{"type":"Point","coordinates":[-118.05239,34.180225]},"properties":{"family":"satellite_hotspots","acq_date":"2025-01-08","satellite":"NOAA 20","method":"VIIRS","frp_mw":3.733}},{"type":"Feature","geometry":{"type":"Point","coordinates":[-118.07092,34.217915]},"properties":{"family":"satellite_hotspots","acq_date":"2025-01-08","satellite":"NOAA 21","method":"VIIRS","frp_mw":1.872}},{"type":"Feature","geometry":{"type":"Point","coordinates":[-118.10472,34.220825]},"properties":{"family":"satellite_hotspots","acq_date":"2025-01-08","satellite":"NOAA 21","method":"VIIRS","frp_mw":2.878}},{"type":"Feature","geometry":{"type":"Point","coordinates":[-118.09556,34.218147]},"properties":{"family":"satellite_hotspots","acq_date":"2025-01-08","satellite":"NOAA 21","method":"VIIRS","frp_mw":4.233}},{"type":"Feature","geometry":{"type":"Point","coordinates":[-118.11606,34.217178]},"properties":{"family":"satellite_hotspots","acq_date":"2025-01-08","satellite":"NOAA 21","method":"VIIRS","frp_mw":50.837}},{"type":"Feature","geometry":{"type":"Point","coordinates":[-118.11017,34.215454]},"properties":{"family":"satellite_hotspots","acq_date":"2025-01-08","satellite":"NOAA 21","method":"VIIRS","frp_mw":84.023}},{"type":"Feature","geometry":{"type":"Point","coordinates":[-118.10476,34.213867]},"properties":{"family":"satellite_hotspots","acq_date":"2025-01-08","satellite":"NOAA 21","method":"VIIRS","frp_mw":84.023}},{"type":"Feature","geometry":{"type":"Point","coordinates":[-118.09647,34.211441]},"properties":{"family":"satellite_hotspots","acq_date":"2025-01-08","satellite":"NOAA 21","method":"VIIRS","frp_mw":33.416}},{"type":"Feature","geometry":{"type":"Point","coordinates":[-118.08673,34.208595]},"properties":{"family":"satellite_hotspots","acq_date":"2025-01-08","satellite":"NOAA 21","method":"VIIRS","frp_mw":33.416}},{"type":"Feature","geometry":{"type":"Point","coordinates":[-118.08125,34.206985]},"properties":{"family":"satellite_hotspots","acq_date":"2025-01-08","satellite":"NOAA 21","method":"VIIRS","frp_mw":160.266}},{"type":"Feature","geometry":{"type":"Point","coordinates":[-118.07674,34.205662]},"properties":{"family":"satellite_hotspots","acq_date":"2025-01-08","satellite":"NOAA 21","method":"VIIRS","frp_mw":160.266}},{"type":"Feature","geometry":{"type":"Point","coordinates":[-118.07225,34.204342]},"properties":{"family":"satellite_hotspots","acq_date":"2025-01-08","satellite":"NOAA 21","method":"VIIRS","frp_mw":154.264}},{"type":"Feature","geometry":{"type":"Point","coordinates":[-118.06713,34.202831]},"properties":{"family":"satellite_hotspots","acq_date":"2025-01-08","satellite":"NOAA 21","method":"VIIRS","frp_mw":154.264}},{"type":"Feature","geometry":{"type":"Point","coordinates":[-118.13567,34.215977]},"properties":{"family":"satellite_hotspots","acq_date":"2025-01-08","satellite":"NOAA 21","method":"VIIRS","frp_mw":34.189}},{"type":"Feature","geometry":{"type":"Point","coordinates":[-118.13065,34.214504]},"properties":{"family":"satellite_hotspots","acq_date":"2025-01-08","satellite":"NOAA 21","method":"VIIRS","frp_mw":134.765}},{"type":"Feature","geometry":{"type":"Point","coordinates":[-118.12535,34.212948]},"properties":{"family":"satellite_hotspots","acq_date":"2025-01-08","satellite":"NOAA 21","method":"VIIRS","frp_mw":134.765}},{"type":"Feature","geometry":{"type":"Point","coordinates":[-118.11953,34.211235]},"properties":{"family":"satellite_hotspots","acq_date":"2025-01-08","satellite":"NOAA 21","method":"VIIRS","frp_mw":50.837}},{"type":"Feature","geometry":{"type":"Point","coordinates":[-118.11388,34.209576]},"properties":{"family":"satellite_hotspots","acq_date":"2025-01-08","satellite":"NOAA 21","method":"VIIRS","frp_mw":50.837}},{"type":"Feature","geometry":{"type":"Point","coordinates":[-118.10849,34.207996]},"properties":{"family":"satellite_hotspots","acq_date":"2025-01-08","satellite":"NOAA 21","method":"VIIRS","frp_mw":84.023}},{"type":"Feature","geometry":{"type":"Point","coordinates":[-118.10092,34.20578]},"properties":{"family":"satellite_hotspots","acq_date":"2025-01-08","satellite":"NOAA 21","method":"VIIRS","frp_mw":84.023}},{"type":"Feature","geometry":{"type":"Point","coordinates":[-118.0929,34.203426]},"properties":{"family":"satellite_hotspots","acq_date":"2025-01-08","satellite":"NOAA 21","method":"VIIRS","frp_mw":33.416}},{"type":"Feature","geometry":{"type":"Point","coordinates":[-118.08754,34.201851]},"properties":{"family":"satellite_hotspots","acq_date":"2025-01-08","satellite":"NOAA 21","method":"VIIRS","frp_mw":33.416}},{"type":"Feature","geometry":{"type":"Point","coordinates":[-118.08293,34.200497]},"properties":{"family":"satellite_hotspots","acq_date":"2025-01-08","satellite":"NOAA 21","method":"VIIRS","frp_mw":160.266}},{"type":"Feature","geometry":{"type":"Point","coordinates":[-118.07819,34.1991]},"properties":{"family":"satellite_hotspots","acq_date":"2025-01-08","satellite":"NOAA 21","method":"VIIRS","frp_mw":160.266}},{"type":"Feature","geometry":{"type":"Point","coordinates":[-118.07204,34.197292]},"properties":{"family":"satellite_hotspots","acq_date":"2025-01-08","satellite":"NOAA 21","method":"VIIRS","frp_mw":154.264}},{"type":"Feature","geometry":{"type":"Point","coordinates":[-118.06631,34.19561]},"properties":{"family":"satellite_hotspots","acq_date":"2025-01-08","satellite":"NOAA 21","method":"VIIRS","frp_mw":154.264}},{"type":"Feature","geometry":{"type":"Point","coordinates":[-118.05959,34.193634]},"properties":{"family":"satellite_hotspots","acq_date":"2025-01-08","satellite":"NOAA 21","method":"VIIRS","frp_mw":25.078}},{"type":"Feature","geometry":{"type":"Point","coordinates":[-118.0503,34.19091]},"properties":{"family":"satellite_hotspots","acq_date":"2025-01-08","satellite":"NOAA 21","method":"VIIRS","frp_mw":25.078}},{"type":"Feature","geometry":{"type":"Point","coordinates":[-118.11214,34.202099]},"properties":{"family":"satellite_hotspots","acq_date":"2025-01-08","satellite":"NOAA 21","method":"VIIRS","frp_mw":29.981}},{"type":"Feature","geometry":{"type":"Point","coordinates":[-118.1051,34.200035]},"properties":{"family":"satellite_hotspots","acq_date":"2025-01-08","satellite":"NOAA 21","method":"VIIRS","frp_mw":7.149}},{"type":"Feature","geometry":{"type":"Point","coordinates":[-118.09882,34.198185]},"properties":{"family":"satellite_hotspots","acq_date":"2025-01-08","satellite":"NOAA 21","method":"VIIRS","frp_mw":7.149}},{"type":"Feature","geometry":{"type":"Point","coordinates":[-118.09373,34.196693]},"properties":{"family":"satellite_hotspots","acq_date":"2025-01-08","satellite":"NOAA 21","method":"VIIRS","frp_mw":4.052}},{"type":"Feature","geometry":{"type":"Point","coordinates":[-118.08884,34.195248]},"properties":{"family":"satellite_hotspots","acq_date":"2025-01-08","satellite":"NOAA 21","method":"VIIRS","frp_mw":4.052}},{"type":"Feature","geometry":{"type":"Point","coordinates":[-118.08348,34.193672]},"properties":{"family":"satellite_hotspots","acq_date":"2025-01-08","satellite":"NOAA 21","method":"VIIRS","frp_mw":12.562}},{"type":"Feature","geometry":{"type":"Point","coordinates":[-118.07739,34.191879]},"properties":{"family":"satellite_hotspots","acq_date":"2025-01-08","satellite":"NOAA 21","method":"VIIRS","frp_mw":12.562}},{"type":"Feature","geometry":{"type":"Point","coordinates":[-118.07092,34.189976]},"properties":{"family":"satellite_hotspots","acq_date":"2025-01-08","satellite":"NOAA 21","method":"VIIRS","frp_mw":65.429}},{"type":"Feature","geometry":{"type":"Point","coordinates":[-118.05858,34.186344]},"properties":{"family":"satellite_hotspots","acq_date":"2025-01-08","satellite":"NOAA 21","method":"VIIRS","frp_mw":13.828}},{"type":"Feature","geometry":{"type":"Point","coordinates":[-118.04837,34.183353]},"properties":{"family":"satellite_hotspots","acq_date":"2025-01-08","satellite":"NOAA 21","method":"VIIRS","frp_mw":13.828}},{"type":"Feature","geometry":{"type":"Point","coordinates":[-118.04054,34.181049]},"properties":{"family":"satellite_hotspots","acq_date":"2025-01-08","satellite":"NOAA 21","method":"VIIRS","frp_mw":7.348}},{"type":"Feature","geometry":{"type":"Point","coordinates":[-118.10332,34.192535]},"properties":{"family":"satellite_hotspots","acq_date":"2025-01-08","satellite":"NOAA 21","method":"VIIRS","frp_mw":7.149}},{"type":"Feature","geometry":{"type":"Point","coordinates":[-118.09791,34.190941]},"properties":{"family":"satellite_hotspots","acq_date":"2025-01-08","satellite":"NOAA 21","method":"VIIRS","frp_mw":7.149}},{"type":"Feature","geometry":{"type":"Point","coordinates":[-118.09247,34.189342]},"properties":{"family":"satellite_hotspots","acq_date":"2025-01-08","satellite":"NOAA 21","method":"VIIRS","frp_mw":4.052}},{"type":"Feature","geometry":{"type":"Point","coordinates":[-118.07503,34.1842]},"properties":{"family":"satellite_hotspots","acq_date":"2025-01-08","satellite":"NOAA 21","method":"VIIRS","frp_mw":12.562}},{"type":"Feature","geometry":{"type":"Point","coordinates":[-118.06888,34.182388]},"properties":{"family":"satellite_hotspots","acq_date":"2025-01-08","satellite":"NOAA 21","method":"VIIRS","frp_mw":65.429}},{"type":"Feature","geometry":{"type":"Point","coordinates":[-118.06203,34.180374]},"properties":{"family":"satellite_hotspots","acq_date":"2025-01-08","satellite":"NOAA 21","method":"VIIRS","frp_mw":65.429}},{"type":"Feature","geometry":{"type":"Point","coordinates":[-118.07002,34.217178]},"properties":{"family":"satellite_hotspots","acq_date":"2025-01-08","satellite":"NOAA 21","method":"VIIRS","frp_mw":0.983}},{"type":"Feature","geometry":{"type":"Point","coordinates":[-118.10307,34.219673]},"properties":{"family":"satellite_hotspots","acq_date":"2025-01-08","satellite":"NOAA 21","method":"VIIRS","frp_mw":5.458}},{"type":"Feature","geometry":{"type":"Point","coordinates":[-118.0936,34.21698]},"properties":{"family":"satellite_hotspots","acq_date":"2025-01-08","satellite":"NOAA 21","method":"VIIRS","frp_mw":5.458}},{"type":"Feature","geometry":{"type":"Point","coordinates":[-118.11457,34.216022]},"properties":{"family":"satellite_hotspots","acq_date":"2025-01-08","satellite":"NOAA 21","method":"VIIRS","frp_mw":71.664}},{"type":"Feature","geometry":{"type":"Point","coordinates":[-118.10899,34.21442]},"properties":{"family":"satellite_hotspots","acq_date":"2025-01-08","satellite":"NOAA 21","method":"VIIRS","frp_mw":71.664}},{"type":"Feature","geometry":{"type":"Point","coordinates":[-118.09356,34.210014]},"properties":{"family":"satellite_hotspots","acq_date":"2025-01-08","satellite":"NOAA 21","method":"VIIRS","frp_mw":80.78}},{"type":"Feature","geometry":{"type":"Point","coordinates":[-118.0855,34.207706]},"properties":{"family":"satellite_hotspots","acq_date":"2025-01-08","satellite":"NOAA 21","method":"VIIRS","frp_mw":69.482}},{"type":"Feature","geometry":{"type":"Point","coordinates":[-118.08042,34.206242]},"properties":{"family":"satellite_hotspots","acq_date":"2025-01-08","satellite":"NOAA 21","method":"VIIRS","frp_mw":69.482}},{"type":"Feature","geometry":{"type":"Point","coordinates":[-118.07598,34.204964]},"properties":{"family":"satellite_hotspots","acq_date":"2025-01-08","satellite":"NOAA 21","method":"VIIRS","frp_mw":226.362}},{"type":"Feature","geometry":{"type":"Point","coordinates":[-118.07125,34.203598]},"properties":{"family":"satellite_hotspots","acq_date":"2025-01-08","satellite":"NOAA 21","method":"VIIRS","frp_mw":226.362}},{"type":"Feature","geometry":{"type":"Point","coordinates":[-118.06591,34.202065]},"properties":{"family":"satellite_hotspots","acq_date":"2025-01-08","satellite":"NOAA 21","method":"VIIRS","frp_mw":60.945}},{"type":"Feature","geometry":{"type":"Point","coordinates":[-118.13462,34.214851]},"properties":{"family":"satellite_hotspots","acq_date":"2025-01-08","satellite":"NOAA 21","method":"VIIRS","frp_mw":130.274}},{"type":"Feature","geometry":{"type":"Point","coordinates":[-118.12959,34.213402]},"properties":{"family":"satellite_hotspots","acq_date":"2025-01-08","satellite":"NOAA 21","method":"VIIRS","frp_mw":130.274}},{"type":"Feature","geometry":{"type":"Point","coordinates":[-118.11816,34.210117]},"properties":{"family":"satellite_hotspots","acq_date":"2025-01-08","satellite":"NOAA 21","method":"VIIRS","frp_mw":236.011}},{"type":"Feature","geometry":{"type":"Point","coordinates":[-118.11262,34.208527]},"properties":{"family":"satellite_hotspots","acq_date":"2025-01-08","satellite":"NOAA 21","method":"VIIRS","frp_mw":71.664}},{"type":"Feature","geometry":{"type":"Point","coordinates":[-118.10692,34.20689]},"properties":{"family":"satellite_hotspots","acq_date":"2025-01-08","satellite":"NOAA 21","method":"VIIRS","frp_mw":71.664}},{"type":"Feature","geometry":{"type":"Point","coordinates":[-118.0984,34.204449]},"properties":{"family":"satellite_hotspots","acq_date":"2025-01-08","satellite":"NOAA 21","method":"VIIRS","frp_mw":80.78}},{"type":"Feature","geometry":{"type":"Point","coordinates":[-118.09165,34.202518]},"properties":{"family":"satellite_hotspots","acq_date":"2025-01-08","satellite":"NOAA 21","method":"VIIRS","frp_mw":80.78}},{"type":"Feature","geometry":{"type":"Point","coordinates":[-118.08673,34.201096]},"properties":{"family":"satellite_hotspots","acq_date":"2025-01-08","satellite":"NOAA 21","method":"VIIRS","frp_mw":69.482}},{"type":"Feature","geometry":{"type":"Point","coordinates":[-118.08214,34.199768]},"properties":{"family":"satellite_hotspots","acq_date":"2025-01-08","satellite":"NOAA 21","method":"VIIRS","frp_mw":69.482}},{"type":"Feature","geometry":{"type":"Point","coordinates":[-118.07726,34.198364]},"properties":{"family":"satellite_hotspots","acq_date":"2025-01-08","satellite":"NOAA 21","method":"VIIRS","frp_mw":226.362}},{"type":"Feature","geometry":{"type":"Point","coordinates":[-118.07073,34.196491]},"properties":{"family":"satellite_hotspots","acq_date":"2025-01-08","satellite":"NOAA 21","method":"VIIRS","frp_mw":226.362}},{"type":"Feature","geometry":{"type":"Point","coordinates":[-118.06516,34.194881]},"properties":{"family":"satellite_hotspots","acq_date":"2025-01-08","satellite":"NOAA 21","method":"VIIRS","frp_mw":60.945}},{"type":"Feature","geometry":{"type":"Point","coordinates":[-118.05759,34.192711]},"properties":{"family":"satellite_hotspots","acq_date":"2025-01-08","satellite":"NOAA 21","method":"VIIRS","frp_mw":60.945}},{"type":"Feature","geometry":{"type":"Point","coordinates":[-118.04816,34.19001]},"properties":{"family":"satellite_hotspots","acq_date":"2025-01-08","satellite":"NOAA 21","method":"VIIRS","frp_mw":6.449}},{"type":"Feature","geometry":{"type":"Point","coordinates":[-118.11068,34.201023]},"properties":{"family":"satellite_hotspots","acq_date":"2025-01-08","satellite":"NOAA 21","method":"VIIRS","frp_mw":14.897}},{"type":"Feature","geometry":{"type":"Point","coordinates":[-118.10344,34.198948]},"properties":{"family":"satellite_hotspots","acq_date":"2025-01-08","satellite":"NOAA 21","method":"VIIRS","frp_mw":14.897}},{"type":"Feature","geometry":{"type":"Point","coordinates":[-118.09778,34.197315]},"properties":{"family":"satellite_hotspots","acq_date":"2025-01-08","satellite":"NOAA 21","method":"VIIRS","frp_mw":3.56}},{"type":"Feature","geometry":{"type":"Point","coordinates":[-118.09285,34.195892]},"properties":{"family":"satellite_hotspots","acq_date":"2025-01-08","satellite":"NOAA 21","method":"VIIRS","frp_mw":3.56}},{"type":"Feature","geometry":{"type":"Point","coordinates":[-118.08765,34.194393]},"properties":{"family":"satellite_hotspots","acq_date":"2025-01-08","satellite":"NOAA 21","method":"VIIRS","frp_mw":4.969}},{"type":"Feature","geometry":{"type":"Point","coordinates":[-118.08225,34.192837]},"properties":{"family":"satellite_hotspots","acq_date":"2025-01-08","satellite":"NOAA 21","method":"VIIRS","frp_mw":4.969}},{"type":"Feature","geometry":{"type":"Point","coordinates":[-118.07588,34.191006]},"properties":{"family":"satellite_hotspots","acq_date":"2025-01-08","satellite":"NOAA 21","method":"VIIRS","frp_mw":59.579}},{"type":"Feature","geometry":{"type":"Point","coordinates":[-118.06969,34.189224]},"properties":{"family":"satellite_hotspots","acq_date":"2025-01-08","satellite":"NOAA 21","method":"VIIRS","frp_mw":59.579}},{"type":"Feature","geometry":{"type":"Point","coordinates":[-118.05713,34.185604]},"properties":{"family":"satellite_hotspots","acq_date":"2025-01-08","satellite":"NOAA 21","method":"VIIRS","frp_mw":48.02}},{"type":"Feature","geometry":{"type":"Point","coordinates":[-118.04616,34.182468]},"properties":{"family":"satellite_hotspots","acq_date":"2025-01-08","satellite":"NOAA 21","method":"VIIRS","frp_mw":4.911}},{"type":"Feature","geometry":{"type":"Point","coordinates":[-118.03904,34.18042]},"properties":{"family":"satellite_hotspots","acq_date":"2025-01-08","satellite":"NOAA 21","method":"VIIRS","frp_mw":4.911}},{"type":"Feature","geometry":{"type":"Point","coordinates":[-118.09676,34.190067]},"properties":{"family":"satellite_hotspots","acq_date":"2025-01-08","satellite":"NOAA 21","method":"VIIRS","frp_mw":3.56}},{"type":"Feature","geometry":{"type":"Point","coordinates":[-118.09128,34.188492]},"properties":{"family":"satellite_hotspots","acq_date":"2025-01-08","satellite":"NOAA 21","method":"VIIRS","frp_mw":3.56}},{"type":"Feature","geometry":{"type":"Point","coordinates":[-118.117,34.175751]},"properties":{"family":"satellite_hotspots","acq_date":"2025-01-08","satellite":"GOES-WEST","method":"ANALYSIS","frp_mw":-999.0}},{"type":"Feature","geometry":{"type":"Point","coordinates":[-118.1195,34.180751]},"properties":{"family":"satellite_hotspots","acq_date":"2025-01-08","satellite":"GOES-WEST","method":"ANALYSIS","frp_mw":-999.0}},{"type":"Feature","geometry":{"type":"Point","coordinates":[-118.13575,34.192001]},"properties":{"family":"satellite_hotspots","acq_date":"2025-01-08","satellite":"GOES-WEST","method":"ANALYSIS","frp_mw":-999.0}},{"type":"Feature","geometry":{"type":"Point","coordinates":[-118.13325,34.178251]},"properties":{"family":"satellite_hotspots","acq_date":"2025-01-08","satellite":"GOES-WEST","method":"ANALYSIS","frp_mw":-999.0}},{"type":"Feature","geometry":{"type":"Point","coordinates":[-118.13075,34.188251]},"properties":{"family":"satellite_hotspots","acq_date":"2025-01-08","satellite":"GOES-WEST","method":"ANALYSIS","frp_mw":-999.0}},{"type":"Feature","geometry":{"type":"Point","coordinates":[-118.13075,34.190751]},"properties":{"family":"satellite_hotspots","acq_date":"2025-01-08","satellite":"GOES-WEST","method":"ANALYSIS","frp_mw":-999.0}},{"type":"Feature","geometry":{"type":"Point","coordinates":[-118.13075,34.193251]},"properties":{"family":"satellite_hotspots","acq_date":"2025-01-08","satellite":"GOES-WEST","method":"ANALYSIS","frp_mw":-999.0}},{"type":"Feature","geometry":{"type":"Point","coordinates":[-118.13075,34.200751]},"properties":{"family":"satellite_hotspots","acq_date":"2025-01-08","satellite":"GOES-WEST","method":"ANALYSIS","frp_mw":-999.0}},{"type":"Feature","geometry":{"type":"Point","coordinates":[-118.137,34.202001]},"properties":{"family":"satellite_hotspots","acq_date":"2025-01-08","satellite":"GOES-WEST","method":"ANALYSIS","frp_mw":-999.0}},{"type":"Feature","geometry":{"type":"Point","coordinates":[-118.1245,34.184501]},"properties":{"family":"satellite_hotspots","acq_date":"2025-01-08","satellite":"GOES-WEST","method":"ANALYSIS","frp_mw":-999.0}},{"type":"Feature","geometry":{"type":"Point","coordinates":[-118.13075,34.184501]},"properties":{"family":"satellite_hotspots","acq_date":"2025-01-08","satellite":"GOES-WEST","method":"ANALYSIS","frp_mw":-999.0}},{"type":"Feature","geometry":{"type":"Point","coordinates":[-118.132,34.188251]},"properties":{"family":"satellite_hotspots","acq_date":"2025-01-08","satellite":"GOES-WEST","method":"ANALYSIS","frp_mw":-999.0}},{"type":"Feature","geometry":{"type":"Point","coordinates":[-118.137,34.200751]},"properties":{"family":"satellite_hotspots","acq_date":"2025-01-08","satellite":"GOES-WEST","method":"ANALYSIS","frp_mw":-999.0}},{"type":"Feature","geometry":{"type":"Point","coordinates":[-118.137,34.207001]},"properties":{"family":"satellite_hotspots","acq_date":"2025-01-08","satellite":"GOES-WEST","method":"ANALYSIS","frp_mw":-999.0}},{"type":"Feature","geometry":{"type":"Point","coordinates":[-118.13825,34.212001]},"properties":{"family":"satellite_hotspots","acq_date":"2025-01-08","satellite":"GOES-WEST","method":"ANALYSIS","frp_mw":-999.0}},{"type":"Feature","geometry":{"type":"Point","coordinates":[-118.13825,34.200751]},"properties":{"family":"satellite_hotspots","acq_date":"2025-01-08","satellite":"GOES-WEST","method":"ANALYSIS","frp_mw":-999.0}},{"type":"Feature","geometry":{"type":"Point","coordinates":[-118.137,34.195751]},"properties":{"family":"satellite_hotspots","acq_date":"2025-01-08","satellite":"GOES-WEST","method":"ANALYSIS","frp_mw":-999.0}},{"type":"Feature","geometry":{"type":"Point","coordinates":[-118.1345,34.189501]},"properties":{"family":"satellite_hotspots","acq_date":"2025-01-08","satellite":"GOES-WEST","method":"ANALYSIS","frp_mw":-999.0}},{"type":"Feature","geometry":{"type":"Point","coordinates":[-118.13575,34.184501]},"properties":{"family":"satellite_hotspots","acq_date":"2025-01-08","satellite":"GOES-WEST","method":"ANALYSIS","frp_mw":-999.0}},{"type":"Feature","geometry":{"type":"Point","coordinates":[-118.13825,34.193251]},"properties":{"family":"satellite_hotspots","acq_date":"2025-01-08","satellite":"GOES-WEST","method":"ANALYSIS","frp_mw":-999.0}},{"type":"Feature","geometry":{"type":"Point","coordinates":[-118.137,34.199501]},"properties":{"family":"satellite_hotspots","acq_date":"2025-01-08","satellite":"GOES-WEST","method":"ANALYSIS","frp_mw":-999.0}},{"type":"Feature","geometry":{"type":"Point","coordinates":[-118.13325,34.205751]},"properties":{"family":"satellite_hotspots","acq_date":"2025-01-08","satellite":"GOES-WEST","method":"ANALYSIS","frp_mw":-999.0}},{"type":"Feature","geometry":{"type":"Point","coordinates":[-118.127,34.210751]},"properties":{"family":"satellite_hotspots","acq_date":"2025-01-08","satellite":"GOES-WEST","method":"ANALYSIS","frp_mw":-999.0}},{"type":"Feature","geometry":{"type":"Point","coordinates":[-118.13325,34.202001]},"properties":{"family":"satellite_hotspots","acq_date":"2025-01-08","satellite":"GOES-WEST","method":"ANALYSIS","frp_mw":-999.0}},{"type":"Feature","geometry":{"type":"Point","coordinates":[-118.1395,34.198251]},"properties":{"family":"satellite_hotspots","acq_date":"2025-01-08","satellite":"GOES-WEST","method":"ANALYSIS","frp_mw":-999.0}},{"type":"Feature","geometry":{"type":"Point","coordinates":[-118.142,34.199501]},"properties":{"family":"satellite_hotspots","acq_date":"2025-01-08","satellite":"GOES-WEST","method":"ANALYSIS","frp_mw":-999.0}},{"type":"Feature","geometry":{"type":"Point","coordinates":[-118.1445,34.199501]},"properties":{"family":"satellite_hotspots","acq_date":"2025-01-08","satellite":"GOES-WEST","method":"ANALYSIS","frp_mw":-999.0}},{"type":"Feature","geometry":{"type":"Point","coordinates":[-118.14325,34.200751]},"properties":{"family":"satellite_hotspots","acq_date":"2025-01-08","satellite":"GOES-WEST","method":"ANALYSIS","frp_mw":-999.0}},{"type":"Feature","geometry":{"type":"Point","coordinates":[-118.08205,34.237522]},"properties":{"family":"satellite_hotspots","acq_date":"2025-01-08","satellite":"GOES-EAST","method":"FDC","frp_mw":243.634}},{"type":"Feature","geometry":{"type":"Point","coordinates":[-118.02101,34.177956]},"properties":{"family":"satellite_hotspots","acq_date":"2025-01-08","satellite":"NOAA 21","method":"VIIRS","frp_mw":33.4}},{"type":"Feature","geometry":{"type":"Point","coordinates":[-118.02619,34.176777]},"properties":{"family":"satellite_hotspots","acq_date":"2025-01-08","satellite":"NOAA 21","method":"VIIRS","frp_mw":33.4}},{"type":"Feature","geometry":{"type":"Point","coordinates":[-118.03149,34.175579]},"properties":{"family":"satellite_hotspots","acq_date":"2025-01-08","satellite":"NOAA 21","method":"VIIRS","frp_mw":11.924}},{"type":"Feature","geometry":{"type":"Point","coordinates":[-118.02123,34.182697]},"properties":{"family":"satellite_hotspots","acq_date":"2025-01-08","satellite":"NOAA 21","method":"VIIRS","frp_mw":33.4}},{"type":"Feature","geometry":{"type":"Point","coordinates":[-118.02621,34.181561]},"properties":{"family":"satellite_hotspots","acq_date":"2025-01-08","satellite":"NOAA 21","method":"VIIRS","frp_mw":33.4}},{"type":"Feature","geometry":{"type":"Point","coordinates":[-118.0262,34.186359]},"properties":{"family":"satellite_hotspots","acq_date":"2025-01-08","satellite":"NOAA 21","method":"VIIRS","frp_mw":148.926}},{"type":"Feature","geometry":{"type":"Point","coordinates":[-118.03088,34.185303]},"properties":{"family":"satellite_hotspots","acq_date":"2025-01-08","satellite":"NOAA 21","method":"VIIRS","frp_mw":184.991}},{"type":"Feature","geometry":{"type":"Point","coordinates":[-118.03108,34.190044]},"properties":{"family":"satellite_hotspots","acq_date":"2025-01-08","satellite":"NOAA 21","method":"VIIRS","frp_mw":184.991}},{"type":"Feature","geometry":{"type":"Point","coordinates":[-118.04845,34.190895]},"properties":{"family":"satellite_hotspots","acq_date":"2025-01-08","satellite":"NOAA 21","method":"VIIRS","frp_mw":10.574}},{"type":"Feature","geometry":{"type":"Point","coordinates":[-118.05351,34.189751]},"properties":{"family":"satellite_hotspots","acq_date":"2025-01-08","satellite":"NOAA 21","method":"VIIRS","frp_mw":15.386}},{"type":"Feature","geometry":{"type":"Point","coordinates":[-118.05903,34.188503]},"properties":{"family":"satellite_hotspots","acq_date":"2025-01-08","satellite":"NOAA 21","method":"VIIRS","frp_mw":15.386}},{"type":"Feature","geometry":{"type":"Point","coordinates":[-118.04313,34.196892]},"properties":{"family":"satellite_hotspots","acq_date":"2025-01-08","satellite":"NOAA 21","method":"VIIRS","frp_mw":10.574}},{"type":"Feature","geometry":{"type":"Point","coordinates":[-118.04908,34.195545]},"properties":{"family":"satellite_hotspots","acq_date":"2025-01-08","satellite":"NOAA 21","method":"VIIRS","frp_mw":10.574}},{"type":"Feature","geometry":{"type":"Point","coordinates":[-118.05434,34.194351]},"properties":{"family":"satellite_hotspots","acq_date":"2025-01-08","satellite":"NOAA 21","method":"VIIRS","frp_mw":15.386}},{"type":"Feature","geometry":{"type":"Point","coordinates":[-118.05946,34.193195]},"properties":{"family":"satellite_hotspots","acq_date":"2025-01-08","satellite":"NOAA 21","method":"VIIRS","frp_mw":15.386}},{"type":"Feature","geometry":{"type":"Point","coordinates":[-118.04366,34.201557]},"properties":{"family":"satellite_hotspots","acq_date":"2025-01-08","satellite":"NOAA 21","method":"VIIRS","frp_mw":21.27}},{"type":"Feature","geometry":{"type":"Point","coordinates":[-118.04933,34.200272]},"properties":{"family":"satellite_hotspots","acq_date":"2025-01-08","satellite":"NOAA 21","method":"VIIRS","frp_mw":21.27}},{"type":"Feature","geometry":{"type":"Point","coordinates":[-118.05978,34.197918]},"properties":{"family":"satellite_hotspots","acq_date":"2025-01-08","satellite":"NOAA 21","method":"VIIRS","frp_mw":203.009}},{"type":"Feature","geometry":{"type":"Point","coordinates":[-118.06563,34.196598]},"properties":{"family":"satellite_hotspots","acq_date":"2025-01-08","satellite":"NOAA 21","method":"VIIRS","frp_mw":40.943}},{"type":"Feature","geometry":{"type":"Point","coordinates":[-118.04979,34.20496]},"properties":{"family":"satellite_hotspots","acq_date":"2025-01-08","satellite":"NOAA 21","method":"VIIRS","frp_mw":21.27}},{"type":"Feature","geometry":{"type":"Point","coordinates":[-118.05526,34.203728]},"properties":{"family":"satellite_hotspots","acq_date":"2025-01-08","satellite":"NOAA 21","method":"VIIRS","frp_mw":203.009}},{"type":"Feature","geometry":{"type":"Point","coordinates":[-118.06014,34.202629]},"properties":{"family":"satellite_hotspots","acq_date":"2025-01-08","satellite":"NOAA 21","method":"VIIRS","frp_mw":203.009}},{"type":"Feature","geometry":{"type":"Point","coordinates":[-118.06591,34.201317]},"properties":{"family":"satellite_hotspots","acq_date":"2025-01-08","satellite":"NOAA 21","method":"VIIRS","frp_mw":40.943}},{"type":"Feature","geometry":{"type":"Point","coordinates":[-118.07278,34.199772]},"properties":{"family":"satellite_hotspots","acq_date":"2025-01-08","satellite":"NOAA 21","method":"VIIRS","frp_mw":40.943}},{"type":"Feature","geometry":{"type":"Point","coordinates":[-118.06632,34.20602]},"properties":{"family":"satellite_hotspots","acq_date":"2025-01-08","satellite":"NOAA 21","method":"VIIRS","frp_mw":17.659}},{"type":"Feature","geometry":{"type":"Point","coordinates":[-118.07344,34.204414]},"properties":{"family":"satellite_hotspots","acq_date":"2025-01-08","satellite":"NOAA 21","method":"VIIRS","frp_mw":17.659}},{"type":"Feature","geometry":{"type":"Point","coordinates":[-118.08057,34.202805]},"properties":{"family":"satellite_hotspots","acq_date":"2025-01-08","satellite":"NOAA 21","method":"VIIRS","frp_mw":6.451}},{"type":"Feature","geometry":{"type":"Point","coordinates":[-118.05601,34.213131]},"properties":{"family":"satellite_hotspots","acq_date":"2025-01-08","satellite":"NOAA 21","method":"VIIRS","frp_mw":420.468}},{"type":"Feature","geometry":{"type":"Point","coordinates":[-118.08222,34.20723]},"properties":{"family":"satellite_hotspots","acq_date":"2025-01-08","satellite":"NOAA 21","method":"VIIRS","frp_mw":6.451}},{"type":"Feature","geometry":{"type":"Point","coordinates":[-118.08347,34.211742]},"properties":{"family":"satellite_hotspots","acq_date":"2025-01-08","satellite":"NOAA 21","method":"VIIRS","frp_mw":26.881}},{"type":"Feature","geometry":{"type":"Point","coordinates":[-118.08907,34.210484]},"properties":{"family":"satellite_hotspots","acq_date":"2025-01-08","satellite":"NOAA 21","method":"VIIRS","frp_mw":26.881}},{"type":"Feature","geometry":{"type":"Point","coordinates":[-118.09441,34.209282]},"properties":{"family":"satellite_hotspots","acq_date":"2025-01-08","satellite":"NOAA 21","method":"VIIRS","frp_mw":16.522}},{"type":"Feature","geometry":{"type":"Point","coordinates":[-118.14222,34.217751]},"properties":{"family":"satellite_hotspots","acq_date":"2025-01-08","satellite":"NOAA 21","method":"VIIRS","frp_mw":27.318}},{"type":"Feature","geometry":{"type":"Point","coordinates":[-118.09708,34.214043]},"properties":{"family":"satellite_hotspots","acq_date":"2025-01-08","satellite":"NOAA 21","method":"VIIRS","frp_mw":5.328}},{"type":"Feature","geometry":{"type":"Point","coordinates":[-118.1452,34.212486]},"properties":{"family":"satellite_hotspots","acq_date":"2025-01-08","satellite":"NOAA 21","method":"VIIRS","frp_mw":27.125}},{"type":"Feature","geometry":{"type":"Point","coordinates":[-118.14577,34.217175]},"properties":{"family":"satellite_hotspots","acq_date":"2025-01-08","satellite":"NOAA 21","method":"VIIRS","frp_mw":27.125}},{"type":"Feature","geometry":{"type":"Point","coordinates":[-118.15638,34.199273]},"properties":{"family":"satellite_hotspots","acq_date":"2025-01-08","satellite":"NOAA 21","method":"ANALYSIS","frp_mw":-999.0}},{"type":"Feature","geometry":{"type":"Point","coordinates":[-118.15571,34.20095]},"properties":{"family":"satellite_hotspots","acq_date":"2025-01-08","satellite":"NOAA 21","method":"ANALYSIS","frp_mw":-999.0}},{"type":"Feature","geometry":{"type":"Point","coordinates":[-118.15873,34.198602]},"properties":{"family":"satellite_hotspots","acq_date":"2025-01-08","satellite":"NOAA 21","method":"ANALYSIS","frp_mw":-999.0}},{"type":"Feature","geometry":{"type":"Point","coordinates":[-118.14967,34.191387]},"properties":{"family":"satellite_hotspots","acq_date":"2025-01-08","satellite":"NOAA 21","method":"ANALYSIS","frp_mw":-999.0}},{"type":"Feature","geometry":{"type":"Point","coordinates":[-118.14665,34.191387]},"properties":{"family":"satellite_hotspots","acq_date":"2025-01-08","satellite":"NOAA 21","method":"ANALYSIS","frp_mw":-999.0}},{"type":"Feature","geometry":{"type":"Point","coordinates":[-118.14145,34.191555]},"properties":{"family":"satellite_hotspots","acq_date":"2025-01-08","satellite":"NOAA 21","method":"ANALYSIS","frp_mw":-999.0}},{"type":"Feature","geometry":{"type":"Point","coordinates":[-118.14145,34.194575]},"properties":{"family":"satellite_hotspots","acq_date":"2025-01-08","satellite":"NOAA 21","method":"ANALYSIS","frp_mw":-999.0}},{"type":"Feature","geometry":{"type":"Point","coordinates":[-118.14312,34.194743]},"properties":{"family":"satellite_hotspots","acq_date":"2025-01-08","satellite":"NOAA 21","method":"ANALYSIS","frp_mw":-999.0}},{"type":"Feature","geometry":{"type":"Point","coordinates":[-118.14195,34.189542]},"properties":{"family":"satellite_hotspots","acq_date":"2025-01-08","satellite":"NOAA 21","method":"ANALYSIS","frp_mw":-999.0}},{"type":"Feature","geometry":{"type":"Point","coordinates":[-118.14312,34.189374]},"properties":{"family":"satellite_hotspots","acq_date":"2025-01-08","satellite":"NOAA 21","method":"ANALYSIS","frp_mw":-999.0}},{"type":"Feature","geometry":{"type":"Point","coordinates":[-118.14749,34.187529]},"properties":{"family":"satellite_hotspots","acq_date":"2025-01-08","satellite":"NOAA 21","method":"ANALYSIS","frp_mw":-999.0}},{"type":"Feature","geometry":{"type":"Point","coordinates":[-118.15101,34.188535]},"properties":{"family":"satellite_hotspots","acq_date":"2025-01-08","satellite":"NOAA 21","method":"ANALYSIS","frp_mw":-999.0}},{"type":"Feature","geometry":{"type":"Point","coordinates":[-118.12769,34.183334]},"properties":{"family":"satellite_hotspots","acq_date":"2025-01-08","satellite":"NOAA 21","method":"ANALYSIS","frp_mw":-999.0}},{"type":"Feature","geometry":{"type":"Point","coordinates":[-118.12802,34.186522]},"properties":{"family":"satellite_hotspots","acq_date":"2025-01-08","satellite":"NOAA 21","method":"ANALYSIS","frp_mw":-999.0}},{"type":"Feature","geometry":{"type":"Point","coordinates":[-118.12417,34.188032]},"properties":{"family":"satellite_hotspots","acq_date":"2025-01-08","satellite":"NOAA 21","method":"ANALYSIS","frp_mw":-999.0}},{"type":"Feature","geometry":{"type":"Point","coordinates":[-118.12719,34.193904]},"properties":{"family":"satellite_hotspots","acq_date":"2025-01-08","satellite":"NOAA 21","method":"ANALYSIS","frp_mw":-999.0}},{"type":"Feature","geometry":{"type":"Point","coordinates":[-118.12668,34.196588]},"properties":{"family":"satellite_hotspots","acq_date":"2025-01-08","satellite":"NOAA 21","method":"ANALYSIS","frp_mw":-999.0}},{"type":"Feature","geometry":{"type":"Point","coordinates":[-118.13826,34.202628]},"properties":{"family":"satellite_hotspots","acq_date":"2025-01-08","satellite":"NOAA 21","method":"ANALYSIS","frp_mw":-999.0}},{"type":"Feature","geometry":{"type":"Point","coordinates":[-118.14178,34.203635]},"properties":{"family":"satellite_hotspots","acq_date":"2025-01-08","satellite":"NOAA 21","method":"ANALYSIS","frp_mw":-999.0}},{"type":"Feature","geometry":{"type":"Point","coordinates":[-118.14178,34.205313]},"properties":{"family":"satellite_hotspots","acq_date":"2025-01-08","satellite":"NOAA 21","method":"ANALYSIS","frp_mw":-999.0}},{"type":"Feature","geometry":{"type":"Point","coordinates":[-118.1391,34.205145]},"properties":{"family":"satellite_hotspots","acq_date":"2025-01-08","satellite":"NOAA 21","method":"ANALYSIS","frp_mw":-999.0}},{"type":"Feature","geometry":{"type":"Point","coordinates":[-118.00417,34.18277]},"properties":{"family":"satellite_hotspots","acq_date":"2025-01-08","satellite":"GOES-EAST","method":"FDC","frp_mw":294.393}},{"type":"Feature","geometry":{"type":"Point","coordinates":[-118.02408,34.208717]},"properties":{"family":"satellite_hotspots","acq_date":"2025-01-08","satellite":"GOES-EAST","method":"FDC","frp_mw":241.145}},{"type":"Feature","geometry":{"type":"Point","coordinates":[-118.02994,34.173603]},"properties":{"family":"satellite_hotspots","acq_date":"2025-01-08","satellite":"SUOMI NPP","method":"VIIRS","frp_mw":4.141}},{"type":"Feature","geometry":{"type":"Point","coordinates":[-118.02195,34.178448]},"properties":{"family":"satellite_hotspots","acq_date":"2025-01-08","satellite":"SUOMI NPP","method":"VIIRS","frp_mw":36.249}},{"type":"Feature","geometry":{"type":"Point","coordinates":[-118.02615,34.177738]},"properties":{"family":"satellite_hotspots","acq_date":"2025-01-08","satellite":"SUOMI NPP","method":"VIIRS","frp_mw":36.249}},{"type":"Feature","geometry":{"type":"Point","coordinates":[-118.02257,34.181839]},"properties":{"family":"satellite_hotspots","acq_date":"2025-01-08","satellite":"SUOMI NPP","method":"VIIRS","frp_mw":36.249}},{"type":"Feature","geometry":{"type":"Point","coordinates":[-118.02671,34.181137]},"properties":{"family":"satellite_hotspots","acq_date":"2025-01-08","satellite":"SUOMI NPP","method":"VIIRS","frp_mw":36.249}},{"type":"Feature","geometry":{"type":"Point","coordinates":[-118.04653,34.191776]},"properties":{"family":"satellite_hotspots","acq_date":"2025-01-08","satellite":"SUOMI NPP","method":"VIIRS","frp_mw":4.355}},{"type":"Feature","geometry":{"type":"Point","coordinates":[-118.0508,34.191051]},"properties":{"family":"satellite_hotspots","acq_date":"2025-01-08","satellite":"SUOMI NPP","method":"VIIRS","frp_mw":5.022}},{"type":"Feature","geometry":{"type":"Point","coordinates":[-118.05505,34.190334]},"properties":{"family":"satellite_hotspots","acq_date":"2025-01-08","satellite":"SUOMI NPP","method":"VIIRS","frp_mw":5.022}},{"type":"Feature","geometry":{"type":"Point","coordinates":[-118.04718,34.195156]},"properties":{"family":"satellite_hotspots","acq_date":"2025-01-08","satellite":"SUOMI NPP","method":"VIIRS","frp_mw":6.294}},{"type":"Feature","geometry":{"type":"Point","coordinates":[-118.0515,34.194431]},"properties":{"family":"satellite_hotspots","acq_date":"2025-01-08","satellite":"SUOMI NPP","method":"VIIRS","frp_mw":20.453}},{"type":"Feature","geometry":{"type":"Point","coordinates":[-118.05579,34.19371]},"properties":{"family":"satellite_hotspots","acq_date":"2025-01-08","satellite":"SUOMI NPP","method":"VIIRS","frp_mw":20.453}},{"type":"Feature","geometry":{"type":"Point","coordinates":[-118.04781,34.198544]},"properties":{"family":"satellite_hotspots","acq_date":"2025-01-08","satellite":"SUOMI NPP","method":"VIIRS","frp_mw":6.294}},{"type":"Feature","geometry":{"type":"Point","coordinates":[-118.05218,34.197811]},"properties":{"family":"satellite_hotspots","acq_date":"2025-01-08","satellite":"SUOMI NPP","method":"VIIRS","frp_mw":20.453}},{"type":"Feature","geometry":{"type":"Point","coordinates":[-118.05644,34.19709]},"properties":{"family":"satellite_hotspots","acq_date":"2025-01-08","satellite":"SUOMI NPP","method":"VIIRS","frp_mw":20.453}},{"type":"Feature","geometry":{"type":"Point","coordinates":[-118.06069,34.196373]},"properties":{"family":"satellite_hotspots","acq_date":"2025-01-08","satellite":"SUOMI NPP","method":"VIIRS","frp_mw":14.253}},{"type":"Feature","geometry":{"type":"Point","coordinates":[-118.06512,34.195629]},"properties":{"family":"satellite_hotspots","acq_date":"2025-01-08","satellite":"SUOMI NPP","method":"VIIRS","frp_mw":14.253}},{"type":"Feature","geometry":{"type":"Point","coordinates":[-118.04694,34.199062]},"properties":{"family":"satellite_hotspots","acq_date":"2025-01-08","satellite":"SUOMI NPP","method":"VIIRS","frp_mw":6.631}},{"type":"Feature","geometry":{"type":"Point","coordinates":[-118.05132,34.198311]},"properties":{"family":"satellite_hotspots","acq_date":"2025-01-08","satellite":"SUOMI NPP","method":"VIIRS","frp_mw":38.084}},{"type":"Feature","geometry":{"type":"Point","coordinates":[-118.05561,34.197578]},"properties":{"family":"satellite_hotspots","acq_date":"2025-01-08","satellite":"SUOMI NPP","method":"VIIRS","frp_mw":38.084}},{"type":"Feature","geometry":{"type":"Point","coordinates":[-118.05984,34.196857]},"properties":{"family":"satellite_hotspots","acq_date":"2025-01-08","satellite":"SUOMI NPP","method":"VIIRS","frp_mw":27.446}},{"type":"Feature","geometry":{"type":"Point","coordinates":[-118.0642,34.19611]},"properties":{"family":"satellite_hotspots","acq_date":"2025-01-08","satellite":"SUOMI NPP","method":"VIIRS","frp_mw":27.446}},{"type":"Feature","geometry":{"type":"Point","coordinates":[-118.04757,34.202457]},"properties":{"family":"satellite_hotspots","acq_date":"2025-01-08","satellite":"SUOMI NPP","method":"VIIRS","frp_mw":6.631}},{"type":"Feature","geometry":{"type":"Point","coordinates":[-118.05195,34.201706]},"properties":{"family":"satellite_hotspots","acq_date":"2025-01-08","satellite":"SUOMI NPP","method":"VIIRS","frp_mw":38.084}},{"type":"Feature","geometry":{"type":"Point","coordinates":[-118.05624,34.200977]},"properties":{"family":"satellite_hotspots","acq_date":"2025-01-08","satellite":"SUOMI NPP","method":"VIIRS","frp_mw":38.084}},{"type":"Feature","geometry":{"type":"Point","coordinates":[-118.06045,34.20026]},"properties":{"family":"satellite_hotspots","acq_date":"2025-01-08","satellite":"SUOMI NPP","method":"VIIRS","frp_mw":27.446}},{"type":"Feature","geometry":{"type":"Point","coordinates":[-118.06486,34.199505]},"properties":{"family":"satellite_hotspots","acq_date":"2025-01-08","satellite":"SUOMI NPP","method":"VIIRS","frp_mw":27.446}},{"type":"Feature","geometry":{"type":"Point","coordinates":[-118.0526,34.205097]},"properties":{"family":"satellite_hotspots","acq_date":"2025-01-08","satellite":"SUOMI NPP","method":"VIIRS","frp_mw":102.809}},{"type":"Feature","geometry":{"type":"Point","coordinates":[-118.05688,34.204372]},"properties":{"family":"satellite_hotspots","acq_date":"2025-01-08","satellite":"SUOMI NPP","method":"VIIRS","frp_mw":102.809}},{"type":"Feature","geometry":{"type":"Point","coordinates":[-118.06109,34.203655]},"properties":{"family":"satellite_hotspots","acq_date":"2025-01-08","satellite":"SUOMI NPP","method":"VIIRS","frp_mw":21.219}},{"type":"Feature","geometry":{"type":"Point","coordinates":[-118.06551,34.202896]},"properties":{"family":"satellite_hotspots","acq_date":"2025-01-08","satellite":"SUOMI NPP","method":"VIIRS","frp_mw":21.219}},{"type":"Feature","geometry":{"type":"Point","coordinates":[-118.07461,34.201336]},"properties":{"family":"satellite_hotspots","acq_date":"2025-01-08","satellite":"SUOMI NPP","method":"VIIRS","frp_mw":8.741}},{"type":"Feature","geometry":{"type":"Point","coordinates":[-118.05331,34.208481]},"properties":{"family":"satellite_hotspots","acq_date":"2025-01-08","satellite":"SUOMI NPP","method":"VIIRS","frp_mw":102.809}},{"type":"Feature","geometry":{"type":"Point","coordinates":[-118.0575,34.207771]},"properties":{"family":"satellite_hotspots","acq_date":"2025-01-08","satellite":"SUOMI NPP","method":"VIIRS","frp_mw":102.809}},{"type":"Feature","geometry":{"type":"Point","coordinates":[-118.06171,34.207054]},"properties":{"family":"satellite_hotspots","acq_date":"2025-01-08","satellite":"SUOMI NPP","method":"VIIRS","frp_mw":21.219}},{"type":"Feature","geometry":{"type":"Point","coordinates":[-118.06617,34.206287]},"properties":{"family":"satellite_hotspots","acq_date":"2025-01-08","satellite":"SUOMI NPP","method":"VIIRS","frp_mw":21.219}},{"type":"Feature","geometry":{"type":"Point","coordinates":[-118.07998,34.203911]},"properties":{"family":"satellite_hotspots","acq_date":"2025-01-08","satellite":"SUOMI NPP","method":"VIIRS","frp_mw":11.708}},{"type":"Feature","geometry":{"type":"Point","coordinates":[-118.05811,34.211163]},"properties":{"family":"satellite_hotspots","acq_date":"2025-01-08","satellite":"SUOMI NPP","method":"VIIRS","frp_mw":195.937}},{"type":"Feature","geometry":{"type":"Point","coordinates":[-118.06235,34.210445]},"properties":{"family":"satellite_hotspots","acq_date":"2025-01-08","satellite":"SUOMI NPP","method":"VIIRS","frp_mw":75.116}},{"type":"Feature","geometry":{"type":"Point","coordinates":[-118.08536,34.20649]},"properties":{"family":"satellite_hotspots","acq_date":"2025-01-08","satellite":"SUOMI NPP","method":"VIIRS","frp_mw":35.527}},{"type":"Feature","geometry":{"type":"Point","coordinates":[-118.08611,34.209866]},"properties":{"family":"satellite_hotspots","acq_date":"2025-01-08","satellite":"SUOMI NPP","method":"VIIRS","frp_mw":35.527}},{"type":"Feature","geometry":{"type":"Point","coordinates":[-118.09045,34.209126]},"properties":{"family":"satellite_hotspots","acq_date":"2025-01-08","satellite":"SUOMI NPP","method":"VIIRS","frp_mw":57.585}},{"type":"Feature","geometry":{"type":"Point","coordinates":[-118.0868,34.213253]},"properties":{"family":"satellite_hotspots","acq_date":"2025-01-08","satellite":"SUOMI NPP","method":"VIIRS","frp_mw":8.923}},{"type":"Feature","geometry":{"type":"Point","coordinates":[-118.09106,34.212532]},"properties":{"family":"satellite_hotspots","acq_date":"2025-01-08","satellite":"SUOMI NPP","method":"VIIRS","frp_mw":7.278}},{"type":"Feature","geometry":{"type":"Point","coordinates":[-118.14265,34.214218]},"properties":{"family":"satellite_hotspots","acq_date":"2025-01-08","satellite":"SUOMI NPP","method":"VIIRS","frp_mw":4.731}},{"type":"Feature","geometry":{"type":"Point","coordinates":[-118.14719,34.213444]},"properties":{"family":"satellite_hotspots","acq_date":"2025-01-08","satellite":"SUOMI NPP","method":"VIIRS","frp_mw":12.905}},{"type":"Feature","geometry":{"type":"Point","coordinates":[-118.12483,34.220779]},"properties":{"family":"satellite_hotspots","acq_date":"2025-01-08","satellite":"SUOMI NPP","method":"VIIRS","frp_mw":5.884}},{"type":"Feature","geometry":{"type":"Point","coordinates":[-118.13417,34.219181]},"properties":{"family":"satellite_hotspots","acq_date":"2025-01-08","satellite":"SUOMI NPP","method":"VIIRS","frp_mw":3.068}},{"type":"Feature","geometry":{"type":"Point","coordinates":[-118.14336,34.217609]},"properties":{"family":"satellite_hotspots","acq_date":"2025-01-08","satellite":"SUOMI NPP","method":"VIIRS","frp_mw":9.584}},{"type":"Feature","geometry":{"type":"Point","coordinates":[-118.1479,34.216831]},"properties":{"family":"satellite_hotspots","acq_date":"2025-01-08","satellite":"SUOMI NPP","method":"VIIRS","frp_mw":29.902}},{"type":"Feature","geometry":{"type":"Point","coordinates":[-118.14856,34.22023]},"properties":{"family":"satellite_hotspots","acq_date":"2025-01-08","satellite":"SUOMI NPP","method":"VIIRS","frp_mw":29.902}},{"type":"Feature","geometry":{"type":"Point","coordinates":[-118.14574,34.202919]},"properties":{"family":"satellite_hotspots","acq_date":"2025-01-08","satellite":"SUOMI NPP","method":"ANALYSIS","frp_mw":-999.0}},{"type":"Feature","geometry":{"type":"Point","coordinates":[-118.14637,34.200403]},"properties":{"family":"satellite_hotspots","acq_date":"2025-01-08","satellite":"SUOMI NPP","method":"ANALYSIS","frp_mw":-999.0}},{"type":"Feature","geometry":{"type":"Point","coordinates":[-118.14762,34.201032]},"properties":{"family":"satellite_hotspots","acq_date":"2025-01-08","satellite":"SUOMI NPP","method":"ANALYSIS","frp_mw":-999.0}},{"type":"Feature","geometry":{"type":"Point","coordinates":[-118.14574,34.205855]},"properties":{"family":"satellite_hotspots","acq_date":"2025-01-08","satellite":"SUOMI NPP","method":"ANALYSIS","frp_mw":-999.0}},{"type":"Feature","geometry":{"type":"Point","coordinates":[-118.1428,34.202709]},"properties":{"family":"satellite_hotspots","acq_date":"2025-01-08","satellite":"SUOMI NPP","method":"ANALYSIS","frp_mw":-999.0}},{"type":"Feature","geometry":{"type":"Point","coordinates":[-118.13343,34.197829]},"properties":{"family":"satellite_hotspots","acq_date":"2025-01-08","satellite":"SUOMI NPP","method":"ANALYSIS","frp_mw":-999.0}},{"type":"Feature","geometry":{"type":"Point","coordinates":[-118.13179,34.19488]},"properties":{"family":"satellite_hotspots","acq_date":"2025-01-08","satellite":"SUOMI NPP","method":"ANALYSIS","frp_mw":-999.0}},{"type":"Feature","geometry":{"type":"Point","coordinates":[-118.13441,34.19488]},"properties":{"family":"satellite_hotspots","acq_date":"2025-01-08","satellite":"SUOMI NPP","method":"ANALYSIS","frp_mw":-999.0}},{"type":"Feature","geometry":{"type":"Point","coordinates":[-118.14883,34.202744]},"properties":{"family":"satellite_hotspots","acq_date":"2025-01-08","satellite":"SUOMI NPP","method":"ANALYSIS","frp_mw":-999.0}},{"type":"Feature","geometry":{"type":"Point","coordinates":[-118.14818,34.197501]},"properties":{"family":"satellite_hotspots","acq_date":"2025-01-08","satellite":"SUOMI NPP","method":"ANALYSIS","frp_mw":-999.0}},{"type":"Feature","geometry":{"type":"Point","coordinates":[-118.03015,34.173428]},"properties":{"family":"satellite_hotspots","acq_date":"2025-01-08","satellite":"NOAA 20","method":"VIIRS","frp_mw":8.068}},{"type":"Feature","geometry":{"type":"Point","coordinates":[-118.02056,34.178303]},"properties":{"family":"satellite_hotspots","acq_date":"2025-01-08","satellite":"NOAA 20","method":"VIIRS","frp_mw":34.814}},{"type":"Feature","geometry":{"type":"Point","coordinates":[-118.02589,34.17767]},"properties":{"family":"satellite_hotspots","acq_date":"2025-01-08","satellite":"NOAA 20","method":"VIIRS","frp_mw":8.068}},{"type":"Feature","geometry":{"type":"Point","coordinates":[-118.02161,34.181915]},"properties":{"family":"satellite_hotspots","acq_date":"2025-01-08","satellite":"NOAA 20","method":"VIIRS","frp_mw":26.764}},{"type":"Feature","geometry":{"type":"Point","coordinates":[-118.0286,34.184811]},"properties":{"family":"satellite_hotspots","acq_date":"2025-01-08","satellite":"NOAA 20","method":"VIIRS","frp_mw":46.097}},{"type":"Feature","geometry":{"type":"Point","coordinates":[-118.02989,34.188385]},"properties":{"family":"satellite_hotspots","acq_date":"2025-01-08","satellite":"NOAA 20","method":"VIIRS","frp_mw":13.4}},{"type":"Feature","geometry":{"type":"Point","coordinates":[-118.05186,34.189487]},"properties":{"family":"satellite_hotspots","acq_date":"2025-01-08","satellite":"NOAA 20","method":"VIIRS","frp_mw":3.195}},{"type":"Feature","geometry":{"type":"Point","coordinates":[-118.04739,34.193752]},"properties":{"family":"satellite_hotspots","acq_date":"2025-01-08","satellite":"NOAA 20","method":"VIIRS","frp_mw":5.092}},{"type":"Feature","geometry":{"type":"Point","coordinates":[-118.05276,34.193108]},"properties":{"family":"satellite_hotspots","acq_date":"2025-01-08","satellite":"NOAA 20","method":"VIIRS","frp_mw":18.23}},{"type":"Feature","geometry":{"type":"Point","coordinates":[-118.04334,34.197964]},"properties":{"family":"satellite_hotspots","acq_date":"2025-01-08","satellite":"NOAA 20","method":"VIIRS","frp_mw":5.092}},{"type":"Feature","geometry":{"type":"Point","coordinates":[-118.0484,34.197361]},"properties":{"family":"satellite_hotspots","acq_date":"2025-01-08","satellite":"NOAA 20","method":"VIIRS","frp_mw":5.092}},{"type":"Feature","geometry":{"type":"Point","coordinates":[-118.05363,34.196728]},"properties":{"family":"satellite_hotspots","acq_date":"2025-01-08","satellite":"NOAA 20","method":"VIIRS","frp_mw":18.23}},{"type":"Feature","geometry":{"type":"Point","coordinates":[-118.05919,34.196064]},"properties":{"family":"satellite_hotspots","acq_date":"2025-01-08","satellite":"NOAA 20","method":"VIIRS","frp_mw":18.23}},{"type":"Feature","geometry":{"type":"Point","coordinates":[-118.06437,34.195438]},"properties":{"family":"satellite_hotspots","acq_date":"2025-01-08","satellite":"NOAA 20","method":"VIIRS","frp_mw":5.2}},{"type":"Feature","geometry":{"type":"Point","coordinates":[-118.04433,34.201576]},"properties":{"family":"satellite_hotspots","acq_date":"2025-01-08","satellite":"NOAA 20","method":"VIIRS","frp_mw":17.362}},{"type":"Feature","geometry":{"type":"Point","coordinates":[-118.04949,34.200958]},"properties":{"family":"satellite_hotspots","acq_date":"2025-01-08","satellite":"NOAA 20","method":"VIIRS","frp_mw":17.362}},{"type":"Feature","geometry":{"type":"Point","coordinates":[-118.05471,34.200325]},"properties":{"family":"satellite_hotspots","acq_date":"2025-01-08","satellite":"NOAA 20","method":"VIIRS","frp_mw":46.817}},{"type":"Feature","geometry":{"type":"Point","coordinates":[-118.06029,34.199654]},"properties":{"family":"satellite_hotspots","acq_date":"2025-01-08","satellite":"NOAA 20","method":"VIIRS","frp_mw":46.817}},{"type":"Feature","geometry":{"type":"Point","coordinates":[-118.06537,34.199039]},"properties":{"family":"satellite_hotspots","acq_date":"2025-01-08","satellite":"NOAA 20","method":"VIIRS","frp_mw":7.524}},{"type":"Feature","geometry":{"type":"Point","coordinates":[-118.05049,34.204563]},"properties":{"family":"satellite_hotspots","acq_date":"2025-01-08","satellite":"NOAA 20","method":"VIIRS","frp_mw":17.362}},{"type":"Feature","geometry":{"type":"Point","coordinates":[-118.06133,34.203247]},"properties":{"family":"satellite_hotspots","acq_date":"2025-01-08","satellite":"NOAA 20","method":"VIIRS","frp_mw":46.817}},{"type":"Feature","geometry":{"type":"Point","coordinates":[-118.06636,34.202648]},"properties":{"family":"satellite_hotspots","acq_date":"2025-01-08","satellite":"NOAA 20","method":"VIIRS","frp_mw":7.524}},{"type":"Feature","geometry":{"type":"Point","coordinates":[-118.07587,34.201511]},"properties":{"family":"satellite_hotspots","acq_date":"2025-01-08","satellite":"NOAA 20","method":"VIIRS","frp_mw":10.267}},{"type":"Feature","geometry":{"type":"Point","coordinates":[-118.08673,34.207661]},"properties":{"family":"satellite_hotspots","acq_date":"2025-01-08","satellite":"NOAA 20","method":"VIIRS","frp_mw":84.788}},{"type":"Feature","geometry":{"type":"Point","coordinates":[-118.08765,34.211273]},"properties":{"family":"satellite_hotspots","acq_date":"2025-01-08","satellite":"NOAA 20","method":"VIIRS","frp_mw":38.557}},{"type":"Feature","geometry":{"type":"Point","coordinates":[-118.05557,34.211029]},"properties":{"family":"satellite_hotspots","acq_date":"2025-01-08","satellite":"NOAA 20","method":"VIIRS","frp_mw":98.479}},{"type":"Feature","geometry":{"type":"Point","coordinates":[-118.06128,34.210369]},"properties":{"family":"satellite_hotspots","acq_date":"2025-01-08","satellite":"NOAA 20","method":"VIIRS","frp_mw":98.479}},{"type":"Feature","geometry":{"type":"Point","coordinates":[-118.08475,34.20763]},"properties":{"family":"satellite_hotspots","acq_date":"2025-01-08","satellite":"NOAA 20","method":"VIIRS","frp_mw":42.612}},{"type":"Feature","geometry":{"type":"Point","coordinates":[-118.08554,34.211262]},"properties":{"family":"satellite_hotspots","acq_date":"2025-01-08","satellite":"NOAA 20","method":"VIIRS","frp_mw":42.612}},{"type":"Feature","geometry":{"type":"Point","coordinates":[-118.09086,34.210648]},"properties":{"family":"satellite_hotspots","acq_date":"2025-01-08","satellite":"NOAA 20","method":"VIIRS","frp_mw":42.612}},{"type":"Feature","geometry":{"type":"Point","coordinates":[-118.13304,34.216888]},"properties":{"family":"satellite_hotspots","acq_date":"2025-01-08","satellite":"NOAA 20","method":"VIIRS","frp_mw":3.74}},{"type":"Feature","geometry":{"type":"Point","coordinates":[-118.14248,34.215778]},"properties":{"family":"satellite_hotspots","acq_date":"2025-01-08","satellite":"NOAA 20","method":"VIIRS","frp_mw":9.743}},{"type":"Feature","geometry":{"type":"Point","coordinates":[-118.14732,34.215214]},"properties":{"family":"satellite_hotspots","acq_date":"2025-01-08","satellite":"NOAA 20","method":"VIIRS","frp_mw":32.035}},{"type":"Feature","geometry":{"type":"Point","coordinates":[-118.12022,34.222115]},"properties":{"family":"satellite_hotspots","acq_date":"2025-01-08","satellite":"NOAA 20","method":"VIIRS","frp_mw":9.019}},{"type":"Feature","geometry":{"type":"Point","coordinates":[-118.12482,34.221581]},"properties":{"family":"satellite_hotspots","acq_date":"2025-01-08","satellite":"NOAA 20","method":"VIIRS","frp_mw":9.019}},{"type":"Feature","geometry":{"type":"Point","coordinates":[-118.12935,34.221043]},"properties":{"family":"satellite_hotspots","acq_date":"2025-01-08","satellite":"NOAA 20","method":"VIIRS","frp_mw":3.74}},{"type":"Feature","geometry":{"type":"Point","coordinates":[-118.14823,34.218822]},"properties":{"family":"satellite_hotspots","acq_date":"2025-01-08","satellite":"NOAA 20","method":"VIIRS","frp_mw":32.035}},{"type":"Feature","geometry":{"type":"Point","coordinates":[-118.15301,34.222157]},"properties":{"family":"satellite_hotspots","acq_date":"2025-01-09","satellite":"NOAA 21","method":"VIIRS","frp_mw":6.846}},{"type":"Feature","geometry":{"type":"Point","coordinates":[-118.14343,34.221855]},"properties":{"family":"satellite_hotspots","acq_date":"2025-01-09","satellite":"NOAA 21","method":"VIIRS","frp_mw":5.448}},{"type":"Feature","geometry":{"type":"Point","coordinates":[-118.0937,34.213562]},"properties":{"family":"satellite_hotspots","acq_date":"2025-01-09","satellite":"NOAA 21","method":"VIIRS","frp_mw":2.978}},{"type":"Feature","geometry":{"type":"Point","coordinates":[-118.08893,34.213413]},"properties":{"family":"satellite_hotspots","acq_date":"2025-01-09","satellite":"NOAA 21","method":"VIIRS","frp_mw":2.978}},{"type":"Feature","geometry":{"type":"Point","coordinates":[-118.08263,34.213211]},"properties":{"family":"satellite_hotspots","acq_date":"2025-01-09","satellite":"NOAA 21","method":"VIIRS","frp_mw":4.939}},{"type":"Feature","geometry":{"type":"Point","coordinates":[-118.06789,34.212734]},"properties":{"family":"satellite_hotspots","acq_date":"2025-01-09","satellite":"NOAA 21","method":"VIIRS","frp_mw":4.939}},{"type":"Feature","geometry":{"type":"Point","coordinates":[-118.07185,34.206181]},"properties":{"family":"satellite_hotspots","acq_date":"2025-01-09","satellite":"NOAA 21","method":"VIIRS","frp_mw":5.292}},{"type":"Feature","geometry":{"type":"Point","coordinates":[-118.06213,34.205872]},"properties":{"family":"satellite_hotspots","acq_date":"2025-01-09","satellite":"NOAA 21","method":"VIIRS","frp_mw":4.889}},{"type":"Feature","geometry":{"type":"Point","coordinates":[-118.05684,34.205704]},"properties":{"family":"satellite_hotspots","acq_date":"2025-01-09","satellite":"NOAA 21","method":"VIIRS","frp_mw":4.889}},{"type":"Feature","geometry":{"type":"Point","coordinates":[-118.05948,34.199108]},"properties":{"family":"satellite_hotspots","acq_date":"2025-01-09","satellite":"NOAA 21","method":"VIIRS","frp_mw":4.889}},{"type":"Feature","geometry":{"type":"Point","coordinates":[-118.05651,34.192341]},"properties":{"family":"satellite_hotspots","acq_date":"2025-01-09","satellite":"NOAA 21","method":"VIIRS","frp_mw":1.166}},{"type":"Feature","geometry":{"type":"Point","coordinates":[-118.01952,34.184513]},"properties":{"family":"satellite_hotspots","acq_date":"2025-01-09","satellite":"NOAA 21","method":"VIIRS","frp_mw":12.126}},{"type":"Feature","geometry":{"type":"Point","coordinates":[-118.02302,34.177956]},"properties":{"family":"satellite_hotspots","acq_date":"2025-01-09","satellite":"NOAA 21","method":"VIIRS","frp_mw":2.342}},{"type":"Feature","geometry":{"type":"Point","coordinates":[-118.14992,34.218628]},"properties":{"family":"satellite_hotspots","acq_date":"2025-01-09","satellite":"NOAA 21","method":"VIIRS","frp_mw":9.254}},{"type":"Feature","geometry":{"type":"Point","coordinates":[-118.14059,34.218269]},"properties":{"family":"satellite_hotspots","acq_date":"2025-01-09","satellite":"NOAA 21","method":"VIIRS","frp_mw":4.197}},{"type":"Feature","geometry":{"type":"Point","coordinates":[-118.09031,34.216366]},"properties":{"family":"satellite_hotspots","acq_date":"2025-01-09","satellite":"NOAA 21","method":"VIIRS","frp_mw":1.859}},{"type":"Feature","geometry":{"type":"Point","coordinates":[-118.08424,34.216137]},"properties":{"family":"satellite_hotspots","acq_date":"2025-01-09","satellite":"NOAA 21","method":"VIIRS","frp_mw":1.859}},{"type":"Feature","geometry":{"type":"Point","coordinates":[-118.07199,34.21566]},"properties":{"family":"satellite_hotspots","acq_date":"2025-01-09","satellite":"NOAA 21","method":"VIIRS","frp_mw":2.885}},{"type":"Feature","geometry":{"type":"Point","coordinates":[-118.09257,34.209763]},"properties":{"family":"satellite_hotspots","acq_date":"2025-01-09","satellite":"NOAA 21","method":"VIIRS","frp_mw":2.041}},{"type":"Feature","geometry":{"type":"Point","coordinates":[-118.08688,34.209557]},"properties":{"family":"satellite_hotspots","acq_date":"2025-01-09","satellite":"NOAA 21","method":"VIIRS","frp_mw":2.041}},{"type":"Feature","geometry":{"type":"Point","coordinates":[-118.07707,34.209183]},"properties":{"family":"satellite_hotspots","acq_date":"2025-01-09","satellite":"NOAA 21","method":"VIIRS","frp_mw":6.622}},{"type":"Feature","geometry":{"type":"Point","coordinates":[-118.06287,34.208633]},"properties":{"family":"satellite_hotspots","acq_date":"2025-01-09","satellite":"NOAA 21","method":"VIIRS","frp_mw":6.622}},{"type":"Feature","geometry":{"type":"Point","coordinates":[-118.05775,34.208443]},"properties":{"family":"satellite_hotspots","acq_date":"2025-01-09","satellite":"NOAA 21","method":"VIIRS","frp_mw":10.836}},{"type":"Feature","geometry":{"type":"Point","coordinates":[-118.05762,34.195099]},"properties":{"family":"satellite_hotspots","acq_date":"2025-01-09","satellite":"NOAA 21","method":"VIIRS","frp_mw":2.471}},{"type":"Feature","geometry":{"type":"Point","coordinates":[-118.05231,34.194904]},"properties":{"family":"satellite_hotspots","acq_date":"2025-01-09","satellite":"NOAA 21","method":"VIIRS","frp_mw":1.715}},{"type":"Feature","geometry":{"type":"Point","coordinates":[-118.02075,34.18708]},"properties":{"family":"satellite_hotspots","acq_date":"2025-01-09","satellite":"NOAA 21","method":"VIIRS","frp_mw":1.571}},{"type":"Feature","geometry":{"type":"Point","coordinates":[-118.02373,34.180527]},"properties":{"family":"satellite_hotspots","acq_date":"2025-01-09","satellite":"NOAA 21","method":"VIIRS","frp_mw":7.436}},{"type":"Feature","geometry":{"type":"Point","coordinates":[-118.01661,34.180267]},"properties":{"family":"satellite_hotspots","acq_date":"2025-01-09","satellite":"NOAA 21","method":"VIIRS","frp_mw":7.436}},{"type":"Feature","geometry":{"type":"Point","coordinates":[-118.15812,34.217442]},"properties":{"family":"satellite_hotspots","acq_date":"2025-01-09","satellite":"NOAA 21","method":"ANALYSIS","frp_mw":-999.0}},{"type":"Feature","geometry":{"type":"Point","coordinates":[-118.16042,34.217442]},"properties":{"family":"satellite_hotspots","acq_date":"2025-01-09","satellite":"NOAA 21","method":"ANALYSIS","frp_mw":-999.0}},{"type":"Feature","geometry":{"type":"Point","coordinates":[-118.15714,34.214493]},"properties":{"family":"satellite_hotspots","acq_date":"2025-01-09","satellite":"NOAA 21","method":"ANALYSIS","frp_mw":-999.0}},{"type":"Feature","geometry":{"type":"Point","coordinates":[-118.1555,34.217442]},"properties":{"family":"satellite_hotspots","acq_date":"2025-01-09","satellite":"NOAA 21","method":"ANALYSIS","frp_mw":-999.0}},{"type":"Feature","geometry":{"type":"Point","coordinates":[-118.15517,34.223013]},"properties":{"family":"satellite_hotspots","acq_date":"2025-01-09","satellite":"NOAA 21","method":"ANALYSIS","frp_mw":-999.0}},{"type":"Feature","geometry":{"type":"Point","coordinates":[-118.1496,34.220391]},"properties":{"family":"satellite_hotspots","acq_date":"2025-01-09","satellite":"NOAA 21","method":"ANALYSIS","frp_mw":-999.0}},{"type":"Feature","geometry":{"type":"Point","coordinates":[-118.1496,34.223013]},"properties":{"family":"satellite_hotspots","acq_date":"2025-01-09","satellite":"NOAA 21","method":"ANALYSIS","frp_mw":-999.0}},{"type":"Feature","geometry":{"type":"Point","coordinates":[-118.15026,34.22629]},"properties":{"family":"satellite_hotspots","acq_date":"2025-01-09","satellite":"NOAA 21","method":"ANALYSIS","frp_mw":-999.0}},{"type":"Feature","geometry":{"type":"Point","coordinates":[-118.14797,34.216787]},"properties":{"family":"satellite_hotspots","acq_date":"2025-01-09","satellite":"NOAA 21","method":"ANALYSIS","frp_mw":-999.0}},{"type":"Feature","geometry":{"type":"Point","coordinates":[-118.02115,34.176155]},"properties":{"family":"satellite_hotspots","acq_date":"2025-01-09","satellite":"NOAA 21","method":"ANALYSIS","frp_mw":-999.0}},{"type":"Feature","geometry":{"type":"Point","coordinates":[-118.02083,34.179431]},"properties":{"family":"satellite_hotspots","acq_date":"2025-01-09","satellite":"NOAA 21","method":"ANALYSIS","frp_mw":-999.0}},{"type":"Feature","geometry":{"type":"Point","coordinates":[-118.0182,34.179759]},"properties":{"family":"satellite_hotspots","acq_date":"2025-01-09","satellite":"NOAA 21","method":"ANALYSIS","frp_mw":-999.0}},{"type":"Feature","geometry":{"type":"Point","coordinates":[-118.01722,34.182053]},"properties":{"family":"satellite_hotspots","acq_date":"2025-01-09","satellite":"NOAA 21","method":"ANALYSIS","frp_mw":-999.0}},{"type":"Feature","geometry":{"type":"Point","coordinates":[-118.01722,34.184347]},"properties":{"family":"satellite_hotspots","acq_date":"2025-01-09","satellite":"NOAA 21","method":"ANALYSIS","frp_mw":-999.0}},{"type":"Feature","geometry":{"type":"Point","coordinates":[-118.01624,34.186313]},"properties":{"family":"satellite_hotspots","acq_date":"2025-01-09","satellite":"NOAA 21","method":"ANALYSIS","frp_mw":-999.0}},{"type":"Feature","geometry":{"type":"Point","coordinates":[-118.01984,34.185985]},"properties":{"family":"satellite_hotspots","acq_date":"2025-01-09","satellite":"NOAA 21","method":"ANALYSIS","frp_mw":-999.0}},{"type":"Feature","geometry":{"type":"Point","coordinates":[-118.02083,34.188279]},"properties":{"family":"satellite_hotspots","acq_date":"2025-01-09","satellite":"NOAA 21","method":"ANALYSIS","frp_mw":-999.0}},{"type":"Feature","geometry":{"type":"Point","coordinates":[-118.0631,34.206629]},"properties":{"family":"satellite_hotspots","acq_date":"2025-01-09","satellite":"NOAA 21","method":"ANALYSIS","frp_mw":-999.0}},{"type":"Feature","geometry":{"type":"Point","coordinates":[-118.08112,34.211544]},"properties":{"family":"satellite_hotspots","acq_date":"2025-01-09","satellite":"NOAA 21","method":"ANALYSIS","frp_mw":-999.0}},{"type":"Feature","geometry":{"type":"Point","coordinates":[-118.08243,34.213183]},"properties":{"family":"satellite_hotspots","acq_date":"2025-01-09","satellite":"NOAA 21","method":"ANALYSIS","frp_mw":-999.0}},{"type":"Feature","geometry":{"type":"Point","coordinates":[-118.09128,34.216132]},"properties":{"family":"satellite_hotspots","acq_date":"2025-01-09","satellite":"NOAA 21","method":"ANALYSIS","frp_mw":-999.0}},{"type":"Feature","geometry":{"type":"Point","coordinates":[-118.0844,34.218753]},"properties":{"family":"satellite_hotspots","acq_date":"2025-01-09","satellite":"NOAA 21","method":"ANALYSIS","frp_mw":-999.0}},{"type":"Feature","geometry":{"type":"Point","coordinates":[-118.0844,34.216787]},"properties":{"family":"satellite_hotspots","acq_date":"2025-01-09","satellite":"NOAA 21","method":"ANALYSIS","frp_mw":-999.0}},{"type":"Feature","geometry":{"type":"Point","coordinates":[-118.14797,34.224324]},"properties":{"family":"satellite_hotspots","acq_date":"2025-01-09","satellite":"NOAA 21","method":"ANALYSIS","frp_mw":-999.0}},{"type":"Feature","geometry":{"type":"Point","coordinates":[-118.15026,34.222685]},"properties":{"family":"satellite_hotspots","acq_date":"2025-01-09","satellite":"NOAA 21","method":"ANALYSIS","frp_mw":-999.0}},{"type":"Feature","geometry":{"type":"Point","coordinates":[-118.1555,34.219081]},"properties":{"family":"satellite_hotspots","acq_date":"2025-01-09","satellite":"NOAA 21","method":"ANALYSIS","frp_mw":-999.0}},{"type":"Feature","geometry":{"type":"Point","coordinates":[-118.15976,34.214821]},"properties":{"family":"satellite_hotspots","acq_date":"2025-01-09","satellite":"NOAA 21","method":"ANALYSIS","frp_mw":-999.0}},{"type":"Feature","geometry":{"type":"Point","coordinates":[-118.1578,34.217442]},"properties":{"family":"satellite_hotspots","acq_date":"2025-01-09","satellite":"NOAA 21","method":"ANALYSIS","frp_mw":-999.0}},{"type":"Feature","geometry":{"type":"Point","coordinates":[-118.15616,34.219408]},"properties":{"family":"satellite_hotspots","acq_date":"2025-01-09","satellite":"NOAA 21","method":"ANALYSIS","frp_mw":-999.0}},{"type":"Feature","geometry":{"type":"Point","coordinates":[-118.15479,34.221603]},"properties":{"family":"satellite_hotspots","acq_date":"2025-01-09","satellite":"SUOMI NPP","method":"VIIRS","frp_mw":4.775}},{"type":"Feature","geometry":{"type":"Point","coordinates":[-118.14825,34.221066]},"properties":{"family":"satellite_hotspots","acq_date":"2025-01-09","satellite":"SUOMI NPP","method":"VIIRS","frp_mw":4.775}},{"type":"Feature","geometry":{"type":"Point","coordinates":[-118.13448,34.219933]},"properties":{"family":"satellite_hotspots","acq_date":"2025-01-09","satellite":"SUOMI NPP","method":"VIIRS","frp_mw":1.905}},{"type":"Feature","geometry":{"type":"Point","coordinates":[-118.07864,34.215298]},"properties":{"family":"satellite_hotspots","acq_date":"2025-01-09","satellite":"SUOMI NPP","method":"VIIRS","frp_mw":2.813}},{"type":"Feature","geometry":{"type":"Point","coordinates":[-118.06244,34.213966]},"properties":{"family":"satellite_hotspots","acq_date":"2025-01-09","satellite":"SUOMI NPP","method":"VIIRS","frp_mw":3.455}},{"type":"Feature","geometry":{"type":"Point","coordinates":[-118.15013,34.216465]},"properties":{"family":"satellite_hotspots","acq_date":"2025-01-09","satellite":"SUOMI NPP","method":"VIIRS","frp_mw":4.775}},{"type":"Feature","geometry":{"type":"Point","coordinates":[-118.14355,34.215923]},"properties":{"family":"satellite_hotspots","acq_date":"2025-01-09","satellite":"SUOMI NPP","method":"VIIRS","frp_mw":1.905}},{"type":"Feature","geometry":{"type":"Point","coordinates":[-118.09159,34.211643]},"properties":{"family":"satellite_hotspots","acq_date":"2025-01-09","satellite":"SUOMI NPP","method":"VIIRS","frp_mw":4.373}},{"type":"Feature","geometry":{"type":"Point","coordinates":[-118.08639,34.211208]},"properties":{"family":"satellite_hotspots","acq_date":"2025-01-09","satellite":"SUOMI NPP","method":"VIIRS","frp_mw":4.373}},{"type":"Feature","geometry":{"type":"Point","coordinates":[-118.08011,34.210686]},"properties":{"family":"satellite_hotspots","acq_date":"2025-01-09","satellite":"SUOMI NPP","method":"VIIRS","frp_mw":2.813}},{"type":"Feature","geometry":{"type":"Point","coordinates":[-118.0721,34.21003]},"properties":{"family":"satellite_hotspots","acq_date":"2025-01-09","satellite":"SUOMI NPP","method":"VIIRS","frp_mw":2.813}},{"type":"Feature","geometry":{"type":"Point","coordinates":[-118.0642,34.209385]},"properties":{"family":"satellite_hotspots","acq_date":"2025-01-09","satellite":"SUOMI NPP","method":"VIIRS","frp_mw":3.455}},{"type":"Feature","geometry":{"type":"Point","coordinates":[-118.05879,34.208931]},"properties":{"family":"satellite_hotspots","acq_date":"2025-01-09","satellite":"SUOMI NPP","method":"VIIRS","frp_mw":3.455}},{"type":"Feature","geometry":{"type":"Point","coordinates":[-118.05404,34.208527]},"properties":{"family":"satellite_hotspots","acq_date":"2025-01-09","satellite":"SUOMI NPP","method":"VIIRS","frp_mw":1.9}},{"type":"Feature","geometry":{"type":"Point","coordinates":[-118.0733,34.205399]},"properties":{"family":"satellite_hotspots","acq_date":"2025-01-09","satellite":"SUOMI NPP","method":"VIIRS","frp_mw":2.043}},{"type":"Feature","geometry":{"type":"Point","coordinates":[-118.06608,34.204807]},"properties":{"family":"satellite_hotspots","acq_date":"2025-01-09","satellite":"SUOMI NPP","method":"VIIRS","frp_mw":2.345}},{"type":"Feature","geometry":{"type":"Point","coordinates":[-118.06027,34.204327]},"properties":{"family":"satellite_hotspots","acq_date":"2025-01-09","satellite":"SUOMI NPP","method":"VIIRS","frp_mw":2.345}},{"type":"Feature","geometry":{"type":"Point","coordinates":[-118.05538,34.203918]},"properties":{"family":"satellite_hotspots","acq_date":"2025-01-09","satellite":"SUOMI NPP","method":"VIIRS","frp_mw":2.089}},{"type":"Feature","geometry":{"type":"Point","coordinates":[-118.0516,34.198872]},"properties":{"family":"satellite_hotspots","acq_date":"2025-01-09","satellite":"SUOMI NPP","method":"VIIRS","frp_mw":2.089}},{"type":"Feature","geometry":{"type":"Point","coordinates":[-118.15147,34.219627]},"properties":{"family":"satellite_hotspots","acq_date":"2025-01-09","satellite":"SUOMI NPP","method":"VIIRS","frp_mw":4.457}},{"type":"Feature","geometry":{"type":"Point","coordinates":[-118.14487,34.219036]},"properties":{"family":"satellite_hotspots","acq_date":"2025-01-09","satellite":"SUOMI NPP","method":"VIIRS","frp_mw":4.457}},{"type":"Feature","geometry":{"type":"Point","coordinates":[-118.13075,34.217773]},"properties":{"family":"satellite_hotspots","acq_date":"2025-01-09","satellite":"SUOMI NPP","method":"VIIRS","frp_mw":1.462}},{"type":"Feature","geometry":{"type":"Point","coordinates":[-118.09766,34.214806]},"properties":{"family":"satellite_hotspots","acq_date":"2025-01-09","satellite":"SUOMI NPP","method":"VIIRS","frp_mw":1.601}},{"type":"Feature","geometry":{"type":"Point","coordinates":[-118.09266,34.214355]},"properties":{"family":"satellite_hotspots","acq_date":"2025-01-09","satellite":"SUOMI NPP","method":"VIIRS","frp_mw":1.601}},{"type":"Feature","geometry":{"type":"Point","coordinates":[-118.08781,34.213924]},"properties":{"family":"satellite_hotspots","acq_date":"2025-01-09","satellite":"SUOMI NPP","method":"VIIRS","frp_mw":2.881}},{"type":"Feature","geometry":{"type":"Point","coordinates":[-118.08206,34.213409]},"properties":{"family":"satellite_hotspots","acq_date":"2025-01-09","satellite":"SUOMI NPP","method":"VIIRS","frp_mw":2.881}},{"type":"Feature","geometry":{"type":"Point","coordinates":[-118.06602,34.21196]},"properties":{"family":"satellite_hotspots","acq_date":"2025-01-09","satellite":"SUOMI NPP","method":"VIIRS","frp_mw":3.808}},{"type":"Feature","geometry":{"type":"Point","coordinates":[-118.0599,34.211407]},"properties":{"family":"satellite_hotspots","acq_date":"2025-01-09","satellite":"SUOMI NPP","method":"VIIRS","frp_mw":4.06}},{"type":"Feature","geometry":{"type":"Point","coordinates":[-118.14665,34.214451]},"properties":{"family":"satellite_hotspots","acq_date":"2025-01-09","satellite":"SUOMI NPP","method":"VIIRS","frp_mw":4.457}},{"type":"Feature","geometry":{"type":"Point","coordinates":[-118.08917,34.209312]},"properties":{"family":"satellite_hotspots","acq_date":"2025-01-09","satellite":"SUOMI NPP","method":"VIIRS","frp_mw":2.881}},{"type":"Feature","geometry":{"type":"Point","coordinates":[-118.08318,34.208775]},"properties":{"family":"satellite_hotspots","acq_date":"2025-01-09","satellite":"SUOMI NPP","method":"VIIRS","frp_mw":2.881}},{"type":"Feature","geometry":{"type":"Point","coordinates":[-118.06786,34.207397]},"properties":{"family":"satellite_hotspots","acq_date":"2025-01-09","satellite":"SUOMI NPP","method":"VIIRS","frp_mw":3.808}},{"type":"Feature","geometry":{"type":"Point","coordinates":[-118.06142,34.206821]},"properties":{"family":"satellite_hotspots","acq_date":"2025-01-09","satellite":"SUOMI NPP","method":"VIIRS","frp_mw":4.06}},{"type":"Feature","geometry":{"type":"Point","coordinates":[-118.05651,34.206383]},"properties":{"family":"satellite_hotspots","acq_date":"2025-01-09","satellite":"SUOMI NPP","method":"VIIRS","frp_mw":4.06}},{"type":"Feature","geometry":{"type":"Point","coordinates":[-118.07674,34.203468]},"properties":{"family":"satellite_hotspots","acq_date":"2025-01-09","satellite":"SUOMI NPP","method":"VIIRS","frp_mw":0.774}},{"type":"Feature","geometry":{"type":"Point","coordinates":[-118.06959,34.202831]},"properties":{"family":"satellite_hotspots","acq_date":"2025-01-09","satellite":"SUOMI NPP","method":"VIIRS","frp_mw":0.774}},{"type":"Feature","geometry":{"type":"Point","coordinates":[-118.05288,34.201336]},"properties":{"family":"satellite_hotspots","acq_date":"2025-01-09","satellite":"SUOMI NPP","method":"VIIRS","frp_mw":1.696}},{"type":"Feature","geometry":{"type":"Point","coordinates":[-118.05936,34.197193]},"properties":{"family":"satellite_hotspots","acq_date":"2025-01-09","satellite":"SUOMI NPP","method":"VIIRS","frp_mw":2.817}},{"type":"Feature","geometry":{"type":"Point","coordinates":[-118.05444,34.196751]},"properties":{"family":"satellite_hotspots","acq_date":"2025-01-09","satellite":"SUOMI NPP","method":"VIIRS","frp_mw":1.696}},{"type":"Feature","geometry":{"type":"Point","coordinates":[-118.05554,34.192127]},"properties":{"family":"satellite_hotspots","acq_date":"2025-01-09","satellite":"SUOMI NPP","method":"VIIRS","frp_mw":1.188}},{"type":"Feature","geometry":{"type":"Point","coordinates":[-118.02058,34.184303]},"properties":{"family":"satellite_hotspots","acq_date":"2025-01-09","satellite":"SUOMI NPP","method":"VIIRS","frp_mw":9.906}},{"type":"Feature","geometry":{"type":"Point","coordinates":[-118.01408,34.183723]},"properties":{"family":"satellite_hotspots","acq_date":"2025-01-09","satellite":"SUOMI NPP","method":"VIIRS","frp_mw":1.529}},{"type":"Feature","geometry":{"type":"Point","coordinates":[-118.02231,34.179741]},"properties":{"family":"satellite_hotspots","acq_date":"2025-01-09","satellite":"SUOMI NPP","method":"VIIRS","frp_mw":6.705}},{"type":"Feature","geometry":{"type":"Point","coordinates":[-118.01602,34.179184]},"properties":{"family":"satellite_hotspots","acq_date":"2025-01-09","satellite":"SUOMI NPP","method":"VIIRS","frp_mw":2.781}},{"type":"Feature","geometry":{"type":"Point","coordinates":[-118.02162,34.181577]},"properties":{"family":"satellite_hotspots","acq_date":"2025-01-09","satellite":"SUOMI NPP","method":"ANALYSIS","frp_mw":-999.0}},{"type":"Feature","geometry":{"type":"Point","coordinates":[-118.02194,34.18387]},"properties":{"family":"satellite_hotspots","acq_date":"2025-01-09","satellite":"SUOMI NPP","method":"ANALYSIS","frp_mw":-999.0}},{"type":"Feature","geometry":{"type":"Point","coordinates":[-118.02293,34.186819]},"properties":{"family":"satellite_hotspots","acq_date":"2025-01-09","satellite":"SUOMI NPP","method":"ANALYSIS","frp_mw":-999.0}},{"type":"Feature","geometry":{"type":"Point","coordinates":[-118.02194,34.185836]},"properties":{"family":"satellite_hotspots","acq_date":"2025-01-09","satellite":"SUOMI NPP","method":"ANALYSIS","frp_mw":-999.0}},{"type":"Feature","geometry":{"type":"Point","coordinates":[-118.01965,34.183543]},"properties":{"family":"satellite_hotspots","acq_date":"2025-01-09","satellite":"SUOMI NPP","method":"ANALYSIS","frp_mw":-999.0}},{"type":"Feature","geometry":{"type":"Point","coordinates":[-118.0593,34.204514]},"properties":{"family":"satellite_hotspots","acq_date":"2025-01-09","satellite":"SUOMI NPP","method":"ANALYSIS","frp_mw":-999.0}},{"type":"Feature","geometry":{"type":"Point","coordinates":[-118.06127,34.205825]},"properties":{"family":"satellite_hotspots","acq_date":"2025-01-09","satellite":"SUOMI NPP","method":"ANALYSIS","frp_mw":-999.0}},{"type":"Feature","geometry":{"type":"Point","coordinates":[-118.0652,34.208774]},"properties":{"family":"satellite_hotspots","acq_date":"2025-01-09","satellite":"SUOMI NPP","method":"ANALYSIS","frp_mw":-999.0}},{"type":"Feature","geometry":{"type":"Point","coordinates":[-118.06651,34.209429]},"properties":{"family":"satellite_hotspots","acq_date":"2025-01-09","satellite":"SUOMI NPP","method":"ANALYSIS","frp_mw":-999.0}},{"type":"Feature","geometry":{"type":"Point","coordinates":[-118.07798,34.209429]},"properties":{"family":"satellite_hotspots","acq_date":"2025-01-09","satellite":"SUOMI NPP","method":"ANALYSIS","frp_mw":-999.0}},{"type":"Feature","geometry":{"type":"Point","coordinates":[-118.08158,34.210412]},"properties":{"family":"satellite_hotspots","acq_date":"2025-01-09","satellite":"SUOMI NPP","method":"ANALYSIS","frp_mw":-999.0}},{"type":"Feature","geometry":{"type":"Point","coordinates":[-118.08027,34.212051]},"properties":{"family":"satellite_hotspots","acq_date":"2025-01-09","satellite":"SUOMI NPP","method":"ANALYSIS","frp_mw":-999.0}},{"type":"Feature","geometry":{"type":"Point","coordinates":[-118.08257,34.214017]},"properties":{"family":"satellite_hotspots","acq_date":"2025-01-09","satellite":"SUOMI NPP","method":"ANALYSIS","frp_mw":-999.0}},{"type":"Feature","geometry":{"type":"Point","coordinates":[-118.08846,34.214672]},"properties":{"family":"satellite_hotspots","acq_date":"2025-01-09","satellite":"SUOMI NPP","method":"ANALYSIS","frp_mw":-999.0}},{"type":"Feature","geometry":{"type":"Point","coordinates":[-118.08814,34.213362]},"properties":{"family":"satellite_hotspots","acq_date":"2025-01-09","satellite":"SUOMI NPP","method":"ANALYSIS","frp_mw":-999.0}},{"type":"Feature","geometry":{"type":"Point","coordinates":[-118.08388,34.212706]},"properties":{"family":"satellite_hotspots","acq_date":"2025-01-09","satellite":"SUOMI NPP","method":"ANALYSIS","frp_mw":-999.0}},{"type":"Feature","geometry":{"type":"Point","coordinates":[-118.08224,34.212706]},"properties":{"family":"satellite_hotspots","acq_date":"2025-01-09","satellite":"SUOMI NPP","method":"ANALYSIS","frp_mw":-999.0}},{"type":"Feature","geometry":{"type":"Point","coordinates":[-118.08912,34.211395]},"properties":{"family":"satellite_hotspots","acq_date":"2025-01-09","satellite":"SUOMI NPP","method":"ANALYSIS","frp_mw":-999.0}},{"type":"Feature","geometry":{"type":"Point","coordinates":[-118.14614,34.216638]},"properties":{"family":"satellite_hotspots","acq_date":"2025-01-09","satellite":"SUOMI NPP","method":"ANALYSIS","frp_mw":-999.0}},{"type":"Feature","geometry":{"type":"Point","coordinates":[-118.14941,34.213362]},"properties":{"family":"satellite_hotspots","acq_date":"2025-01-09","satellite":"SUOMI NPP","method":"ANALYSIS","frp_mw":-999.0}},{"type":"Feature","geometry":{"type":"Point","coordinates":[-118.15171,34.213362]},"properties":{"family":"satellite_hotspots","acq_date":"2025-01-09","satellite":"SUOMI NPP","method":"ANALYSIS","frp_mw":-999.0}},{"type":"Feature","geometry":{"type":"Point","coordinates":[-118.15695,34.214345]},"properties":{"family":"satellite_hotspots","acq_date":"2025-01-09","satellite":"SUOMI NPP","method":"ANALYSIS","frp_mw":-999.0}},{"type":"Feature","geometry":{"type":"Point","coordinates":[-118.15957,34.214672]},"properties":{"family":"satellite_hotspots","acq_date":"2025-01-09","satellite":"SUOMI NPP","method":"ANALYSIS","frp_mw":-999.0}},{"type":"Feature","geometry":{"type":"Point","coordinates":[-118.16055,34.217294]},"properties":{"family":"satellite_hotspots","acq_date":"2025-01-09","satellite":"SUOMI NPP","method":"ANALYSIS","frp_mw":-999.0}},{"type":"Feature","geometry":{"type":"Point","coordinates":[-118.16023,34.220898]},"properties":{"family":"satellite_hotspots","acq_date":"2025-01-09","satellite":"SUOMI NPP","method":"ANALYSIS","frp_mw":-999.0}},{"type":"Feature","geometry":{"type":"Point","coordinates":[-118.15859,34.221554]},"properties":{"family":"satellite_hotspots","acq_date":"2025-01-09","satellite":"SUOMI NPP","method":"ANALYSIS","frp_mw":-999.0}},{"type":"Feature","geometry":{"type":"Point","coordinates":[-118.15433,34.221881]},"properties":{"family":"satellite_hotspots","acq_date":"2025-01-09","satellite":"SUOMI NPP","method":"ANALYSIS","frp_mw":-999.0}},{"type":"Feature","geometry":{"type":"Point","coordinates":[-118.15171,34.217621]},"properties":{"family":"satellite_hotspots","acq_date":"2025-01-09","satellite":"SUOMI NPP","method":"ANALYSIS","frp_mw":-999.0}},{"type":"Feature","geometry":{"type":"Point","coordinates":[-118.15171,34.219587]},"properties":{"family":"satellite_hotspots","acq_date":"2025-01-09","satellite":"SUOMI NPP","method":"ANALYSIS","frp_mw":-999.0}},{"type":"Feature","geometry":{"type":"Point","coordinates":[-118.15138,34.219587]},"properties":{"family":"satellite_hotspots","acq_date":"2025-01-09","satellite":"SUOMI NPP","method":"ANALYSIS","frp_mw":-999.0}},{"type":"Feature","geometry":{"type":"Point","coordinates":[-118.1481,34.217949]},"properties":{"family":"satellite_hotspots","acq_date":"2025-01-09","satellite":"SUOMI NPP","method":"ANALYSIS","frp_mw":-999.0}},{"type":"Feature","geometry":{"type":"Point","coordinates":[-118.15269,34.217294]},"properties":{"family":"satellite_hotspots","acq_date":"2025-01-09","satellite":"SUOMI NPP","method":"ANALYSIS","frp_mw":-999.0}},{"type":"Feature","geometry":{"type":"Point","coordinates":[-118.15695,34.217294]},"properties":{"family":"satellite_hotspots","acq_date":"2025-01-09","satellite":"SUOMI NPP","method":"ANALYSIS","frp_mw":-999.0}},{"type":"Feature","geometry":{"type":"Point","coordinates":[-118.15597,34.218932]},"properties":{"family":"satellite_hotspots","acq_date":"2025-01-09","satellite":"SUOMI NPP","method":"ANALYSIS","frp_mw":-999.0}},{"type":"Feature","geometry":{"type":"Point","coordinates":[-118.15465,34.219915]},"properties":{"family":"satellite_hotspots","acq_date":"2025-01-09","satellite":"SUOMI NPP","method":"ANALYSIS","frp_mw":-999.0}},{"type":"Feature","geometry":{"type":"Point","coordinates":[-118.154,34.22057]},"properties":{"family":"satellite_hotspots","acq_date":"2025-01-09","satellite":"SUOMI NPP","method":"ANALYSIS","frp_mw":-999.0}},{"type":"Feature","geometry":{"type":"Point","coordinates":[-118.1576,34.220243]},"properties":{"family":"satellite_hotspots","acq_date":"2025-01-09","satellite":"SUOMI NPP","method":"ANALYSIS","frp_mw":-999.0}},{"type":"Feature","geometry":{"type":"Point","coordinates":[-118.15793,34.218932]},"properties":{"family":"satellite_hotspots","acq_date":"2025-01-09","satellite":"SUOMI NPP","method":"ANALYSIS","frp_mw":-999.0}},{"type":"Feature","geometry":{"type":"Point","coordinates":[-118.15793,34.217949]},"properties":{"family":"satellite_hotspots","acq_date":"2025-01-09","satellite":"SUOMI NPP","method":"ANALYSIS","frp_mw":-999.0}},{"type":"Feature","geometry":{"type":"Point","coordinates":[-118.15957,34.214017]},"properties":{"family":"satellite_hotspots","acq_date":"2025-01-09","satellite":"SUOMI NPP","method":"ANALYSIS","frp_mw":-999.0}},{"type":"Feature","geometry":{"type":"Point","coordinates":[-118.15793,34.21926]},"properties":{"family":"satellite_hotspots","acq_date":"2025-01-09","satellite":"SUOMI NPP","method":"ANALYSIS","frp_mw":-999.0}},{"type":"Feature","geometry":{"type":"Point","coordinates":[-118.15793,34.219915]},"properties":{"family":"satellite_hotspots","acq_date":"2025-01-09","satellite":"SUOMI NPP","method":"ANALYSIS","frp_mw":-999.0}},{"type":"Feature","geometry":{"type":"Point","coordinates":[-118.154,34.219915]},"properties":{"family":"satellite_hotspots","acq_date":"2025-01-09","satellite":"SUOMI NPP","method":"ANALYSIS","frp_mw":-999.0}},{"type":"Feature","geometry":{"type":"Point","coordinates":[-118.15302,34.217621]},"properties":{"family":"satellite_hotspots","acq_date":"2025-01-09","satellite":"SUOMI NPP","method":"ANALYSIS","frp_mw":-999.0}},{"type":"Feature","geometry":{"type":"Point","coordinates":[-118.14908,34.215328]},"properties":{"family":"satellite_hotspots","acq_date":"2025-01-09","satellite":"SUOMI NPP","method":"ANALYSIS","frp_mw":-999.0}},{"type":"Feature","geometry":{"type":"Point","coordinates":[-118.15367,34.221226]},"properties":{"family":"satellite_hotspots","acq_date":"2025-01-09","satellite":"SUOMI NPP","method":"ANALYSIS","frp_mw":-999.0}},{"type":"Feature","geometry":{"type":"Point","coordinates":[-118.15465,34.221226]},"properties":{"family":"satellite_hotspots","acq_date":"2025-01-09","satellite":"SUOMI NPP","method":"ANALYSIS","frp_mw":-999.0}},{"type":"Feature","geometry":{"type":"Point","coordinates":[-118.14941,34.219587]},"properties":{"family":"satellite_hotspots","acq_date":"2025-01-09","satellite":"SUOMI NPP","method":"ANALYSIS","frp_mw":-999.0}},{"type":"Feature","geometry":{"type":"Point","coordinates":[-118.14515,34.217949]},"properties":{"family":"satellite_hotspots","acq_date":"2025-01-09","satellite":"SUOMI NPP","method":"ANALYSIS","frp_mw":-999.0}},{"type":"Feature","geometry":{"type":"Point","coordinates":[-118.15072,34.221554]},"properties":{"family":"satellite_hotspots","acq_date":"2025-01-09","satellite":"SUOMI NPP","method":"ANALYSIS","frp_mw":-999.0}},{"type":"Feature","geometry":{"type":"Point","coordinates":[-118.15236,34.222864]},"properties":{"family":"satellite_hotspots","acq_date":"2025-01-09","satellite":"SUOMI NPP","method":"ANALYSIS","frp_mw":-999.0}},{"type":"Feature","geometry":{"type":"Point","coordinates":[-118.09862,34.212706]},"properties":{"family":"satellite_hotspots","acq_date":"2025-01-09","satellite":"SUOMI NPP","method":"ANALYSIS","frp_mw":-999.0}},{"type":"Feature","geometry":{"type":"Point","coordinates":[-118.09567,34.216311]},"properties":{"family":"satellite_hotspots","acq_date":"2025-01-09","satellite":"SUOMI NPP","method":"ANALYSIS","frp_mw":-999.0}},{"type":"Feature","geometry":{"type":"Point","coordinates":[-118.09502,34.215983]},"properties":{"family":"satellite_hotspots","acq_date":"2025-01-09","satellite":"SUOMI NPP","method":"ANALYSIS","frp_mw":-999.0}},{"type":"Feature","geometry":{"type":"Point","coordinates":[-118.09305,34.208774]},"properties":{"family":"satellite_hotspots","acq_date":"2025-01-09","satellite":"SUOMI NPP","method":"ANALYSIS","frp_mw":-999.0}},{"type":"Feature","geometry":{"type":"Point","coordinates":[-118.09371,34.212051]},"properties":{"family":"satellite_hotspots","acq_date":"2025-01-09","satellite":"SUOMI NPP","method":"ANALYSIS","frp_mw":-999.0}},{"type":"Feature","geometry":{"type":"Point","coordinates":[-118.08781,34.212706]},"properties":{"family":"satellite_hotspots","acq_date":"2025-01-09","satellite":"SUOMI NPP","method":"ANALYSIS","frp_mw":-999.0}},{"type":"Feature","geometry":{"type":"Point","coordinates":[-118.08551,34.213034]},"properties":{"family":"satellite_hotspots","acq_date":"2025-01-09","satellite":"SUOMI NPP","method":"ANALYSIS","frp_mw":-999.0}},{"type":"Feature","geometry":{"type":"Point","coordinates":[-118.08519,34.213362]},"properties":{"family":"satellite_hotspots","acq_date":"2025-01-09","satellite":"SUOMI NPP","method":"ANALYSIS","frp_mw":-999.0}},{"type":"Feature","geometry":{"type":"Point","coordinates":[-118.08453,34.213689]},"properties":{"family":"satellite_hotspots","acq_date":"2025-01-09","satellite":"SUOMI NPP","method":"ANALYSIS","frp_mw":-999.0}},{"type":"Feature","geometry":{"type":"Point","coordinates":[-118.08093,34.210412]},"properties":{"family":"satellite_hotspots","acq_date":"2025-01-09","satellite":"SUOMI NPP","method":"ANALYSIS","frp_mw":-999.0}},{"type":"Feature","geometry":{"type":"Point","coordinates":[-118.07929,34.207791]},"properties":{"family":"satellite_hotspots","acq_date":"2025-01-09","satellite":"SUOMI NPP","method":"ANALYSIS","frp_mw":-999.0}},{"type":"Feature","geometry":{"type":"Point","coordinates":[-118.07962,34.212706]},"properties":{"family":"satellite_hotspots","acq_date":"2025-01-09","satellite":"SUOMI NPP","method":"ANALYSIS","frp_mw":-999.0}},{"type":"Feature","geometry":{"type":"Point","coordinates":[-118.07732,34.209102]},"properties":{"family":"satellite_hotspots","acq_date":"2025-01-09","satellite":"SUOMI NPP","method":"ANALYSIS","frp_mw":-999.0}},{"type":"Feature","geometry":{"type":"Point","coordinates":[-118.08224,34.216638]},"properties":{"family":"satellite_hotspots","acq_date":"2025-01-09","satellite":"SUOMI NPP","method":"ANALYSIS","frp_mw":-999.0}},{"type":"Feature","geometry":{"type":"Point","coordinates":[-118.08224,34.212051]},"properties":{"family":"satellite_hotspots","acq_date":"2025-01-09","satellite":"SUOMI NPP","method":"ANALYSIS","frp_mw":-999.0}},{"type":"Feature","geometry":{"type":"Point","coordinates":[-118.0865,34.213362]},"properties":{"family":"satellite_hotspots","acq_date":"2025-01-09","satellite":"SUOMI NPP","method":"ANALYSIS","frp_mw":-999.0}},{"type":"Feature","geometry":{"type":"Point","coordinates":[-118.07699,34.213689]},"properties":{"family":"satellite_hotspots","acq_date":"2025-01-09","satellite":"SUOMI NPP","method":"ANALYSIS","frp_mw":-999.0}},{"type":"Feature","geometry":{"type":"Point","coordinates":[-118.07667,34.214017]},"properties":{"family":"satellite_hotspots","acq_date":"2025-01-09","satellite":"SUOMI NPP","method":"ANALYSIS","frp_mw":-999.0}},{"type":"Feature","geometry":{"type":"Point","coordinates":[-118.06815,34.206153]},"properties":{"family":"satellite_hotspots","acq_date":"2025-01-09","satellite":"SUOMI NPP","method":"ANALYSIS","frp_mw":-999.0}},{"type":"Feature","geometry":{"type":"Point","coordinates":[-118.06651,34.207791]},"properties":{"family":"satellite_hotspots","acq_date":"2025-01-09","satellite":"SUOMI NPP","method":"ANALYSIS","frp_mw":-999.0}},{"type":"Feature","geometry":{"type":"Point","coordinates":[-118.06651,34.21074]},"properties":{"family":"satellite_hotspots","acq_date":"2025-01-09","satellite":"SUOMI NPP","method":"ANALYSIS","frp_mw":-999.0}},{"type":"Feature","geometry":{"type":"Point","coordinates":[-118.06749,34.211068]},"properties":{"family":"satellite_hotspots","acq_date":"2025-01-09","satellite":"SUOMI NPP","method":"ANALYSIS","frp_mw":-999.0}},{"type":"Feature","geometry":{"type":"Point","coordinates":[-118.06618,34.20648]},"properties":{"family":"satellite_hotspots","acq_date":"2025-01-09","satellite":"SUOMI NPP","method":"ANALYSIS","frp_mw":-999.0}},{"type":"Feature","geometry":{"type":"Point","coordinates":[-118.06028,34.204514]},"properties":{"family":"satellite_hotspots","acq_date":"2025-01-09","satellite":"SUOMI NPP","method":"ANALYSIS","frp_mw":-999.0}},{"type":"Feature","geometry":{"type":"Point","coordinates":[-118.06028,34.207463]},"properties":{"family":"satellite_hotspots","acq_date":"2025-01-09","satellite":"SUOMI NPP","method":"ANALYSIS","frp_mw":-999.0}},{"type":"Feature","geometry":{"type":"Point","coordinates":[-118.07962,34.209757]},"properties":{"family":"satellite_hotspots","acq_date":"2025-01-09","satellite":"SUOMI NPP","method":"ANALYSIS","frp_mw":-999.0}},{"type":"Feature","geometry":{"type":"Point","coordinates":[-118.0806,34.212051]},"properties":{"family":"satellite_hotspots","acq_date":"2025-01-09","satellite":"SUOMI NPP","method":"ANALYSIS","frp_mw":-999.0}},{"type":"Feature","geometry":{"type":"Point","coordinates":[-118.02063,34.182232]},"properties":{"family":"satellite_hotspots","acq_date":"2025-01-09","satellite":"SUOMI NPP","method":"ANALYSIS","frp_mw":-999.0}},{"type":"Feature","geometry":{"type":"Point","coordinates":[-118.02162,34.182232]},"properties":{"family":"satellite_hotspots","acq_date":"2025-01-09","satellite":"SUOMI NPP","method":"ANALYSIS","frp_mw":-999.0}},{"type":"Feature","geometry":{"type":"Point","coordinates":[-118.02391,34.180921]},"properties":{"family":"satellite_hotspots","acq_date":"2025-01-09","satellite":"SUOMI NPP","method":"ANALYSIS","frp_mw":-999.0}},{"type":"Feature","geometry":{"type":"Point","coordinates":[-118.02391,34.181577]},"properties":{"family":"satellite_hotspots","acq_date":"2025-01-09","satellite":"SUOMI NPP","method":"ANALYSIS","frp_mw":-999.0}},{"type":"Feature","geometry":{"type":"Point","coordinates":[-118.02358,34.184526]},"properties":{"family":"satellite_hotspots","acq_date":"2025-01-09","satellite":"SUOMI NPP","method":"ANALYSIS","frp_mw":-999.0}},{"type":"Feature","geometry":{"type":"Point","coordinates":[-118.02358,34.187802]},"properties":{"family":"satellite_hotspots","acq_date":"2025-01-09","satellite":"SUOMI NPP","method":"ANALYSIS","frp_mw":-999.0}},{"type":"Feature","geometry":{"type":"Point","coordinates":[-118.02063,34.182887]},"properties":{"family":"satellite_hotspots","acq_date":"2025-01-09","satellite":"SUOMI NPP","method":"ANALYSIS","frp_mw":-999.0}},{"type":"Feature","geometry":{"type":"Point","coordinates":[-118.01867,34.184526]},"properties":{"family":"satellite_hotspots","acq_date":"2025-01-09","satellite":"SUOMI NPP","method":"ANALYSIS","frp_mw":-999.0}},{"type":"Feature","geometry":{"type":"Point","coordinates":[-118.02031,34.184198]},"properties":{"family":"satellite_hotspots","acq_date":"2025-01-09","satellite":"SUOMI NPP","method":"ANALYSIS","frp_mw":-999.0}},{"type":"Feature","geometry":{"type":"Point","coordinates":[-118.0226,34.181249]},"properties":{"family":"satellite_hotspots","acq_date":"2025-01-09","satellite":"SUOMI NPP","method":"ANALYSIS","frp_mw":-999.0}},{"type":"Feature","geometry":{"type":"Point","coordinates":[-118.02358,34.181904]},"properties":{"family":"satellite_hotspots","acq_date":"2025-01-09","satellite":"SUOMI NPP","method":"ANALYSIS","frp_mw":-999.0}},{"type":"Feature","geometry":{"type":"Point","coordinates":[-118.02489,34.184198]},"properties":{"family":"satellite_hotspots","acq_date":"2025-01-09","satellite":"SUOMI NPP","method":"ANALYSIS","frp_mw":-999.0}},{"type":"Feature","geometry":{"type":"Point","coordinates":[-118.14614,34.215]},"properties":{"family":"satellite_hotspots","acq_date":"2025-01-09","satellite":"SUOMI NPP","method":"ANALYSIS","frp_mw":-999.0}},{"type":"Feature","geometry":{"type":"Point","coordinates":[-118.15007,34.216311]},"properties":{"family":"satellite_hotspots","acq_date":"2025-01-09","satellite":"SUOMI NPP","method":"ANALYSIS","frp_mw":-999.0}},{"type":"Feature","geometry":{"type":"Point","coordinates":[-118.1599,34.217621]},"properties":{"family":"satellite_hotspots","acq_date":"2025-01-09","satellite":"SUOMI NPP","method":"ANALYSIS","frp_mw":-999.0}},{"type":"Feature","geometry":{"type":"Point","coordinates":[-118.0669,34.215107]},"properties":{"family":"satellite_hotspots","acq_date":"2025-01-09","satellite":"NOAA 20","method":"VIIRS","frp_mw":7.7}},{"type":"Feature","geometry":{"type":"Point","coordinates":[-118.06222,34.214455]},"properties":{"family":"satellite_hotspots","acq_date":"2025-01-09","satellite":"NOAA 20","method":"VIIRS","frp_mw":1.831}},{"type":"Feature","geometry":{"type":"Point","coordinates":[-118.13614,34.221214]},"properties":{"family":"satellite_hotspots","acq_date":"2025-01-09","satellite":"NOAA 20","method":"VIIRS","frp_mw":1.368}},{"type":"Feature","geometry":{"type":"Point","coordinates":[-118.09504,34.215519]},"properties":{"family":"satellite_hotspots","acq_date":"2025-01-09","satellite":"NOAA 20","method":"VIIRS","frp_mw":6.333}},{"type":"Feature","geometry":{"type":"Point","coordinates":[-118.09081,34.214935]},"properties":{"family":"satellite_hotspots","acq_date":"2025-01-09","satellite":"NOAA 20","method":"VIIRS","frp_mw":3.66}},{"type":"Feature","geometry":{"type":"Point","coordinates":[-118.08654,34.214344]},"properties":{"family":"satellite_hotspots","acq_date":"2025-01-09","satellite":"NOAA 20","method":"VIIRS","frp_mw":3.66}},{"type":"Feature","geometry":{"type":"Point","coordinates":[-118.08209,34.213726]},"properties":{"family":"satellite_hotspots","acq_date":"2025-01-09","satellite":"NOAA 20","method":"VIIRS","frp_mw":6.259}},{"type":"Feature","geometry":{"type":"Point","coordinates":[-118.06781,34.211739]},"properties":{"family":"satellite_hotspots","acq_date":"2025-01-09","satellite":"NOAA 20","method":"VIIRS","frp_mw":7.7}},{"type":"Feature","geometry":{"type":"Point","coordinates":[-118.06306,34.211079]},"properties":{"family":"satellite_hotspots","acq_date":"2025-01-09","satellite":"NOAA 20","method":"VIIRS","frp_mw":1.831}},{"type":"Feature","geometry":{"type":"Point","coordinates":[-118.05879,34.210484]},"properties":{"family":"satellite_hotspots","acq_date":"2025-01-09","satellite":"NOAA 20","method":"VIIRS","frp_mw":1.831}},{"type":"Feature","geometry":{"type":"Point","coordinates":[-118.05464,34.209911]},"properties":{"family":"satellite_hotspots","acq_date":"2025-01-09","satellite":"NOAA 20","method":"VIIRS","frp_mw":0.803}},{"type":"Feature","geometry":{"type":"Point","coordinates":[-118.15549,34.220383]},"properties":{"family":"satellite_hotspots","acq_date":"2025-01-09","satellite":"NOAA 20","method":"VIIRS","frp_mw":4.076}},{"type":"Feature","geometry":{"type":"Point","coordinates":[-118.15095,34.219753]},"properties":{"family":"satellite_hotspots","acq_date":"2025-01-09","satellite":"NOAA 20","method":"VIIRS","frp_mw":4.076}},{"type":"Feature","geometry":{"type":"Point","coordinates":[-118.14635,34.219116]},"properties":{"family":"satellite_hotspots","acq_date":"2025-01-09","satellite":"NOAA 20","method":"VIIRS","frp_mw":3.016}},{"type":"Feature","geometry":{"type":"Point","coordinates":[-118.09583,34.212124]},"properties":{"family":"satellite_hotspots","acq_date":"2025-01-09","satellite":"NOAA 20","method":"VIIRS","frp_mw":0.309}},{"type":"Feature","geometry":{"type":"Point","coordinates":[-118.09162,34.211544]},"properties":{"family":"satellite_hotspots","acq_date":"2025-01-09","satellite":"NOAA 20","method":"VIIRS","frp_mw":1.484}},{"type":"Feature","geometry":{"type":"Point","coordinates":[-118.08735,34.210957]},"properties":{"family":"satellite_hotspots","acq_date":"2025-01-09","satellite":"NOAA 20","method":"VIIRS","frp_mw":1.484}},{"type":"Feature","geometry":{"type":"Point","coordinates":[-118.08288,34.210335]},"properties":{"family":"satellite_hotspots","acq_date":"2025-01-09","satellite":"NOAA 20","method":"VIIRS","frp_mw":2.067}},{"type":"Feature","geometry":{"type":"Point","coordinates":[-118.06396,34.207706]},"properties":{"family":"satellite_hotspots","acq_date":"2025-01-09","satellite":"NOAA 20","method":"VIIRS","frp_mw":3.45}},{"type":"Feature","geometry":{"type":"Point","coordinates":[-118.05963,34.207108]},"properties":{"family":"satellite_hotspots","acq_date":"2025-01-09","satellite":"NOAA 20","method":"VIIRS","frp_mw":3.45}},{"type":"Feature","geometry":{"type":"Point","coordinates":[-118.05544,34.206528]},"properties":{"family":"satellite_hotspots","acq_date":"2025-01-09","satellite":"NOAA 20","method":"VIIRS","frp_mw":1.522}},{"type":"Feature","geometry":{"type":"Point","coordinates":[-118.15178,34.216358]},"properties":{"family":"satellite_hotspots","acq_date":"2025-01-09","satellite":"NOAA 20","method":"VIIRS","frp_mw":4.076}},{"type":"Feature","geometry":{"type":"Point","coordinates":[-118.14726,34.215733]},"properties":{"family":"satellite_hotspots","acq_date":"2025-01-09","satellite":"NOAA 20","method":"VIIRS","frp_mw":3.016}},{"type":"Feature","geometry":{"type":"Point","coordinates":[-118.08364,34.20694]},"properties":{"family":"satellite_hotspots","acq_date":"2025-01-09","satellite":"NOAA 20","method":"VIIRS","frp_mw":2.067}},{"type":"Feature","geometry":{"type":"Point","coordinates":[-118.07897,34.206291]},"properties":{"family":"satellite_hotspots","acq_date":"2025-01-09","satellite":"NOAA 20","method":"VIIRS","frp_mw":2.067}},{"type":"Feature","geometry":{"type":"Point","coordinates":[-118.0742,34.205631]},"properties":{"family":"satellite_hotspots","acq_date":"2025-01-09","satellite":"NOAA 20","method":"VIIRS","frp_mw":1.46}},{"type":"Feature","geometry":{"type":"Point","coordinates":[-118.0695,34.204975]},"properties":{"family":"satellite_hotspots","acq_date":"2025-01-09","satellite":"NOAA 20","method":"VIIRS","frp_mw":1.46}},{"type":"Feature","geometry":{"type":"Point","coordinates":[-118.06489,34.204338]},"properties":{"family":"satellite_hotspots","acq_date":"2025-01-09","satellite":"NOAA 20","method":"VIIRS","frp_mw":3.45}},{"type":"Feature","geometry":{"type":"Point","coordinates":[-118.06048,34.203728]},"properties":{"family":"satellite_hotspots","acq_date":"2025-01-09","satellite":"NOAA 20","method":"VIIRS","frp_mw":3.45}},{"type":"Feature","geometry":{"type":"Point","coordinates":[-118.05627,34.203144]},"properties":{"family":"satellite_hotspots","acq_date":"2025-01-09","satellite":"NOAA 20","method":"VIIRS","frp_mw":1.522}},{"type":"Feature","geometry":{"type":"Point","coordinates":[-118.05198,34.202549]},"properties":{"family":"satellite_hotspots","acq_date":"2025-01-09","satellite":"NOAA 20","method":"VIIRS","frp_mw":1.522}},{"type":"Feature","geometry":{"type":"Point","coordinates":[-118.07971,34.202892]},"properties":{"family":"satellite_hotspots","acq_date":"2025-01-09","satellite":"NOAA 20","method":"VIIRS","frp_mw":0.781}},{"type":"Feature","geometry":{"type":"Point","coordinates":[-118.0704,34.201603]},"properties":{"family":"satellite_hotspots","acq_date":"2025-01-09","satellite":"NOAA 20","method":"VIIRS","frp_mw":1.181}},{"type":"Feature","geometry":{"type":"Point","coordinates":[-118.05286,34.199169]},"properties":{"family":"satellite_hotspots","acq_date":"2025-01-09","satellite":"NOAA 20","method":"VIIRS","frp_mw":2.802}},{"type":"Feature","geometry":{"type":"Point","coordinates":[-118.06222,34.196976]},"properties":{"family":"satellite_hotspots","acq_date":"2025-01-09","satellite":"NOAA 20","method":"VIIRS","frp_mw":1.16}},{"type":"Feature","geometry":{"type":"Point","coordinates":[-118.05795,34.196381]},"properties":{"family":"satellite_hotspots","acq_date":"2025-01-09","satellite":"NOAA 20","method":"VIIRS","frp_mw":2.802}},{"type":"Feature","geometry":{"type":"Point","coordinates":[-118.05371,34.195793]},"properties":{"family":"satellite_hotspots","acq_date":"2025-01-09","satellite":"NOAA 20","method":"VIIRS","frp_mw":2.802}},{"type":"Feature","geometry":{"type":"Point","coordinates":[-118.05447,34.192398]},"properties":{"family":"satellite_hotspots","acq_date":"2025-01-09","satellite":"NOAA 20","method":"VIIRS","frp_mw":0.561}},{"type":"Feature","geometry":{"type":"Point","coordinates":[-118.02505,34.18483]},"properties":{"family":"satellite_hotspots","acq_date":"2025-01-09","satellite":"NOAA 20","method":"VIIRS","frp_mw":4.573}},{"type":"Feature","geometry":{"type":"Point","coordinates":[-118.02093,34.184258]},"properties":{"family":"satellite_hotspots","acq_date":"2025-01-09","satellite":"NOAA 20","method":"VIIRS","frp_mw":4.573}},{"type":"Feature","geometry":{"type":"Point","coordinates":[-118.01646,34.18364]},"properties":{"family":"satellite_hotspots","acq_date":"2025-01-09","satellite":"NOAA 20","method":"VIIRS","frp_mw":1.959}},{"type":"Feature","geometry":{"type":"Point","coordinates":[-118.02183,34.180882]},"properties":{"family":"satellite_hotspots","acq_date":"2025-01-09","satellite":"NOAA 20","method":"VIIRS","frp_mw":4.275}},{"type":"Feature","geometry":{"type":"Point","coordinates":[-118.01726,34.180256]},"properties":{"family":"satellite_hotspots","acq_date":"2025-01-09","satellite":"NOAA 20","method":"VIIRS","frp_mw":0.896}},{"type":"Feature","geometry":{"type":"Point","coordinates":[-118.09882,34.213783]},"properties":{"family":"satellite_hotspots","acq_date":"2025-01-09","satellite":"GOES-EAST","method":"FDC","frp_mw":118.116}},{"type":"Feature","geometry":{"type":"Point","coordinates":[-118.06657,34.214066]},"properties":{"family":"satellite_hotspots","acq_date":"2025-01-09","satellite":"NOAA 21","method":"VIIRS","frp_mw":6.231}},{"type":"Feature","geometry":{"type":"Point","coordinates":[-118.06381,34.21339]},"properties":{"family":"satellite_hotspots","acq_date":"2025-01-09","satellite":"NOAA 21","method":"VIIRS","frp_mw":6.231}},{"type":"Feature","geometry":{"type":"Point","coordinates":[-118.06004,34.212467]},"properties":{"family":"satellite_hotspots","acq_date":"2025-01-09","satellite":"NOAA 21","method":"VIIRS","frp_mw":2.194}},{"type":"Feature","geometry":{"type":"Point","coordinates":[-118.09271,34.215107]},"properties":{"family":"satellite_hotspots","acq_date":"2025-01-09","satellite":"NOAA 21","method":"VIIRS","frp_mw":1.937}},{"type":"Feature","geometry":{"type":"Point","coordinates":[-118.088,34.213959]},"properties":{"family":"satellite_hotspots","acq_date":"2025-01-09","satellite":"NOAA 21","method":"VIIRS","frp_mw":1.937}},{"type":"Feature","geometry":{"type":"Point","coordinates":[-118.0671,34.208824]},"properties":{"family":"satellite_hotspots","acq_date":"2025-01-09","satellite":"NOAA 21","method":"VIIRS","frp_mw":6.231}},{"type":"Feature","geometry":{"type":"Point","coordinates":[-118.06409,34.208084]},"properties":{"family":"satellite_hotspots","acq_date":"2025-01-09","satellite":"NOAA 21","method":"VIIRS","frp_mw":6.231}},{"type":"Feature","geometry":{"type":"Point","coordinates":[-118.06019,34.207127]},"properties":{"family":"satellite_hotspots","acq_date":"2025-01-09","satellite":"NOAA 21","method":"VIIRS","frp_mw":2.194}},{"type":"Feature","geometry":{"type":"Point","coordinates":[-118.05509,34.205887]},"properties":{"family":"satellite_hotspots","acq_date":"2025-01-09","satellite":"NOAA 21","method":"VIIRS","frp_mw":2.194}},{"type":"Feature","geometry":{"type":"Point","coordinates":[-118.08512,34.207878]},"properties":{"family":"satellite_hotspots","acq_date":"2025-01-09","satellite":"NOAA 21","method":"VIIRS","frp_mw":6.988}},{"type":"Feature","geometry":{"type":"Point","coordinates":[-118.08203,34.207119]},"properties":{"family":"satellite_hotspots","acq_date":"2025-01-09","satellite":"NOAA 21","method":"VIIRS","frp_mw":6.988}},{"type":"Feature","geometry":{"type":"Point","coordinates":[-118.07913,34.206406]},"properties":{"family":"satellite_hotspots","acq_date":"2025-01-09","satellite":"NOAA 21","method":"VIIRS","frp_mw":1.968}},{"type":"Feature","geometry":{"type":"Point","coordinates":[-118.07636,34.205719]},"properties":{"family":"satellite_hotspots","acq_date":"2025-01-09","satellite":"NOAA 21","method":"VIIRS","frp_mw":1.968}},{"type":"Feature","geometry":{"type":"Point","coordinates":[-118.06772,34.203598]},"properties":{"family":"satellite_hotspots","acq_date":"2025-01-09","satellite":"NOAA 21","method":"VIIRS","frp_mw":2.289}},{"type":"Feature","geometry":{"type":"Point","coordinates":[-118.06458,34.202824]},"properties":{"family":"satellite_hotspots","acq_date":"2025-01-09","satellite":"NOAA 21","method":"VIIRS","frp_mw":2.289}},{"type":"Feature","geometry":{"type":"Point","coordinates":[-118.14922,34.218235]},"properties":{"family":"satellite_hotspots","acq_date":"2025-01-09","satellite":"NOAA 21","method":"VIIRS","frp_mw":3.308}},{"type":"Feature","geometry":{"type":"Point","coordinates":[-118.146,34.217442]},"properties":{"family":"satellite_hotspots","acq_date":"2025-01-09","satellite":"NOAA 21","method":"VIIRS","frp_mw":1.26}},{"type":"Feature","geometry":{"type":"Point","coordinates":[-118.05617,34.195385]},"properties":{"family":"satellite_hotspots","acq_date":"2025-01-09","satellite":"NOAA 21","method":"VIIRS","frp_mw":1.906}},{"type":"Feature","geometry":{"type":"Point","coordinates":[-118.01462,34.185196]},"properties":{"family":"satellite_hotspots","acq_date":"2025-01-09","satellite":"NOAA 21","method":"VIIRS","frp_mw":1.322}},{"type":"Feature","geometry":{"type":"Point","coordinates":[-118.02189,34.181587]},"properties":{"family":"satellite_hotspots","acq_date":"2025-01-09","satellite":"NOAA 21","method":"VIIRS","frp_mw":1.538}},{"type":"Feature","geometry":{"type":"Point","coordinates":[-118.0182,34.180679]},"properties":{"family":"satellite_hotspots","acq_date":"2025-01-09","satellite":"NOAA 21","method":"VIIRS","frp_mw":2.336}},{"type":"Feature","geometry":{"type":"Point","coordinates":[-118.12785,34.19506]},"properties":{"family":"satellite_hotspots","acq_date":"2025-01-09","satellite":"NOAA 21","method":"ANALYSIS","frp_mw":-999.0}},{"type":"Feature","geometry":{"type":"Point","coordinates":[-118.12785,34.197354]},"properties":{"family":"satellite_hotspots","acq_date":"2025-01-09","satellite":"NOAA 21","method":"ANALYSIS","frp_mw":-999.0}},{"type":"Feature","geometry":{"type":"Point","coordinates":[-118.12753,34.199648]},"properties":{"family":"satellite_hotspots","acq_date":"2025-01-09","satellite":"NOAA 21","method":"ANALYSIS","frp_mw":-999.0}},{"type":"Feature","geometry":{"type":"Point","coordinates":[-118.07837,34.205218]},"properties":{"family":"satellite_hotspots","acq_date":"2025-01-09","satellite":"NOAA 21","method":"ANALYSIS","frp_mw":-999.0}},{"type":"Feature","geometry":{"type":"Point","coordinates":[-118.08001,34.205546]},"properties":{"family":"satellite_hotspots","acq_date":"2025-01-09","satellite":"NOAA 21","method":"ANALYSIS","frp_mw":-999.0}},{"type":"Feature","geometry":{"type":"Point","coordinates":[-118.08427,34.205546]},"properties":{"family":"satellite_hotspots","acq_date":"2025-01-09","satellite":"NOAA 21","method":"ANALYSIS","frp_mw":-999.0}},{"type":"Feature","geometry":{"type":"Point","coordinates":[-118.08427,34.208167]},"properties":{"family":"satellite_hotspots","acq_date":"2025-01-09","satellite":"NOAA 21","method":"ANALYSIS","frp_mw":-999.0}},{"type":"Feature","geometry":{"type":"Point","coordinates":[-118.08689,34.204891]},"properties":{"family":"satellite_hotspots","acq_date":"2025-01-09","satellite":"NOAA 21","method":"ANALYSIS","frp_mw":-999.0}},{"type":"Feature","geometry":{"type":"Point","coordinates":[-118.08657,34.209478]},"properties":{"family":"satellite_hotspots","acq_date":"2025-01-09","satellite":"NOAA 21","method":"ANALYSIS","frp_mw":-999.0}},{"type":"Feature","geometry":{"type":"Point","coordinates":[-118.08329,34.210461]},"properties":{"family":"satellite_hotspots","acq_date":"2025-01-09","satellite":"NOAA 21","method":"ANALYSIS","frp_mw":-999.0}},{"type":"Feature","geometry":{"type":"Point","coordinates":[-118.07968,34.207512]},"properties":{"family":"satellite_hotspots","acq_date":"2025-01-09","satellite":"NOAA 21","method":"ANALYSIS","frp_mw":-999.0}},{"type":"Feature","geometry":{"type":"Point","coordinates":[-118.08165,34.205546]},"properties":{"family":"satellite_hotspots","acq_date":"2025-01-09","satellite":"NOAA 21","method":"ANALYSIS","frp_mw":-999.0}},{"type":"Feature","geometry":{"type":"Point","coordinates":[-118.08493,34.206529]},"properties":{"family":"satellite_hotspots","acq_date":"2025-01-09","satellite":"NOAA 21","method":"ANALYSIS","frp_mw":-999.0}},{"type":"Feature","geometry":{"type":"Point","coordinates":[-118.08722,34.205546]},"properties":{"family":"satellite_hotspots","acq_date":"2025-01-09","satellite":"NOAA 21","method":"ANALYSIS","frp_mw":-999.0}},{"type":"Feature","geometry":{"type":"Point","coordinates":[-118.08689,34.210133]},"properties":{"family":"satellite_hotspots","acq_date":"2025-01-09","satellite":"NOAA 21","method":"ANALYSIS","frp_mw":-999.0}},{"type":"Feature","geometry":{"type":"Point","coordinates":[-118.08526,34.211116]},"properties":{"family":"satellite_hotspots","acq_date":"2025-01-09","satellite":"NOAA 21","method":"ANALYSIS","frp_mw":-999.0}},{"type":"Feature","geometry":{"type":"Point","coordinates":[-118.08526,34.208495]},"properties":{"family":"satellite_hotspots","acq_date":"2025-01-09","satellite":"NOAA 21","method":"ANALYSIS","frp_mw":-999.0}},{"type":"Feature","geometry":{"type":"Point","coordinates":[-118.06625,34.201286]},"properties":{"family":"satellite_hotspots","acq_date":"2025-01-09","satellite":"NOAA 21","method":"ANALYSIS","frp_mw":-999.0}},{"type":"Feature","geometry":{"type":"Point","coordinates":[-118.06363,34.201941]},"properties":{"family":"satellite_hotspots","acq_date":"2025-01-09","satellite":"NOAA 21","method":"ANALYSIS","frp_mw":-999.0}},{"type":"Feature","geometry":{"type":"Point","coordinates":[-118.06527,34.204563]},"properties":{"family":"satellite_hotspots","acq_date":"2025-01-09","satellite":"NOAA 21","method":"ANALYSIS","frp_mw":-999.0}},{"type":"Feature","geometry":{"type":"Point","coordinates":[-118.06461,34.208495]},"properties":{"family":"satellite_hotspots","acq_date":"2025-01-09","satellite":"NOAA 21","method":"ANALYSIS","frp_mw":-999.0}},{"type":"Feature","geometry":{"type":"Point","coordinates":[-118.0597,34.21341]},"properties":{"family":"satellite_hotspots","acq_date":"2025-01-09","satellite":"NOAA 21","method":"ANALYSIS","frp_mw":-999.0}},{"type":"Feature","geometry":{"type":"Point","coordinates":[-118.06691,34.216032]},"properties":{"family":"satellite_hotspots","acq_date":"2025-01-09","satellite":"NOAA 21","method":"ANALYSIS","frp_mw":-999.0}},{"type":"Feature","geometry":{"type":"Point","coordinates":[-118.11999,34.224224]},"properties":{"family":"satellite_hotspots","acq_date":"2025-01-09","satellite":"NOAA 21","method":"ANALYSIS","frp_mw":-999.0}},{"type":"Feature","geometry":{"type":"Point","coordinates":[-118.12163,34.223241]},"properties":{"family":"satellite_hotspots","acq_date":"2025-01-09","satellite":"NOAA 21","method":"ANALYSIS","frp_mw":-999.0}},{"type":"Feature","geometry":{"type":"Point","coordinates":[-118.12523,34.196699]},"properties":{"family":"satellite_hotspots","acq_date":"2025-01-09","satellite":"NOAA 21","method":"ANALYSIS","frp_mw":-999.0}},{"type":"Feature","geometry":{"type":"Point","coordinates":[-118.13244,34.19932]},"properties":{"family":"satellite_hotspots","acq_date":"2025-01-09","satellite":"NOAA 21","method":"ANALYSIS","frp_mw":-999.0}},{"type":"Feature","geometry":{"type":"Point","coordinates":[-118.13211,34.196043]},"properties":{"family":"satellite_hotspots","acq_date":"2025-01-09","satellite":"NOAA 21","method":"ANALYSIS","frp_mw":-999.0}},{"type":"Feature","geometry":{"type":"Point","coordinates":[-118.06166,34.210789]},"properties":{"family":"satellite_hotspots","acq_date":"2025-01-09","satellite":"NOAA 21","method":"ANALYSIS","frp_mw":-999.0}},{"type":"Feature","geometry":{"type":"Point","coordinates":[-118.05871,34.213738]},"properties":{"family":"satellite_hotspots","acq_date":"2025-01-09","satellite":"NOAA 21","method":"ANALYSIS","frp_mw":-999.0}},{"type":"Feature","geometry":{"type":"Point","coordinates":[-118.05609,34.212427]},"properties":{"family":"satellite_hotspots","acq_date":"2025-01-09","satellite":"NOAA 21","method":"ANALYSIS","frp_mw":-999.0}},{"type":"Feature","geometry":{"type":"Point","coordinates":[-118.01906,34.177365]},"properties":{"family":"satellite_hotspots","acq_date":"2025-01-09","satellite":"NOAA 21","method":"ANALYSIS","frp_mw":-999.0}},{"type":"Feature","geometry":{"type":"Point","coordinates":[-118.01087,34.186213]},"properties":{"family":"satellite_hotspots","acq_date":"2025-01-09","satellite":"NOAA 21","method":"ANALYSIS","frp_mw":-999.0}},{"type":"Feature","geometry":{"type":"Point","coordinates":[-118.13176,34.185052]},"properties":{"family":"satellite_hotspots","acq_date":"2025-01-09","satellite":"NOAA 21","method":"ANALYSIS","frp_mw":-999.0}},{"type":"Feature","geometry":{"type":"Point","coordinates":[-118.13471,34.188001]},"properties":{"family":"satellite_hotspots","acq_date":"2025-01-09","satellite":"NOAA 21","method":"ANALYSIS","frp_mw":-999.0}},{"type":"Feature","geometry":{"type":"Point","coordinates":[-118.13275,34.189967]},"properties":{"family":"satellite_hotspots","acq_date":"2025-01-09","satellite":"NOAA 21","method":"ANALYSIS","frp_mw":-999.0}},{"type":"Feature","geometry":{"type":"Point","coordinates":[-118.12914,34.191933]},"properties":{"family":"satellite_hotspots","acq_date":"2025-01-09","satellite":"NOAA 21","method":"ANALYSIS","frp_mw":-999.0}},{"type":"Feature","geometry":{"type":"Point","coordinates":[-118.15241,34.188329]},"properties":{"family":"satellite_hotspots","acq_date":"2025-01-09","satellite":"NOAA 21","method":"ANALYSIS","frp_mw":-999.0}},{"type":"Feature","geometry":{"type":"Point","coordinates":[-118.15404,34.192589]},"properties":{"family":"satellite_hotspots","acq_date":"2025-01-09","satellite":"NOAA 21","method":"ANALYSIS","frp_mw":-999.0}},{"type":"Feature","geometry":{"type":"Point","coordinates":[-118.15044,34.198487]},"properties":{"family":"satellite_hotspots","acq_date":"2025-01-09","satellite":"NOAA 21","method":"ANALYSIS","frp_mw":-999.0}},{"type":"Feature","geometry":{"type":"Point","coordinates":[-118.14749,34.194882]},"properties":{"family":"satellite_hotspots","acq_date":"2025-01-09","satellite":"NOAA 21","method":"ANALYSIS","frp_mw":-999.0}},{"type":"Feature","geometry":{"type":"Point","coordinates":[-118.14618,34.190623]},"properties":{"family":"satellite_hotspots","acq_date":"2025-01-09","satellite":"NOAA 21","method":"ANALYSIS","frp_mw":-999.0}},{"type":"Feature","geometry":{"type":"Point","coordinates":[-118.14192,34.192589]},"properties":{"family":"satellite_hotspots","acq_date":"2025-01-09","satellite":"NOAA 21","method":"ANALYSIS","frp_mw":-999.0}},{"type":"Feature","geometry":{"type":"Point","coordinates":[-118.14258,34.200125]},"properties":{"family":"satellite_hotspots","acq_date":"2025-01-09","satellite":"NOAA 21","method":"ANALYSIS","frp_mw":-999.0}},{"type":"Feature","geometry":{"type":"Point","coordinates":[-118.13864,34.196521]},"properties":{"family":"satellite_hotspots","acq_date":"2025-01-09","satellite":"NOAA 21","method":"ANALYSIS","frp_mw":-999.0}},{"type":"Feature","geometry":{"type":"Point","coordinates":[-118.12947,34.181775]},"properties":{"family":"satellite_hotspots","acq_date":"2025-01-09","satellite":"NOAA 21","method":"ANALYSIS","frp_mw":-999.0}},{"type":"Feature","geometry":{"type":"Point","coordinates":[-118.12554,34.18538]},"properties":{"family":"satellite_hotspots","acq_date":"2025-01-09","satellite":"NOAA 21","method":"ANALYSIS","frp_mw":-999.0}},{"type":"Feature","geometry":{"type":"Point","coordinates":[-118.1216,34.18964]},"properties":{"family":"satellite_hotspots","acq_date":"2025-01-09","satellite":"NOAA 21","method":"ANALYSIS","frp_mw":-999.0}},{"type":"Feature","geometry":{"type":"Point","coordinates":[-118.14028,34.201108]},"properties":{"family":"satellite_hotspots","acq_date":"2025-01-09","satellite":"NOAA 21","method":"ANALYSIS","frp_mw":-999.0}},{"type":"Feature","geometry":{"type":"Point","coordinates":[-118.14978,34.202419]},"properties":{"family":"satellite_hotspots","acq_date":"2025-01-09","satellite":"NOAA 21","method":"ANALYSIS","frp_mw":-999.0}},{"type":"Feature","geometry":{"type":"Point","coordinates":[-118.14389,34.198159]},"properties":{"family":"satellite_hotspots","acq_date":"2025-01-09","satellite":"NOAA 21","method":"ANALYSIS","frp_mw":-999.0}},{"type":"Feature","geometry":{"type":"Point","coordinates":[-118.14323,34.194227]},"properties":{"family":"satellite_hotspots","acq_date":"2025-01-09","satellite":"NOAA 21","method":"ANALYSIS","frp_mw":-999.0}},{"type":"Feature","geometry":{"type":"Point","coordinates":[-118.12193,34.191278]},"properties":{"family":"satellite_hotspots","acq_date":"2025-01-09","satellite":"NOAA 21","method":"ANALYSIS","frp_mw":-999.0}},{"type":"Feature","geometry":{"type":"Point","coordinates":[-118.06643,34.219009]},"properties":{"family":"satellite_hotspots","acq_date":"2025-01-09","satellite":"SUOMI NPP","method":"VIIRS","frp_mw":7.901}},{"type":"Feature","geometry":{"type":"Point","coordinates":[-118.05882,34.216637]},"properties":{"family":"satellite_hotspots","acq_date":"2025-01-09","satellite":"SUOMI NPP","method":"VIIRS","frp_mw":6.251}},{"type":"Feature","geometry":{"type":"Point","coordinates":[-118.08212,34.21629]},"properties":{"family":"satellite_hotspots","acq_date":"2025-01-09","satellite":"SUOMI NPP","method":"VIIRS","frp_mw":2.374}},{"type":"Feature","geometry":{"type":"Point","coordinates":[-118.06635,34.211369]},"properties":{"family":"satellite_hotspots","acq_date":"2025-01-09","satellite":"SUOMI NPP","method":"VIIRS","frp_mw":7.901}},{"type":"Feature","geometry":{"type":"Point","coordinates":[-118.0564,34.208275]},"properties":{"family":"satellite_hotspots","acq_date":"2025-01-09","satellite":"SUOMI NPP","method":"VIIRS","frp_mw":6.251}},{"type":"Feature","geometry":{"type":"Point","coordinates":[-118.09386,34.212345]},"properties":{"family":"satellite_hotspots","acq_date":"2025-01-09","satellite":"SUOMI NPP","method":"VIIRS","frp_mw":3.897}},{"type":"Feature","geometry":{"type":"Point","coordinates":[-118.08296,34.208946]},"properties":{"family":"satellite_hotspots","acq_date":"2025-01-09","satellite":"SUOMI NPP","method":"VIIRS","frp_mw":3.759}},{"type":"Feature","geometry":{"type":"Point","coordinates":[-118.07735,34.207195]},"properties":{"family":"satellite_hotspots","acq_date":"2025-01-09","satellite":"SUOMI NPP","method":"VIIRS","frp_mw":3.759}},{"type":"Feature","geometry":{"type":"Point","coordinates":[-118.06643,34.203781]},"properties":{"family":"satellite_hotspots","acq_date":"2025-01-09","satellite":"SUOMI NPP","method":"VIIRS","frp_mw":6.49}},{"type":"Feature","geometry":{"type":"Point","coordinates":[-118.05489,34.200184]},"properties":{"family":"satellite_hotspots","acq_date":"2025-01-09","satellite":"SUOMI NPP","method":"VIIRS","frp_mw":3.016}},{"type":"Feature","geometry":{"type":"Point","coordinates":[-118.14901,34.221947]},"properties":{"family":"satellite_hotspots","acq_date":"2025-01-09","satellite":"SUOMI NPP","method":"VIIRS","frp_mw":1.275}},{"type":"Feature","geometry":{"type":"Point","coordinates":[-118.01849,34.181183]},"properties":{"family":"satellite_hotspots","acq_date":"2025-01-09","satellite":"SUOMI NPP","method":"VIIRS","frp_mw":1.719}},{"type":"Feature","geometry":{"type":"Point","coordinates":[-118.06518,34.212666]},"properties":{"family":"satellite_hotspots","acq_date":"2025-01-09","satellite":"SUOMI NPP","method":"VIIRS","frp_mw":5.832}},{"type":"Feature","geometry":{"type":"Point","coordinates":[-118.05254,34.208817]},"properties":{"family":"satellite_hotspots","acq_date":"2025-01-09","satellite":"SUOMI NPP","method":"VIIRS","frp_mw":5.832}},{"type":"Feature","geometry":{"type":"Point","coordinates":[-118.08979,34.21262]},"properties":{"family":"satellite_hotspots","acq_date":"2025-01-09","satellite":"SUOMI NPP","method":"VIIRS","frp_mw":4.299}},{"type":"Feature","geometry":{"type":"Point","coordinates":[-118.0812,34.209995]},"properties":{"family":"satellite_hotspots","acq_date":"2025-01-09","satellite":"SUOMI NPP","method":"VIIRS","frp_mw":4.299}},{"type":"Feature","geometry":{"type":"Point","coordinates":[-118.07583,34.208347]},"properties":{"family":"satellite_hotspots","acq_date":"2025-01-09","satellite":"SUOMI NPP","method":"VIIRS","frp_mw":11.628}},{"type":"Feature","geometry":{"type":"Point","coordinates":[-118.06494,34.205002]},"properties":{"family":"satellite_hotspots","acq_date":"2025-01-09","satellite":"SUOMI NPP","method":"VIIRS","frp_mw":5.832}},{"type":"Feature","geometry":{"type":"Point","coordinates":[-118.05244,34.201191]},"properties":{"family":"satellite_hotspots","acq_date":"2025-01-09","satellite":"SUOMI NPP","method":"VIIRS","frp_mw":5.832}},{"type":"Feature","geometry":{"type":"Point","coordinates":[-118.01694,34.182728]},"properties":{"family":"satellite_hotspots","acq_date":"2025-01-09","satellite":"SUOMI NPP","method":"VIIRS","frp_mw":1.731}},{"type":"Feature","geometry":{"type":"Point","coordinates":[-118.14668,34.214878]},"properties":{"family":"satellite_hotspots","acq_date":"2025-01-09","satellite":"SUOMI NPP","method":"VIIRS","frp_mw":1.44}},{"type":"Feature","geometry":{"type":"Point","coordinates":[-118.06143,34.211246]},"properties":{"family":"satellite_hotspots","acq_date":"2025-01-09","satellite":"GOES-EAST","method":"FDC","frp_mw":284.338}},{"type":"Feature","geometry":{"type":"Point","coordinates":[-118.136215,34.216312]},"properties":{"family":"satellite_hotspots","acq_date":"2025-01-09","satellite":"GOES-EAST","method":"FDC","frp_mw":288.362}},{"type":"Feature","geometry":{"type":"Point","coordinates":[-118.09829,34.206381]},"properties":{"family":"satellite_hotspots","acq_date":"2025-01-09","satellite":"GOES-EAST","method":"ANALYSIS","frp_mw":-999.0}},{"type":"Feature","geometry":{"type":"Point","coordinates":[-118.09996,34.216358]},"properties":{"family":"satellite_hotspots","acq_date":"2025-01-09","satellite":"GOES-EAST","method":"ANALYSIS","frp_mw":-999.0}},{"type":"Feature","geometry":{"type":"Point","coordinates":[-118.10495,34.189752]},"properties":{"family":"satellite_hotspots","acq_date":"2025-01-09","satellite":"GOES-EAST","method":"ANALYSIS","frp_mw":-999.0}},{"type":"Feature","geometry":{"type":"Point","coordinates":[-118.10328,34.208043]},"properties":{"family":"satellite_hotspots","acq_date":"2025-01-09","satellite":"GOES-EAST","method":"ANALYSIS","frp_mw":-999.0}},{"type":"Feature","geometry":{"type":"Point","coordinates":[-118.10328,34.211369]},"properties":{"family":"satellite_hotspots","acq_date":"2025-01-09","satellite":"GOES-EAST","method":"ANALYSIS","frp_mw":-999.0}},{"type":"Feature","geometry":{"type":"Point","coordinates":[-118.10162,34.189752]},"properties":{"family":"satellite_hotspots","acq_date":"2025-01-09","satellite":"GOES-EAST","method":"ANALYSIS","frp_mw":-999.0}},{"type":"Feature","geometry":{"type":"Point","coordinates":[-118.09996,34.199729]},"properties":{"family":"satellite_hotspots","acq_date":"2025-01-09","satellite":"GOES-EAST","method":"ANALYSIS","frp_mw":-999.0}},{"type":"Feature","geometry":{"type":"Point","coordinates":[-118.10328,34.193078]},"properties":{"family":"satellite_hotspots","acq_date":"2025-01-09","satellite":"GOES-EAST","method":"ANALYSIS","frp_mw":-999.0}},{"type":"Feature","geometry":{"type":"Point","coordinates":[-118.10328,34.196403]},"properties":{"family":"satellite_hotspots","acq_date":"2025-01-09","satellite":"GOES-EAST","method":"ANALYSIS","frp_mw":-999.0}},{"type":"Feature","geometry":{"type":"Point","coordinates":[-118.10328,34.206381]},"properties":{"family":"satellite_hotspots","acq_date":"2025-01-09","satellite":"GOES-EAST","method":"ANALYSIS","frp_mw":-999.0}},{"type":"Feature","geometry":{"type":"Point","coordinates":[-118.10162,34.214695]},"properties":{"family":"satellite_hotspots","acq_date":"2025-01-09","satellite":"GOES-EAST","method":"ANALYSIS","frp_mw":-999.0}},{"type":"Feature","geometry":{"type":"Point","coordinates":[-118.09663,34.216358]},"properties":{"family":"satellite_hotspots","acq_date":"2025-01-09","satellite":"GOES-EAST","method":"ANALYSIS","frp_mw":-999.0}},{"type":"Feature","geometry":{"type":"Point","coordinates":[-118.08998,34.224672]},"properties":{"family":"satellite_hotspots","acq_date":"2025-01-09","satellite":"GOES-EAST","method":"ANALYSIS","frp_mw":-999.0}},{"type":"Feature","geometry":{"type":"Point","coordinates":[-118.08998,34.211369]},"properties":{"family":"satellite_hotspots","acq_date":"2025-01-09","satellite":"GOES-EAST","method":"ANALYSIS","frp_mw":-999.0}},{"type":"Feature","geometry":{"type":"Point","coordinates":[-118.09164,34.203055]},"properties":{"family":"satellite_hotspots","acq_date":"2025-01-09","satellite":"GOES-EAST","method":"ANALYSIS","frp_mw":-999.0}},{"type":"Feature","geometry":{"type":"Point","coordinates":[-118.10827,34.203055]},"properties":{"family":"satellite_hotspots","acq_date":"2025-01-09","satellite":"GOES-EAST","method":"ANALYSIS","frp_mw":-999.0}},{"type":"Feature","geometry":{"type":"Point","coordinates":[-118.10993,34.211369]},"properties":{"family":"satellite_hotspots","acq_date":"2025-01-09","satellite":"GOES-EAST","method":"ANALYSIS","frp_mw":-999.0}},{"type":"Feature","geometry":{"type":"Point","coordinates":[-118.10827,34.209706]},"properties":{"family":"satellite_hotspots","acq_date":"2025-01-09","satellite":"GOES-EAST","method":"ANALYSIS","frp_mw":-999.0}},{"type":"Feature","geometry":{"type":"Point","coordinates":[-118.09829,34.211369]},"properties":{"family":"satellite_hotspots","acq_date":"2025-01-09","satellite":"GOES-EAST","method":"ANALYSIS","frp_mw":-999.0}},{"type":"Feature","geometry":{"type":"Point","coordinates":[-118.09829,34.213032]},"properties":{"family":"satellite_hotspots","acq_date":"2025-01-09","satellite":"GOES-EAST","method":"ANALYSIS","frp_mw":-999.0}},{"type":"Feature","geometry":{"type":"Point","coordinates":[-118.10328,34.209706]},"properties":{"family":"satellite_hotspots","acq_date":"2025-01-09","satellite":"GOES-EAST","method":"ANALYSIS","frp_mw":-999.0}},{"type":"Feature","geometry":{"type":"Point","coordinates":[-118.10162,34.219683]},"properties":{"family":"satellite_hotspots","acq_date":"2025-01-09","satellite":"GOES-EAST","method":"ANALYSIS","frp_mw":-999.0}},{"type":"Feature","geometry":{"type":"Point","coordinates":[-118.09996,34.219683]},"properties":{"family":"satellite_hotspots","acq_date":"2025-01-09","satellite":"GOES-EAST","method":"ANALYSIS","frp_mw":-999.0}},{"type":"Feature","geometry":{"type":"Point","coordinates":[-118.07668,34.218021]},"properties":{"family":"satellite_hotspots","acq_date":"2025-01-09","satellite":"GOES-EAST","method":"ANALYSIS","frp_mw":-999.0}},{"type":"Feature","geometry":{"type":"Point","coordinates":[-118.08665,34.204718]},"properties":{"family":"satellite_hotspots","acq_date":"2025-01-09","satellite":"GOES-EAST","method":"ANALYSIS","frp_mw":-999.0}},{"type":"Feature","geometry":{"type":"Point","coordinates":[-118.09331,34.191415]},"properties":{"family":"satellite_hotspots","acq_date":"2025-01-09","satellite":"GOES-EAST","method":"ANALYSIS","frp_mw":-999.0}},{"type":"Feature","geometry":{"type":"Point","coordinates":[-118.10328,34.216358]},"properties":{"family":"satellite_hotspots","acq_date":"2025-01-09","satellite":"GOES-EAST","method":"ANALYSIS","frp_mw":-999.0}},{"type":"Feature","geometry":{"type":"Point","coordinates":[-118.10328,34.204718]},"properties":{"family":"satellite_hotspots","acq_date":"2025-01-09","satellite":"GOES-EAST","method":"ANALYSIS","frp_mw":-999.0}},{"type":"Feature","geometry":{"type":"Point","coordinates":[-118.09829,34.203055]},"properties":{"family":"satellite_hotspots","acq_date":"2025-01-09","satellite":"GOES-EAST","method":"ANALYSIS","frp_mw":-999.0}},{"type":"Feature","geometry":{"type":"Point","coordinates":[-118.09497,34.196403]},"properties":{"family":"satellite_hotspots","acq_date":"2025-01-09","satellite":"GOES-EAST","method":"ANALYSIS","frp_mw":-999.0}},{"type":"Feature","geometry":{"type":"Point","coordinates":[-118.09663,34.213032]},"properties":{"family":"satellite_hotspots","acq_date":"2025-01-09","satellite":"GOES-EAST","method":"ANALYSIS","frp_mw":-999.0}},{"type":"Feature","geometry":{"type":"Point","coordinates":[-118.10162,34.213032]},"properties":{"family":"satellite_hotspots","acq_date":"2025-01-09","satellite":"GOES-EAST","method":"ANALYSIS","frp_mw":-999.0}},{"type":"Feature","geometry":{"type":"Point","coordinates":[-118.10495,34.211369]},"properties":{"family":"satellite_hotspots","acq_date":"2025-01-09","satellite":"GOES-EAST","method":"ANALYSIS","frp_mw":-999.0}},{"type":"Feature","geometry":{"type":"Point","coordinates":[-118.10993,34.219683]},"properties":{"family":"satellite_hotspots","acq_date":"2025-01-09","satellite":"GOES-EAST","method":"ANALYSIS","frp_mw":-999.0}},{"type":"Feature","geometry":{"type":"Point","coordinates":[-118.10661,34.218021]},"properties":{"family":"satellite_hotspots","acq_date":"2025-01-09","satellite":"GOES-EAST","method":"ANALYSIS","frp_mw":-999.0}},{"type":"Feature","geometry":{"type":"Point","coordinates":[-118.09663,34.218021]},"properties":{"family":"satellite_hotspots","acq_date":"2025-01-09","satellite":"GOES-EAST","method":"ANALYSIS","frp_mw":-999.0}},{"type":"Feature","geometry":{"type":"Point","coordinates":[-118.08333,34.219683]},"properties":{"family":"satellite_hotspots","acq_date":"2025-01-09","satellite":"GOES-EAST","method":"ANALYSIS","frp_mw":-999.0}},{"type":"Feature","geometry":{"type":"Point","coordinates":[-118.07335,34.219683]},"properties":{"family":"satellite_hotspots","acq_date":"2025-01-09","satellite":"GOES-EAST","method":"ANALYSIS","frp_mw":-999.0}},{"type":"Feature","geometry":{"type":"Point","coordinates":[-118.09497,34.204718]},"properties":{"family":"satellite_hotspots","acq_date":"2025-01-09","satellite":"GOES-EAST","method":"ANALYSIS","frp_mw":-999.0}},{"type":"Feature","geometry":{"type":"Point","coordinates":[-118.10162,34.191415]},"properties":{"family":"satellite_hotspots","acq_date":"2025-01-09","satellite":"GOES-EAST","method":"ANALYSIS","frp_mw":-999.0}},{"type":"Feature","geometry":{"type":"Point","coordinates":[-118.10162,34.206381]},"properties":{"family":"satellite_hotspots","acq_date":"2025-01-09","satellite":"GOES-EAST","method":"ANALYSIS","frp_mw":-999.0}},{"type":"Feature","geometry":{"type":"Point","coordinates":[-118.09829,34.218021]},"properties":{"family":"satellite_hotspots","acq_date":"2025-01-09","satellite":"GOES-EAST","method":"ANALYSIS","frp_mw":-999.0}},{"type":"Feature","geometry":{"type":"Point","coordinates":[-118.09829,34.219683]},"properties":{"family":"satellite_hotspots","acq_date":"2025-01-09","satellite":"GOES-EAST","method":"ANALYSIS","frp_mw":-999.0}},{"type":"Feature","geometry":{"type":"Point","coordinates":[-118.09331,34.223009]},"properties":{"family":"satellite_hotspots","acq_date":"2025-01-09","satellite":"GOES-EAST","method":"ANALYSIS","frp_mw":-999.0}},{"type":"Feature","geometry":{"type":"Point","coordinates":[-118.09996,34.221346]},"properties":{"family":"satellite_hotspots","acq_date":"2025-01-09","satellite":"GOES-EAST","method":"ANALYSIS","frp_mw":-999.0}},{"type":"Feature","geometry":{"type":"Point","coordinates":[-118.11659,34.198066]},"properties":{"family":"satellite_hotspots","acq_date":"2025-01-09","satellite":"GOES-EAST","method":"ANALYSIS","frp_mw":-999.0}},{"type":"Feature","geometry":{"type":"Point","coordinates":[-118.139526,34.266048]},"properties":{"family":"satellite_hotspots","acq_date":"2025-01-09","satellite":"GOES-EAST","method":"FDC","frp_mw":-999.0}},{"type":"Feature","geometry":{"type":"Point","coordinates":[-118.10207,34.263508]},"properties":{"family":"satellite_hotspots","acq_date":"2025-01-09","satellite":"GOES-EAST","method":"FDC","frp_mw":285.312}},{"type":"Feature","geometry":{"type":"Point","coordinates":[-118.06911,34.204529]},"properties":{"family":"satellite_hotspots","acq_date":"2025-01-09","satellite":"NOAA 21","method":"VIIRS","frp_mw":8.816}},{"type":"Feature","geometry":{"type":"Point","coordinates":[-118.07702,34.20237]},"properties":{"family":"satellite_hotspots","acq_date":"2025-01-09","satellite":"NOAA 21","method":"VIIRS","frp_mw":7.662}},{"type":"Feature","geometry":{"type":"Point","coordinates":[-118.06192,34.21278]},"properties":{"family":"satellite_hotspots","acq_date":"2025-01-09","satellite":"NOAA 21","method":"VIIRS","frp_mw":8.816}},{"type":"Feature","geometry":{"type":"Point","coordinates":[-118.07106,34.210293]},"properties":{"family":"satellite_hotspots","acq_date":"2025-01-09","satellite":"NOAA 21","method":"VIIRS","frp_mw":8.816}},{"type":"Feature","geometry":{"type":"Point","coordinates":[-118.07999,34.207863]},"properties":{"family":"satellite_hotspots","acq_date":"2025-01-09","satellite":"NOAA 21","method":"VIIRS","frp_mw":7.662}},{"type":"Feature","geometry":{"type":"Point","coordinates":[-118.08699,34.205952]},"properties":{"family":"satellite_hotspots","acq_date":"2025-01-09","satellite":"NOAA 21","method":"VIIRS","frp_mw":7.662}},{"type":"Feature","geometry":{"type":"Point","coordinates":[-118.09347,34.204189]},"properties":{"family":"satellite_hotspots","acq_date":"2025-01-09","satellite":"NOAA 21","method":"VIIRS","frp_mw":7.062}},{"type":"Feature","geometry":{"type":"Point","coordinates":[-118.06273,34.218849]},"properties":{"family":"satellite_hotspots","acq_date":"2025-01-09","satellite":"NOAA 21","method":"VIIRS","frp_mw":117.451}},{"type":"Feature","geometry":{"type":"Point","coordinates":[-118.0821,34.213585]},"properties":{"family":"satellite_hotspots","acq_date":"2025-01-09","satellite":"NOAA 21","method":"VIIRS","frp_mw":51.134}},{"type":"Feature","geometry":{"type":"Point","coordinates":[-118.08733,34.212158]},"properties":{"family":"satellite_hotspots","acq_date":"2025-01-09","satellite":"NOAA 21","method":"VIIRS","frp_mw":51.134}},{"type":"Feature","geometry":{"type":"Point","coordinates":[-118.09191,34.210918]},"properties":{"family":"satellite_hotspots","acq_date":"2025-01-09","satellite":"NOAA 21","method":"VIIRS","frp_mw":9.414}},{"type":"Feature","geometry":{"type":"Point","coordinates":[-118.09667,34.209625]},"properties":{"family":"satellite_hotspots","acq_date":"2025-01-09","satellite":"NOAA 21","method":"VIIRS","frp_mw":9.414}},{"type":"Feature","geometry":{"type":"Point","coordinates":[-118.06325,34.224991]},"properties":{"family":"satellite_hotspots","acq_date":"2025-01-09","satellite":"NOAA 21","method":"VIIRS","frp_mw":117.451}},{"type":"Feature","geometry":{"type":"Point","coordinates":[-118.07184,34.222664]},"properties":{"family":"satellite_hotspots","acq_date":"2025-01-09","satellite":"NOAA 21","method":"VIIRS","frp_mw":117.451}},{"type":"Feature","geometry":{"type":"Point","coordinates":[-118.08229,34.219822]},"properties":{"family":"satellite_hotspots","acq_date":"2025-01-09","satellite":"NOAA 21","method":"VIIRS","frp_mw":51.134}},{"type":"Feature","geometry":{"type":"Point","coordinates":[-118.08803,34.218269]},"properties":{"family":"satellite_hotspots","acq_date":"2025-01-09","satellite":"NOAA 21","method":"VIIRS","frp_mw":51.134}},{"type":"Feature","geometry":{"type":"Point","coordinates":[-118.09219,34.21714]},"properties":{"family":"satellite_hotspots","acq_date":"2025-01-09","satellite":"NOAA 21","method":"VIIRS","frp_mw":9.414}},{"type":"Feature","geometry":{"type":"Point","coordinates":[-118.09611,34.216076]},"properties":{"family":"satellite_hotspots","acq_date":"2025-01-09","satellite":"NOAA 21","method":"VIIRS","frp_mw":9.414}},{"type":"Feature","geometry":{"type":"Point","coordinates":[-118.10053,34.214878]},"properties":{"family":"satellite_hotspots","acq_date":"2025-01-09","satellite":"NOAA 21","method":"VIIRS","frp_mw":12.368}},{"type":"Feature","geometry":{"type":"Point","coordinates":[-118.07098,34.229179]},"properties":{"family":"satellite_hotspots","acq_date":"2025-01-09","satellite":"NOAA 21","method":"VIIRS","frp_mw":43.658}},{"type":"Feature","geometry":{"type":"Point","coordinates":[-118.08092,34.226486]},"properties":{"family":"satellite_hotspots","acq_date":"2025-01-09","satellite":"NOAA 21","method":"VIIRS","frp_mw":27.897}},{"type":"Feature","geometry":{"type":"Point","coordinates":[-118.08763,34.22467]},"properties":{"family":"satellite_hotspots","acq_date":"2025-01-09","satellite":"NOAA 21","method":"VIIRS","frp_mw":27.897}},{"type":"Feature","geometry":{"type":"Point","coordinates":[-118.09257,34.223331]},"properties":{"family":"satellite_hotspots","acq_date":"2025-01-09","satellite":"NOAA 21","method":"VIIRS","frp_mw":19.218}},{"type":"Feature","geometry":{"type":"Point","coordinates":[-118.09693,34.222149]},"properties":{"family":"satellite_hotspots","acq_date":"2025-01-09","satellite":"NOAA 21","method":"VIIRS","frp_mw":19.218}},{"type":"Feature","geometry":{"type":"Point","coordinates":[-118.10126,34.220978]},"properties":{"family":"satellite_hotspots","acq_date":"2025-01-09","satellite":"NOAA 21","method":"VIIRS","frp_mw":28.976}},{"type":"Feature","geometry":{"type":"Point","coordinates":[-118.10617,34.219646]},"properties":{"family":"satellite_hotspots","acq_date":"2025-01-09","satellite":"NOAA 21","method":"VIIRS","frp_mw":28.976}},{"type":"Feature","geometry":{"type":"Point","coordinates":[-118.11305,34.217781]},"properties":{"family":"satellite_hotspots","acq_date":"2025-01-09","satellite":"NOAA 21","method":"VIIRS","frp_mw":25.375}},{"type":"Feature","geometry":{"type":"Point","coordinates":[-118.08042,34.23291]},"properties":{"family":"satellite_hotspots","acq_date":"2025-01-09","satellite":"NOAA 21","method":"VIIRS","frp_mw":27.897}},{"type":"Feature","geometry":{"type":"Point","coordinates":[-118.08646,34.231281]},"properties":{"family":"satellite_hotspots","acq_date":"2025-01-09","satellite":"NOAA 21","method":"VIIRS","frp_mw":27.897}},{"type":"Feature","geometry":{"type":"Point","coordinates":[-118.09199,34.229786]},"properties":{"family":"satellite_hotspots","acq_date":"2025-01-09","satellite":"NOAA 21","method":"VIIRS","frp_mw":19.218}},{"type":"Feature","geometry":{"type":"Point","coordinates":[-118.10574,34.226059]},"properties":{"family":"satellite_hotspots","acq_date":"2025-01-09","satellite":"NOAA 21","method":"VIIRS","frp_mw":28.976}},{"type":"Feature","geometry":{"type":"Point","coordinates":[-118.11232,34.224281]},"properties":{"family":"satellite_hotspots","acq_date":"2025-01-09","satellite":"NOAA 21","method":"VIIRS","frp_mw":25.375}},{"type":"Feature","geometry":{"type":"Point","coordinates":[-118.12003,34.222191]},"properties":{"family":"satellite_hotspots","acq_date":"2025-01-09","satellite":"NOAA 21","method":"VIIRS","frp_mw":25.375}},{"type":"Feature","geometry":{"type":"Point","coordinates":[-118.10638,34.232189]},"properties":{"family":"satellite_hotspots","acq_date":"2025-01-09","satellite":"NOAA 21","method":"VIIRS","frp_mw":74.335}},{"type":"Feature","geometry":{"type":"Point","coordinates":[-118.12229,34.227886]},"properties":{"family":"satellite_hotspots","acq_date":"2025-01-09","satellite":"NOAA 21","method":"VIIRS","frp_mw":175.84}},{"type":"Feature","geometry":{"type":"Point","coordinates":[-118.13021,34.225739]},"properties":{"family":"satellite_hotspots","acq_date":"2025-01-09","satellite":"NOAA 21","method":"VIIRS","frp_mw":11.034}},{"type":"Feature","geometry":{"type":"Point","coordinates":[-118.11222,34.229088]},"properties":{"family":"satellite_hotspots","acq_date":"2025-01-09","satellite":"NOAA 21","method":"VIIRS","frp_mw":236.949}},{"type":"Feature","geometry":{"type":"Point","coordinates":[-118.06448,34.206577]},"properties":{"family":"satellite_hotspots","acq_date":"2025-01-09","satellite":"SUOMI NPP","method":"VIIRS","frp_mw":10.732}},{"type":"Feature","geometry":{"type":"Point","coordinates":[-118.06998,34.20541]},"properties":{"family":"satellite_hotspots","acq_date":"2025-01-09","satellite":"SUOMI NPP","method":"VIIRS","frp_mw":10.732}},{"type":"Feature","geometry":{"type":"Point","coordinates":[-118.07549,34.204231]},"properties":{"family":"satellite_hotspots","acq_date":"2025-01-09","satellite":"SUOMI NPP","method":"VIIRS","frp_mw":16.055}},{"type":"Feature","geometry":{"type":"Point","coordinates":[-118.06039,34.211803]},"properties":{"family":"satellite_hotspots","acq_date":"2025-01-09","satellite":"SUOMI NPP","method":"VIIRS","frp_mw":4.979}},{"type":"Feature","geometry":{"type":"Point","coordinates":[-118.06522,34.210781]},"properties":{"family":"satellite_hotspots","acq_date":"2025-01-09","satellite":"SUOMI NPP","method":"VIIRS","frp_mw":10.732}},{"type":"Feature","geometry":{"type":"Point","coordinates":[-118.07117,34.209511]},"properties":{"family":"satellite_hotspots","acq_date":"2025-01-09","satellite":"SUOMI NPP","method":"VIIRS","frp_mw":10.732}},{"type":"Feature","geometry":{"type":"Point","coordinates":[-118.07697,34.208279]},"properties":{"family":"satellite_hotspots","acq_date":"2025-01-09","satellite":"SUOMI NPP","method":"VIIRS","frp_mw":16.055}},{"type":"Feature","geometry":{"type":"Point","coordinates":[-118.08233,34.207134]},"properties":{"family":"satellite_hotspots","acq_date":"2025-01-09","satellite":"SUOMI NPP","method":"VIIRS","frp_mw":16.055}},{"type":"Feature","geometry":{"type":"Point","coordinates":[-118.07239,34.213608]},"properties":{"family":"satellite_hotspots","acq_date":"2025-01-09","satellite":"SUOMI NPP","method":"VIIRS","frp_mw":221.192}},{"type":"Feature","geometry":{"type":"Point","coordinates":[-118.0784,34.21233]},"properties":{"family":"satellite_hotspots","acq_date":"2025-01-09","satellite":"SUOMI NPP","method":"VIIRS","frp_mw":16.595}},{"type":"Feature","geometry":{"type":"Point","coordinates":[-118.08345,34.211258]},"properties":{"family":"satellite_hotspots","acq_date":"2025-01-09","satellite":"SUOMI NPP","method":"VIIRS","frp_mw":16.595}},{"type":"Feature","geometry":{"type":"Point","coordinates":[-118.08807,34.210278]},"properties":{"family":"satellite_hotspots","acq_date":"2025-01-09","satellite":"SUOMI NPP","method":"VIIRS","frp_mw":4.12}},{"type":"Feature","geometry":{"type":"Point","coordinates":[-118.06165,34.220245]},"properties":{"family":"satellite_hotspots","acq_date":"2025-01-09","satellite":"SUOMI NPP","method":"VIIRS","frp_mw":56.987}},{"type":"Feature","geometry":{"type":"Point","coordinates":[-118.06701,34.219109]},"properties":{"family":"satellite_hotspots","acq_date":"2025-01-09","satellite":"SUOMI NPP","method":"VIIRS","frp_mw":221.192}},{"type":"Feature","geometry":{"type":"Point","coordinates":[-118.07313,34.217808]},"properties":{"family":"satellite_hotspots","acq_date":"2025-01-09","satellite":"SUOMI NPP","method":"VIIRS","frp_mw":221.192}},{"type":"Feature","geometry":{"type":"Point","coordinates":[-118.07918,34.216518]},"properties":{"family":"satellite_hotspots","acq_date":"2025-01-09","satellite":"SUOMI NPP","method":"VIIRS","frp_mw":16.595}},{"type":"Feature","geometry":{"type":"Point","coordinates":[-118.08424,34.215443]},"properties":{"family":"satellite_hotspots","acq_date":"2025-01-09","satellite":"SUOMI NPP","method":"VIIRS","frp_mw":16.595}},{"type":"Feature","geometry":{"type":"Point","coordinates":[-118.08871,34.214497]},"properties":{"family":"satellite_hotspots","acq_date":"2025-01-09","satellite":"SUOMI NPP","method":"VIIRS","frp_mw":4.12}},{"type":"Feature","geometry":{"type":"Point","coordinates":[-118.09266,34.213661]},"properties":{"family":"satellite_hotspots","acq_date":"2025-01-09","satellite":"SUOMI NPP","method":"VIIRS","frp_mw":4.12}},{"type":"Feature","geometry":{"type":"Point","coordinates":[-118.06765,34.223324]},"properties":{"family":"satellite_hotspots","acq_date":"2025-01-09","satellite":"SUOMI NPP","method":"VIIRS","frp_mw":78.036}},{"type":"Feature","geometry":{"type":"Point","coordinates":[-118.0737,34.222046]},"properties":{"family":"satellite_hotspots","acq_date":"2025-01-09","satellite":"SUOMI NPP","method":"VIIRS","frp_mw":78.036}},{"type":"Feature","geometry":{"type":"Point","coordinates":[-118.07979,34.220753]},"properties":{"family":"satellite_hotspots","acq_date":"2025-01-09","satellite":"SUOMI NPP","method":"VIIRS","frp_mw":28.278}},{"type":"Feature","geometry":{"type":"Point","coordinates":[-118.08501,34.219643]},"properties":{"family":"satellite_hotspots","acq_date":"2025-01-09","satellite":"SUOMI NPP","method":"VIIRS","frp_mw":28.278}},{"type":"Feature","geometry":{"type":"Point","coordinates":[-118.08952,34.218693]},"properties":{"family":"satellite_hotspots","acq_date":"2025-01-09","satellite":"SUOMI NPP","method":"VIIRS","frp_mw":6.611}},{"type":"Feature","geometry":{"type":"Point","coordinates":[-118.09347,34.217846]},"properties":{"family":"satellite_hotspots","acq_date":"2025-01-09","satellite":"SUOMI NPP","method":"VIIRS","frp_mw":6.611}},{"type":"Feature","geometry":{"type":"Point","coordinates":[-118.09755,34.216988]},"properties":{"family":"satellite_hotspots","acq_date":"2025-01-09","satellite":"SUOMI NPP","method":"VIIRS","frp_mw":9.837}},{"type":"Feature","geometry":{"type":"Point","coordinates":[-118.10181,34.216084]},"properties":{"family":"satellite_hotspots","acq_date":"2025-01-09","satellite":"SUOMI NPP","method":"VIIRS","frp_mw":9.837}},{"type":"Feature","geometry":{"type":"Point","coordinates":[-118.06829,34.227543]},"properties":{"family":"satellite_hotspots","acq_date":"2025-01-09","satellite":"SUOMI NPP","method":"VIIRS","frp_mw":78.036}},{"type":"Feature","geometry":{"type":"Point","coordinates":[-118.07394,34.226345]},"properties":{"family":"satellite_hotspots","acq_date":"2025-01-09","satellite":"SUOMI NPP","method":"VIIRS","frp_mw":78.036}},{"type":"Feature","geometry":{"type":"Point","coordinates":[-118.08003,34.225056]},"properties":{"family":"satellite_hotspots","acq_date":"2025-01-09","satellite":"SUOMI NPP","method":"VIIRS","frp_mw":28.278}},{"type":"Feature","geometry":{"type":"Point","coordinates":[-118.08531,34.223942]},"properties":{"family":"satellite_hotspots","acq_date":"2025-01-09","satellite":"SUOMI NPP","method":"VIIRS","frp_mw":28.278}},{"type":"Feature","geometry":{"type":"Point","coordinates":[-118.08998,34.22295]},"properties":{"family":"satellite_hotspots","acq_date":"2025-01-09","satellite":"SUOMI NPP","method":"VIIRS","frp_mw":6.611}},{"type":"Feature","geometry":{"type":"Point","coordinates":[-118.0942,34.222057]},"properties":{"family":"satellite_hotspots","acq_date":"2025-01-09","satellite":"SUOMI NPP","method":"VIIRS","frp_mw":6.611}},{"type":"Feature","geometry":{"type":"Point","coordinates":[-118.09833,34.22118]},"properties":{"family":"satellite_hotspots","acq_date":"2025-01-09","satellite":"SUOMI NPP","method":"VIIRS","frp_mw":9.837}},{"type":"Feature","geometry":{"type":"Point","coordinates":[-118.10255,34.220287]},"properties":{"family":"satellite_hotspots","acq_date":"2025-01-09","satellite":"SUOMI NPP","method":"VIIRS","frp_mw":9.837}},{"type":"Feature","geometry":{"type":"Point","coordinates":[-118.10712,34.219318]},"properties":{"family":"satellite_hotspots","acq_date":"2025-01-09","satellite":"SUOMI NPP","method":"VIIRS","frp_mw":8.757}},{"type":"Feature","geometry":{"type":"Point","coordinates":[-118.11226,34.218231]},"properties":{"family":"satellite_hotspots","acq_date":"2025-01-09","satellite":"SUOMI NPP","method":"VIIRS","frp_mw":8.757}},{"type":"Feature","geometry":{"type":"Point","coordinates":[-118.07478,34.230522]},"properties":{"family":"satellite_hotspots","acq_date":"2025-01-09","satellite":"SUOMI NPP","method":"VIIRS","frp_mw":39.905}},{"type":"Feature","geometry":{"type":"Point","coordinates":[-118.08034,34.229347]},"properties":{"family":"satellite_hotspots","acq_date":"2025-01-09","satellite":"SUOMI NPP","method":"VIIRS","frp_mw":26.696}},{"type":"Feature","geometry":{"type":"Point","coordinates":[-118.08546,34.228264]},"properties":{"family":"satellite_hotspots","acq_date":"2025-01-09","satellite":"SUOMI NPP","method":"VIIRS","frp_mw":26.696}},{"type":"Feature","geometry":{"type":"Point","coordinates":[-118.09022,34.227261]},"properties":{"family":"satellite_hotspots","acq_date":"2025-01-09","satellite":"SUOMI NPP","method":"VIIRS","frp_mw":9.068}},{"type":"Feature","geometry":{"type":"Point","coordinates":[-118.09461,34.22633]},"properties":{"family":"satellite_hotspots","acq_date":"2025-01-09","satellite":"SUOMI NPP","method":"VIIRS","frp_mw":9.068}},{"type":"Feature","geometry":{"type":"Point","coordinates":[-118.09876,34.225445]},"properties":{"family":"satellite_hotspots","acq_date":"2025-01-09","satellite":"SUOMI NPP","method":"VIIRS","frp_mw":13.252}},{"type":"Feature","geometry":{"type":"Point","coordinates":[-118.10292,34.224571]},"properties":{"family":"satellite_hotspots","acq_date":"2025-01-09","satellite":"SUOMI NPP","method":"VIIRS","frp_mw":13.252}},{"type":"Feature","geometry":{"type":"Point","coordinates":[-118.10757,34.223583]},"properties":{"family":"satellite_hotspots","acq_date":"2025-01-09","satellite":"SUOMI NPP","method":"VIIRS","frp_mw":67.939}},{"type":"Feature","geometry":{"type":"Point","coordinates":[-118.11262,34.222519]},"properties":{"family":"satellite_hotspots","acq_date":"2025-01-09","satellite":"SUOMI NPP","method":"VIIRS","frp_mw":67.939}},{"type":"Feature","geometry":{"type":"Point","coordinates":[-118.11799,34.221382]},"properties":{"family":"satellite_hotspots","acq_date":"2025-01-09","satellite":"SUOMI NPP","method":"VIIRS","frp_mw":9.826}},{"type":"Feature","geometry":{"type":"Point","coordinates":[-118.08098,34.233566]},"properties":{"family":"satellite_hotspots","acq_date":"2025-01-09","satellite":"SUOMI NPP","method":"VIIRS","frp_mw":26.696}},{"type":"Feature","geometry":{"type":"Point","coordinates":[-118.08579,34.232552]},"properties":{"family":"satellite_hotspots","acq_date":"2025-01-09","satellite":"SUOMI NPP","method":"VIIRS","frp_mw":26.696}},{"type":"Feature","geometry":{"type":"Point","coordinates":[-118.09049,34.231556]},"properties":{"family":"satellite_hotspots","acq_date":"2025-01-09","satellite":"SUOMI NPP","method":"VIIRS","frp_mw":9.068}},{"type":"Feature","geometry":{"type":"Point","coordinates":[-118.10818,34.227821]},"properties":{"family":"satellite_hotspots","acq_date":"2025-01-09","satellite":"SUOMI NPP","method":"VIIRS","frp_mw":67.939}},{"type":"Feature","geometry":{"type":"Point","coordinates":[-118.11352,34.226696]},"properties":{"family":"satellite_hotspots","acq_date":"2025-01-09","satellite":"SUOMI NPP","method":"VIIRS","frp_mw":67.939}},{"type":"Feature","geometry":{"type":"Point","coordinates":[-118.11905,34.225521]},"properties":{"family":"satellite_hotspots","acq_date":"2025-01-09","satellite":"SUOMI NPP","method":"VIIRS","frp_mw":9.826}},{"type":"Feature","geometry":{"type":"Point","coordinates":[-118.06845,34.202351]},"properties":{"family":"satellite_hotspots","acq_date":"2025-01-09","satellite":"NOAA 20","method":"VIIRS","frp_mw":11.286}},{"type":"Feature","geometry":{"type":"Point","coordinates":[-118.07265,34.201691]},"properties":{"family":"satellite_hotspots","acq_date":"2025-01-09","satellite":"NOAA 20","method":"VIIRS","frp_mw":7.851}},{"type":"Feature","geometry":{"type":"Point","coordinates":[-118.06496,34.206291]},"properties":{"family":"satellite_hotspots","acq_date":"2025-01-09","satellite":"NOAA 20","method":"VIIRS","frp_mw":11.286}},{"type":"Feature","geometry":{"type":"Point","coordinates":[-118.06916,34.205631]},"properties":{"family":"satellite_hotspots","acq_date":"2025-01-09","satellite":"NOAA 20","method":"VIIRS","frp_mw":11.286}},{"type":"Feature","geometry":{"type":"Point","coordinates":[-118.07336,34.204971]},"properties":{"family":"satellite_hotspots","acq_date":"2025-01-09","satellite":"NOAA 20","method":"VIIRS","frp_mw":7.851}},{"type":"Feature","geometry":{"type":"Point","coordinates":[-118.07757,34.204315]},"properties":{"family":"satellite_hotspots","acq_date":"2025-01-09","satellite":"NOAA 20","method":"VIIRS","frp_mw":7.851}},{"type":"Feature","geometry":{"type":"Point","coordinates":[-118.0615,34.210224]},"properties":{"family":"satellite_hotspots","acq_date":"2025-01-09","satellite":"NOAA 20","method":"VIIRS","frp_mw":22.154}},{"type":"Feature","geometry":{"type":"Point","coordinates":[-118.06567,34.209568]},"properties":{"family":"satellite_hotspots","acq_date":"2025-01-09","satellite":"NOAA 20","method":"VIIRS","frp_mw":73.188}},{"type":"Feature","geometry":{"type":"Point","coordinates":[-118.06988,34.208912]},"properties":{"family":"satellite_hotspots","acq_date":"2025-01-09","satellite":"NOAA 20","method":"VIIRS","frp_mw":73.188}},{"type":"Feature","geometry":{"type":"Point","coordinates":[-118.07412,34.208252]},"properties":{"family":"satellite_hotspots","acq_date":"2025-01-09","satellite":"NOAA 20","method":"VIIRS","frp_mw":27.548}},{"type":"Feature","geometry":{"type":"Point","coordinates":[-118.07833,34.207592]},"properties":{"family":"satellite_hotspots","acq_date":"2025-01-09","satellite":"NOAA 20","method":"VIIRS","frp_mw":27.548}},{"type":"Feature","geometry":{"type":"Point","coordinates":[-118.08253,34.206936]},"properties":{"family":"satellite_hotspots","acq_date":"2025-01-09","satellite":"NOAA 20","method":"VIIRS","frp_mw":6.643}},{"type":"Feature","geometry":{"type":"Point","coordinates":[-118.0622,34.213509]},"properties":{"family":"satellite_hotspots","acq_date":"2025-01-09","satellite":"NOAA 20","method":"VIIRS","frp_mw":22.154}},{"type":"Feature","geometry":{"type":"Point","coordinates":[-118.06641,34.212852]},"properties":{"family":"satellite_hotspots","acq_date":"2025-01-09","satellite":"NOAA 20","method":"VIIRS","frp_mw":73.188}},{"type":"Feature","geometry":{"type":"Point","coordinates":[-118.07063,34.212193]},"properties":{"family":"satellite_hotspots","acq_date":"2025-01-09","satellite":"NOAA 20","method":"VIIRS","frp_mw":73.188}},{"type":"Feature","geometry":{"type":"Point","coordinates":[-118.07488,34.211529]},"properties":{"family":"satellite_hotspots","acq_date":"2025-01-09","satellite":"NOAA 20","method":"VIIRS","frp_mw":27.548}},{"type":"Feature","geometry":{"type":"Point","coordinates":[-118.07908,34.210873]},"properties":{"family":"satellite_hotspots","acq_date":"2025-01-09","satellite":"NOAA 20","method":"VIIRS","frp_mw":27.548}},{"type":"Feature","geometry":{"type":"Point","coordinates":[-118.08326,34.210217]},"properties":{"family":"satellite_hotspots","acq_date":"2025-01-09","satellite":"NOAA 20","method":"VIIRS","frp_mw":6.643}},{"type":"Feature","geometry":{"type":"Point","coordinates":[-118.0629,34.216789]},"properties":{"family":"satellite_hotspots","acq_date":"2025-01-09","satellite":"NOAA 20","method":"VIIRS","frp_mw":162.375}},{"type":"Feature","geometry":{"type":"Point","coordinates":[-118.06713,34.216129]},"properties":{"family":"satellite_hotspots","acq_date":"2025-01-09","satellite":"NOAA 20","method":"VIIRS","frp_mw":295.427}},{"type":"Feature","geometry":{"type":"Point","coordinates":[-118.07137,34.215469]},"properties":{"family":"satellite_hotspots","acq_date":"2025-01-09","satellite":"NOAA 20","method":"VIIRS","frp_mw":295.427}},{"type":"Feature","geometry":{"type":"Point","coordinates":[-118.0756,34.214813]},"properties":{"family":"satellite_hotspots","acq_date":"2025-01-09","satellite":"NOAA 20","method":"VIIRS","frp_mw":18.649}},{"type":"Feature","geometry":{"type":"Point","coordinates":[-118.07983,34.214149]},"properties":{"family":"satellite_hotspots","acq_date":"2025-01-09","satellite":"NOAA 20","method":"VIIRS","frp_mw":18.649}},{"type":"Feature","geometry":{"type":"Point","coordinates":[-118.08398,34.213497]},"properties":{"family":"satellite_hotspots","acq_date":"2025-01-09","satellite":"NOAA 20","method":"VIIRS","frp_mw":7.805}},{"type":"Feature","geometry":{"type":"Point","coordinates":[-118.06363,34.220066]},"properties":{"family":"satellite_hotspots","acq_date":"2025-01-09","satellite":"NOAA 20","method":"VIIRS","frp_mw":162.375}},{"type":"Feature","geometry":{"type":"Point","coordinates":[-118.06786,34.21941]},"properties":{"family":"satellite_hotspots","acq_date":"2025-01-09","satellite":"NOAA 20","method":"VIIRS","frp_mw":295.427}},{"type":"Feature","geometry":{"type":"Point","coordinates":[-118.07207,34.218754]},"properties":{"family":"satellite_hotspots","acq_date":"2025-01-09","satellite":"NOAA 20","method":"VIIRS","frp_mw":295.427}},{"type":"Feature","geometry":{"type":"Point","coordinates":[-118.07631,34.21809]},"properties":{"family":"satellite_hotspots","acq_date":"2025-01-09","satellite":"NOAA 20","method":"VIIRS","frp_mw":18.649}},{"type":"Feature","geometry":{"type":"Point","coordinates":[-118.08053,34.21743]},"properties":{"family":"satellite_hotspots","acq_date":"2025-01-09","satellite":"NOAA 20","method":"VIIRS","frp_mw":18.649}},{"type":"Feature","geometry":{"type":"Point","coordinates":[-118.08469,34.216782]},"properties":{"family":"satellite_hotspots","acq_date":"2025-01-09","satellite":"NOAA 20","method":"VIIRS","frp_mw":7.805}},{"type":"Feature","geometry":{"type":"Point","coordinates":[-118.08884,34.216129]},"properties":{"family":"satellite_hotspots","acq_date":"2025-01-09","satellite":"NOAA 20","method":"VIIRS","frp_mw":7.805}},{"type":"Feature","geometry":{"type":"Point","coordinates":[-118.09292,34.215485]},"properties":{"family":"satellite_hotspots","acq_date":"2025-01-09","satellite":"NOAA 20","method":"VIIRS","frp_mw":7.307}},{"type":"Feature","geometry":{"type":"Point","coordinates":[-118.06435,34.223347]},"properties":{"family":"satellite_hotspots","acq_date":"2025-01-09","satellite":"NOAA 20","method":"VIIRS","frp_mw":59.815}},{"type":"Feature","geometry":{"type":"Point","coordinates":[-118.06855,34.222694]},"properties":{"family":"satellite_hotspots","acq_date":"2025-01-09","satellite":"NOAA 20","method":"VIIRS","frp_mw":65.4}},{"type":"Feature","geometry":{"type":"Point","coordinates":[-118.07278,34.222034]},"properties":{"family":"satellite_hotspots","acq_date":"2025-01-09","satellite":"NOAA 20","method":"VIIRS","frp_mw":65.4}},{"type":"Feature","geometry":{"type":"Point","coordinates":[-118.08124,34.220715]},"properties":{"family":"satellite_hotspots","acq_date":"2025-01-09","satellite":"NOAA 20","method":"VIIRS","frp_mw":45.321}},{"type":"Feature","geometry":{"type":"Point","coordinates":[-118.08542,34.220062]},"properties":{"family":"satellite_hotspots","acq_date":"2025-01-09","satellite":"NOAA 20","method":"VIIRS","frp_mw":8.792}},{"type":"Feature","geometry":{"type":"Point","coordinates":[-118.08955,34.21941]},"properties":{"family":"satellite_hotspots","acq_date":"2025-01-09","satellite":"NOAA 20","method":"VIIRS","frp_mw":8.792}},{"type":"Feature","geometry":{"type":"Point","coordinates":[-118.09364,34.218769]},"properties":{"family":"satellite_hotspots","acq_date":"2025-01-09","satellite":"NOAA 20","method":"VIIRS","frp_mw":7.202}},{"type":"Feature","geometry":{"type":"Point","coordinates":[-118.09772,34.218121]},"properties":{"family":"satellite_hotspots","acq_date":"2025-01-09","satellite":"NOAA 20","method":"VIIRS","frp_mw":7.202}},{"type":"Feature","geometry":{"type":"Point","coordinates":[-118.10185,34.217472]},"properties":{"family":"satellite_hotspots","acq_date":"2025-01-09","satellite":"NOAA 20","method":"VIIRS","frp_mw":7.216}},{"type":"Feature","geometry":{"type":"Point","coordinates":[-118.10599,34.21682]},"properties":{"family":"satellite_hotspots","acq_date":"2025-01-09","satellite":"NOAA 20","method":"VIIRS","frp_mw":7.216}},{"type":"Feature","geometry":{"type":"Point","coordinates":[-118.06924,34.225971]},"properties":{"family":"satellite_hotspots","acq_date":"2025-01-09","satellite":"NOAA 20","method":"VIIRS","frp_mw":65.4}},{"type":"Feature","geometry":{"type":"Point","coordinates":[-118.07348,34.225315]},"properties":{"family":"satellite_hotspots","acq_date":"2025-01-09","satellite":"NOAA 20","method":"VIIRS","frp_mw":65.4}},{"type":"Feature","geometry":{"type":"Point","coordinates":[-118.07771,34.224659]},"properties":{"family":"satellite_hotspots","acq_date":"2025-01-09","satellite":"NOAA 20","method":"VIIRS","frp_mw":45.321}},{"type":"Feature","geometry":{"type":"Point","coordinates":[-118.08191,34.224003]},"properties":{"family":"satellite_hotspots","acq_date":"2025-01-09","satellite":"NOAA 20","method":"VIIRS","frp_mw":45.321}},{"type":"Feature","geometry":{"type":"Point","coordinates":[-118.08611,34.223351]},"properties":{"family":"satellite_hotspots","acq_date":"2025-01-09","satellite":"NOAA 20","method":"VIIRS","frp_mw":8.792}},{"type":"Feature","geometry":{"type":"Point","coordinates":[-118.09023,34.222698]},"properties":{"family":"satellite_hotspots","acq_date":"2025-01-09","satellite":"NOAA 20","method":"VIIRS","frp_mw":8.792}},{"type":"Feature","geometry":{"type":"Point","coordinates":[-118.09435,34.22205]},"properties":{"family":"satellite_hotspots","acq_date":"2025-01-09","satellite":"NOAA 20","method":"VIIRS","frp_mw":7.202}},{"type":"Feature","geometry":{"type":"Point","coordinates":[-118.09843,34.221397]},"properties":{"family":"satellite_hotspots","acq_date":"2025-01-09","satellite":"NOAA 20","method":"VIIRS","frp_mw":7.202}},{"type":"Feature","geometry":{"type":"Point","coordinates":[-118.10255,34.220753]},"properties":{"family":"satellite_hotspots","acq_date":"2025-01-09","satellite":"NOAA 20","method":"VIIRS","frp_mw":7.216}},{"type":"Feature","geometry":{"type":"Point","coordinates":[-118.10669,34.2201]},"properties":{"family":"satellite_hotspots","acq_date":"2025-01-09","satellite":"NOAA 20","method":"VIIRS","frp_mw":7.216}},{"type":"Feature","geometry":{"type":"Point","coordinates":[-118.11086,34.219448]},"properties":{"family":"satellite_hotspots","acq_date":"2025-01-09","satellite":"NOAA 20","method":"VIIRS","frp_mw":4.868}},{"type":"Feature","geometry":{"type":"Point","coordinates":[-118.06995,34.229256]},"properties":{"family":"satellite_hotspots","acq_date":"2025-01-09","satellite":"NOAA 20","method":"VIIRS","frp_mw":30.554}},{"type":"Feature","geometry":{"type":"Point","coordinates":[-118.07416,34.228596]},"properties":{"family":"satellite_hotspots","acq_date":"2025-01-09","satellite":"NOAA 20","method":"VIIRS","frp_mw":30.554}},{"type":"Feature","geometry":{"type":"Point","coordinates":[-118.0784,34.227943]},"properties":{"family":"satellite_hotspots","acq_date":"2025-01-09","satellite":"NOAA 20","method":"VIIRS","frp_mw":37.373}},{"type":"Feature","geometry":{"type":"Point","coordinates":[-118.08259,34.227287]},"properties":{"family":"satellite_hotspots","acq_date":"2025-01-09","satellite":"NOAA 20","method":"VIIRS","frp_mw":37.373}},{"type":"Feature","geometry":{"type":"Point","coordinates":[-118.08678,34.226631]},"properties":{"family":"satellite_hotspots","acq_date":"2025-01-09","satellite":"NOAA 20","method":"VIIRS","frp_mw":21.677}},{"type":"Feature","geometry":{"type":"Point","coordinates":[-118.09091,34.225979]},"properties":{"family":"satellite_hotspots","acq_date":"2025-01-09","satellite":"NOAA 20","method":"VIIRS","frp_mw":21.677}},{"type":"Feature","geometry":{"type":"Point","coordinates":[-118.09504,34.225334]},"properties":{"family":"satellite_hotspots","acq_date":"2025-01-09","satellite":"NOAA 20","method":"VIIRS","frp_mw":5.702}},{"type":"Feature","geometry":{"type":"Point","coordinates":[-118.09914,34.224686]},"properties":{"family":"satellite_hotspots","acq_date":"2025-01-09","satellite":"NOAA 20","method":"VIIRS","frp_mw":5.702}},{"type":"Feature","geometry":{"type":"Point","coordinates":[-118.10323,34.224041]},"properties":{"family":"satellite_hotspots","acq_date":"2025-01-09","satellite":"NOAA 20","method":"VIIRS","frp_mw":20.832}},{"type":"Feature","geometry":{"type":"Point","coordinates":[-118.10737,34.223389]},"properties":{"family":"satellite_hotspots","acq_date":"2025-01-09","satellite":"NOAA 20","method":"VIIRS","frp_mw":20.832}},{"type":"Feature","geometry":{"type":"Point","coordinates":[-118.11155,34.222733]},"properties":{"family":"satellite_hotspots","acq_date":"2025-01-09","satellite":"NOAA 20","method":"VIIRS","frp_mw":43.757}},{"type":"Feature","geometry":{"type":"Point","coordinates":[-118.11573,34.222076]},"properties":{"family":"satellite_hotspots","acq_date":"2025-01-09","satellite":"NOAA 20","method":"VIIRS","frp_mw":43.757}},{"type":"Feature","geometry":{"type":"Point","coordinates":[-118.07491,34.231873]},"properties":{"family":"satellite_hotspots","acq_date":"2025-01-09","satellite":"NOAA 20","method":"VIIRS","frp_mw":30.554}},{"type":"Feature","geometry":{"type":"Point","coordinates":[-118.08329,34.230564]},"properties":{"family":"satellite_hotspots","acq_date":"2025-01-09","satellite":"NOAA 20","method":"VIIRS","frp_mw":37.373}},{"type":"Feature","geometry":{"type":"Point","coordinates":[-118.08746,34.229916]},"properties":{"family":"satellite_hotspots","acq_date":"2025-01-09","satellite":"NOAA 20","method":"VIIRS","frp_mw":21.677}},{"type":"Feature","geometry":{"type":"Point","coordinates":[-118.09159,34.229263]},"properties":{"family":"satellite_hotspots","acq_date":"2025-01-09","satellite":"NOAA 20","method":"VIIRS","frp_mw":21.677}},{"type":"Feature","geometry":{"type":"Point","coordinates":[-118.10391,34.227322]},"properties":{"family":"satellite_hotspots","acq_date":"2025-01-09","satellite":"NOAA 20","method":"VIIRS","frp_mw":20.832}},{"type":"Feature","geometry":{"type":"Point","coordinates":[-118.10809,34.226665]},"properties":{"family":"satellite_hotspots","acq_date":"2025-01-09","satellite":"NOAA 20","method":"VIIRS","frp_mw":20.832}},{"type":"Feature","geometry":{"type":"Point","coordinates":[-118.11227,34.226009]},"properties":{"family":"satellite_hotspots","acq_date":"2025-01-09","satellite":"NOAA 20","method":"VIIRS","frp_mw":43.757}},{"type":"Feature","geometry":{"type":"Point","coordinates":[-118.11647,34.225353]},"properties":{"family":"satellite_hotspots","acq_date":"2025-01-09","satellite":"NOAA 20","method":"VIIRS","frp_mw":43.757}},{"type":"Feature","geometry":{"type":"Point","coordinates":[-118.11375,34.232571]},"properties":{"family":"satellite_hotspots","acq_date":"2025-01-09","satellite":"NOAA 20","method":"VIIRS","frp_mw":337.284}},{"type":"Feature","geometry":{"type":"Point","coordinates":[-118.11796,34.231915]},"properties":{"family":"satellite_hotspots","acq_date":"2025-01-09","satellite":"NOAA 20","method":"VIIRS","frp_mw":337.284}},{"type":"Feature","geometry":{"type":"Point","coordinates":[-118.06538,34.203423]},"properties":{"family":"satellite_hotspots","acq_date":"2025-01-09","satellite":"NOAA 21","method":"VIIRS","frp_mw":6.723}},{"type":"Feature","geometry":{"type":"Point","coordinates":[-118.06919,34.203217]},"properties":{"family":"satellite_hotspots","acq_date":"2025-01-09","satellite":"NOAA 21","method":"VIIRS","frp_mw":6.723}},{"type":"Feature","geometry":{"type":"Point","coordinates":[-118.0728,34.203022]},"properties":{"family":"satellite_hotspots","acq_date":"2025-01-09","satellite":"NOAA 21","method":"VIIRS","frp_mw":12.694}},{"type":"Feature","geometry":{"type":"Point","coordinates":[-118.06702,34.20911]},"properties":{"family":"satellite_hotspots","acq_date":"2025-01-09","satellite":"NOAA 21","method":"VIIRS","frp_mw":6.723}},{"type":"Feature","geometry":{"type":"Point","coordinates":[-118.07033,34.208931]},"properties":{"family":"satellite_hotspots","acq_date":"2025-01-09","satellite":"NOAA 21","method":"VIIRS","frp_mw":6.723}},{"type":"Feature","geometry":{"type":"Point","coordinates":[-118.07365,34.208748]},"properties":{"family":"satellite_hotspots","acq_date":"2025-01-09","satellite":"NOAA 21","method":"VIIRS","frp_mw":12.694}},{"type":"Feature","geometry":{"type":"Point","coordinates":[-118.077,34.208569]},"properties":{"family":"satellite_hotspots","acq_date":"2025-01-09","satellite":"NOAA 21","method":"VIIRS","frp_mw":12.694}},{"type":"Feature","geometry":{"type":"Point","coordinates":[-118.08051,34.208378]},"properties":{"family":"satellite_hotspots","acq_date":"2025-01-09","satellite":"NOAA 21","method":"VIIRS","frp_mw":15.352}},{"type":"Feature","geometry":{"type":"Point","coordinates":[-118.06107,34.21521]},"properties":{"family":"satellite_hotspots","acq_date":"2025-01-09","satellite":"NOAA 21","method":"VIIRS","frp_mw":116.297}},{"type":"Feature","geometry":{"type":"Point","coordinates":[-118.06503,34.215]},"properties":{"family":"satellite_hotspots","acq_date":"2025-01-09","satellite":"NOAA 21","method":"VIIRS","frp_mw":116.297}},{"type":"Feature","geometry":{"type":"Point","coordinates":[-118.07144,34.214645]},"properties":{"family":"satellite_hotspots","acq_date":"2025-01-09","satellite":"NOAA 21","method":"VIIRS","frp_mw":195.317}},{"type":"Feature","geometry":{"type":"Point","coordinates":[-118.07456,34.214478]},"properties":{"family":"satellite_hotspots","acq_date":"2025-01-09","satellite":"NOAA 21","method":"VIIRS","frp_mw":27.324}},{"type":"Feature","geometry":{"type":"Point","coordinates":[-118.07781,34.214294]},"properties":{"family":"satellite_hotspots","acq_date":"2025-01-09","satellite":"NOAA 21","method":"VIIRS","frp_mw":27.324}},{"type":"Feature","geometry":{"type":"Point","coordinates":[-118.05813,34.221149]},"properties":{"family":"satellite_hotspots","acq_date":"2025-01-09","satellite":"NOAA 21","method":"VIIRS","frp_mw":37.288}},{"type":"Feature","geometry":{"type":"Point","coordinates":[-118.06288,34.220894]},"properties":{"family":"satellite_hotspots","acq_date":"2025-01-09","satellite":"NOAA 21","method":"VIIRS","frp_mw":116.297}},{"type":"Feature","geometry":{"type":"Point","coordinates":[-118.06988,34.220509]},"properties":{"family":"satellite_hotspots","acq_date":"2025-01-09","satellite":"NOAA 21","method":"VIIRS","frp_mw":195.317}},{"type":"Feature","geometry":{"type":"Point","coordinates":[-118.07622,34.220161]},"properties":{"family":"satellite_hotspots","acq_date":"2025-01-09","satellite":"NOAA 21","method":"VIIRS","frp_mw":27.324}},{"type":"Feature","geometry":{"type":"Point","coordinates":[-118.07959,34.219975]},"properties":{"family":"satellite_hotspots","acq_date":"2025-01-09","satellite":"NOAA 21","method":"VIIRS","frp_mw":27.324}},{"type":"Feature","geometry":{"type":"Point","coordinates":[-118.08343,34.219765]},"properties":{"family":"satellite_hotspots","acq_date":"2025-01-09","satellite":"NOAA 21","method":"VIIRS","frp_mw":13.2}},{"type":"Feature","geometry":{"type":"Point","coordinates":[-118.08804,34.219513]},"properties":{"family":"satellite_hotspots","acq_date":"2025-01-09","satellite":"NOAA 21","method":"VIIRS","frp_mw":13.2}},{"type":"Feature","geometry":{"type":"Point","coordinates":[-118.10035,34.218853]},"properties":{"family":"satellite_hotspots","acq_date":"2025-01-09","satellite":"NOAA 21","method":"VIIRS","frp_mw":8.923}},{"type":"Feature","geometry":{"type":"Point","coordinates":[-118.10553,34.218567]},"properties":{"family":"satellite_hotspots","acq_date":"2025-01-09","satellite":"NOAA 21","method":"VIIRS","frp_mw":7.312}},{"type":"Feature","geometry":{"type":"Point","coordinates":[-118.06451,34.226582]},"properties":{"family":"satellite_hotspots","acq_date":"2025-01-09","satellite":"NOAA 21","method":"VIIRS","frp_mw":17.449}},{"type":"Feature","geometry":{"type":"Point","coordinates":[-118.06848,34.226364]},"properties":{"family":"satellite_hotspots","acq_date":"2025-01-09","satellite":"NOAA 21","method":"VIIRS","frp_mw":17.449}},{"type":"Feature","geometry":{"type":"Point","coordinates":[-118.07209,34.226166]},"properties":{"family":"satellite_hotspots","acq_date":"2025-01-09","satellite":"NOAA 21","method":"VIIRS","frp_mw":29.357}},{"type":"Feature","geometry":{"type":"Point","coordinates":[-118.07524,34.225994]},"properties":{"family":"satellite_hotspots","acq_date":"2025-01-09","satellite":"NOAA 21","method":"VIIRS","frp_mw":29.357}},{"type":"Feature","geometry":{"type":"Point","coordinates":[-118.07854,34.225811]},"properties":{"family":"satellite_hotspots","acq_date":"2025-01-09","satellite":"NOAA 21","method":"VIIRS","frp_mw":24.562}},{"type":"Feature","geometry":{"type":"Point","coordinates":[-118.08214,34.225609]},"properties":{"family":"satellite_hotspots","acq_date":"2025-01-09","satellite":"NOAA 21","method":"VIIRS","frp_mw":24.562}},{"type":"Feature","geometry":{"type":"Point","coordinates":[-118.08627,34.225384]},"properties":{"family":"satellite_hotspots","acq_date":"2025-01-09","satellite":"NOAA 21","method":"VIIRS","frp_mw":16.333}},{"type":"Feature","geometry":{"type":"Point","coordinates":[-118.09121,34.225117]},"properties":{"family":"satellite_hotspots","acq_date":"2025-01-09","satellite":"NOAA 21","method":"VIIRS","frp_mw":16.333}},{"type":"Feature","geometry":{"type":"Point","coordinates":[-118.09713,34.224789]},"properties":{"family":"satellite_hotspots","acq_date":"2025-01-09","satellite":"NOAA 21","method":"VIIRS","frp_mw":34.358}},{"type":"Feature","geometry":{"type":"Point","coordinates":[-118.10339,34.224453]},"properties":{"family":"satellite_hotspots","acq_date":"2025-01-09","satellite":"NOAA 21","method":"VIIRS","frp_mw":34.358}},{"type":"Feature","geometry":{"type":"Point","coordinates":[-118.10802,34.224201]},"properties":{"family":"satellite_hotspots","acq_date":"2025-01-09","satellite":"NOAA 21","method":"VIIRS","frp_mw":140.832}},{"type":"Feature","geometry":{"type":"Point","coordinates":[-118.11204,34.223976]},"properties":{"family":"satellite_hotspots","acq_date":"2025-01-09","satellite":"NOAA 21","method":"VIIRS","frp_mw":140.832}},{"type":"Feature","geometry":{"type":"Point","coordinates":[-118.11584,34.223766]},"properties":{"family":"satellite_hotspots","acq_date":"2025-01-09","satellite":"NOAA 21","method":"VIIRS","frp_mw":73.107}},{"type":"Feature","geometry":{"type":"Point","coordinates":[-118.06871,34.232124]},"properties":{"family":"satellite_hotspots","acq_date":"2025-01-09","satellite":"NOAA 21","method":"VIIRS","frp_mw":17.449}},{"type":"Feature","geometry":{"type":"Point","coordinates":[-118.07291,34.231895]},"properties":{"family":"satellite_hotspots","acq_date":"2025-01-09","satellite":"NOAA 21","method":"VIIRS","frp_mw":29.357}},{"type":"Feature","geometry":{"type":"Point","coordinates":[-118.07676,34.231682]},"properties":{"family":"satellite_hotspots","acq_date":"2025-01-09","satellite":"NOAA 21","method":"VIIRS","frp_mw":29.357}},{"type":"Feature","geometry":{"type":"Point","coordinates":[-118.0807,34.231464]},"properties":{"family":"satellite_hotspots","acq_date":"2025-01-09","satellite":"NOAA 21","method":"VIIRS","frp_mw":24.562}},{"type":"Feature","geometry":{"type":"Point","coordinates":[-118.08495,34.231232]},"properties":{"family":"satellite_hotspots","acq_date":"2025-01-09","satellite":"NOAA 21","method":"VIIRS","frp_mw":24.562}},{"type":"Feature","geometry":{"type":"Point","coordinates":[-118.08955,34.23098]},"properties":{"family":"satellite_hotspots","acq_date":"2025-01-09","satellite":"NOAA 21","method":"VIIRS","frp_mw":16.333}},{"type":"Feature","geometry":{"type":"Point","coordinates":[-118.09449,34.230705]},"properties":{"family":"satellite_hotspots","acq_date":"2025-01-09","satellite":"NOAA 21","method":"VIIRS","frp_mw":16.333}},{"type":"Feature","geometry":{"type":"Point","coordinates":[-118.10072,34.230366]},"properties":{"family":"satellite_hotspots","acq_date":"2025-01-09","satellite":"NOAA 21","method":"VIIRS","frp_mw":34.358}},{"type":"Feature","geometry":{"type":"Point","coordinates":[-118.10595,34.23008]},"properties":{"family":"satellite_hotspots","acq_date":"2025-01-09","satellite":"NOAA 21","method":"VIIRS","frp_mw":34.358}},{"type":"Feature","geometry":{"type":"Point","coordinates":[-118.10979,34.229866]},"properties":{"family":"satellite_hotspots","acq_date":"2025-01-09","satellite":"NOAA 21","method":"VIIRS","frp_mw":140.832}},{"type":"Feature","geometry":{"type":"Point","coordinates":[-118.11331,34.229668]},"properties":{"family":"satellite_hotspots","acq_date":"2025-01-09","satellite":"NOAA 21","method":"VIIRS","frp_mw":140.832}},{"type":"Feature","geometry":{"type":"Point","coordinates":[-118.11681,34.229477]},"properties":{"family":"satellite_hotspots","acq_date":"2025-01-09","satellite":"NOAA 21","method":"VIIRS","frp_mw":73.107}},{"type":"Feature","geometry":{"type":"Point","coordinates":[-118.12031,34.229282]},"properties":{"family":"satellite_hotspots","acq_date":"2025-01-09","satellite":"NOAA 21","method":"VIIRS","frp_mw":73.107}},{"type":"Feature","geometry":{"type":"Point","coordinates":[-118.07736,34.237423]},"properties":{"family":"satellite_hotspots","acq_date":"2025-01-09","satellite":"NOAA 21","method":"VIIRS","frp_mw":3.866}},{"type":"Feature","geometry":{"type":"Point","coordinates":[-118.0826,34.237133]},"properties":{"family":"satellite_hotspots","acq_date":"2025-01-09","satellite":"NOAA 21","method":"VIIRS","frp_mw":5.075}},{"type":"Feature","geometry":{"type":"Point","coordinates":[-118.11041,34.235592]},"properties":{"family":"satellite_hotspots","acq_date":"2025-01-09","satellite":"NOAA 21","method":"VIIRS","frp_mw":97.543}},{"type":"Feature","geometry":{"type":"Point","coordinates":[-118.11409,34.235386]},"properties":{"family":"satellite_hotspots","acq_date":"2025-01-09","satellite":"NOAA 21","method":"VIIRS","frp_mw":97.543}},{"type":"Feature","geometry":{"type":"Point","coordinates":[-118.11782,34.23518]},"properties":{"family":"satellite_hotspots","acq_date":"2025-01-09","satellite":"NOAA 21","method":"VIIRS","frp_mw":145.799}},{"type":"Feature","geometry":{"type":"Point","coordinates":[-118.12047,34.24142]},"properties":{"family":"satellite_hotspots","acq_date":"2025-01-09","satellite":"GOES-EAST","method":"ANALYSIS","frp_mw":-999.0}},{"type":"Feature","geometry":{"type":"Point","coordinates":[-118.09547,34.24142]},"properties":{"family":"satellite_hotspots","acq_date":"2025-01-09","satellite":"GOES-EAST","method":"ANALYSIS","frp_mw":-999.0}},{"type":"Feature","geometry":{"type":"Point","coordinates":[-118.13847,34.28242]},"properties":{"family":"satellite_hotspots","acq_date":"2025-01-09","satellite":"GOES-EAST","method":"ANALYSIS","frp_mw":-999.0}},{"type":"Feature","geometry":{"type":"Point","coordinates":[-118.08047,34.24242]},"properties":{"family":"satellite_hotspots","acq_date":"2025-01-09","satellite":"GOES-EAST","method":"ANALYSIS","frp_mw":-999.0}},{"type":"Feature","geometry":{"type":"Point","coordinates":[-118.15947,34.23942]},"properties":{"family":"satellite_hotspots","acq_date":"2025-01-09","satellite":"GOES-EAST","method":"ANALYSIS","frp_mw":-999.0}},{"type":"Feature","geometry":{"type":"Point","coordinates":[-118.13847,34.24042]},"properties":{"family":"satellite_hotspots","acq_date":"2025-01-09","satellite":"GOES-EAST","method":"ANALYSIS","frp_mw":-999.0}}]}